2026-05-28 09:39:26 [restartedMain] INFO  com.apidesign.ApiDesignApplication - Starting ApiDesignApplication using Java 21.0.8 with PID 7512 (D:\DevZone\repository\springrepo\APIDesign\target\classes started by Cardinal in D:\DevZone\repository\springrepo\APIDesign)
2026-05-28 09:39:26 [restartedMain] DEBUG com.apidesign.ApiDesignApplication - Running with Spring Boot v3.3.0, Spring v6.1.8
2026-05-28 09:39:26 [restartedMain] INFO  com.apidesign.ApiDesignApplication - The following 1 profile is active: "local"
2026-05-28 09:39:26 [restartedMain] INFO  o.s.b.d.restart.ChangeableUrls - The Class-Path manifest attribute in C:\Users\Cardinal\.m2\repository\com\oracle\database\jdbc\ojdbc11\23.4.0.24.05\ojdbc11-23.4.0.24.05.jar referenced one or more files that do not exist: file:/C:/Users/Cardinal/.m2/repository/com/oracle/database/jdbc/ojdbc11/23.4.0.24.05/oraclepki.jar
2026-05-28 09:39:26 [restartedMain] INFO  o.s.b.d.e.DevToolsPropertyDefaultsPostProcessor - Devtools property defaults active! Set 'spring.devtools.add-properties' to 'false' to disable
2026-05-28 09:39:26 [restartedMain] INFO  o.s.b.d.e.DevToolsPropertyDefaultsPostProcessor - For additional web related logging consider setting the 'logging.level.web' property to 'DEBUG'
2026-05-28 09:39:27 [restartedMain] INFO  o.s.d.r.c.RepositoryConfigurationDelegate - Bootstrapping Spring Data JPA repositories in DEFAULT mode.
2026-05-28 09:39:27 [restartedMain] INFO  o.s.d.r.c.RepositoryConfigurationDelegate - Finished Spring Data repository scanning in 58 ms. Found 4 JPA repository interfaces.
2026-05-28 09:39:29 [restartedMain] INFO  o.s.b.w.e.tomcat.TomcatWebServer - Tomcat initialized with port 8080 (http)
2026-05-28 09:39:29 [restartedMain] INFO  o.a.catalina.core.StandardService - Starting service [Tomcat]
2026-05-28 09:39:29 [restartedMain] INFO  o.a.catalina.core.StandardEngine - Starting Servlet engine: [Apache Tomcat/10.1.24]
2026-05-28 09:39:29 [restartedMain] INFO  o.a.c.c.C.[.[localhost].[/api/v1] - Initializing Spring embedded WebApplicationContext
2026-05-28 09:39:29 [restartedMain] INFO  o.s.b.w.s.c.ServletWebServerApplicationContext - Root WebApplicationContext: initialization completed in 2171 ms
2026-05-28 09:39:29 [restartedMain] INFO  o.h.jpa.internal.util.LogHelper - HHH000204: Processing PersistenceUnitInfo [name: default]
2026-05-28 09:39:29 [restartedMain] INFO  org.hibernate.Version - HHH000412: Hibernate ORM core version 6.5.2.Final
2026-05-28 09:39:29 [restartedMain] INFO  o.h.c.i.RegionFactoryInitiator - HHH000026: Second-level cache disabled
2026-05-28 09:39:30 [restartedMain] INFO  o.s.o.j.p.SpringPersistenceUnitInfo - No LoadTimeWeaver setup: ignoring JPA class transformer
2026-05-28 09:39:30 [restartedMain] INFO  com.zaxxer.hikari.HikariDataSource - HikariPool-1 - Starting...
2026-05-28 09:39:30 [restartedMain] INFO  com.zaxxer.hikari.pool.HikariPool - HikariPool-1 - Added connection oracle.jdbc.driver.T4CConnection@1a85d6e9
2026-05-28 09:39:30 [restartedMain] INFO  com.zaxxer.hikari.HikariDataSource - HikariPool-1 - Start completed.
2026-05-28 09:39:31 [restartedMain] WARN  org.hibernate.orm.deprecation - HHH90000025: OracleDialect does not need to be specified explicitly using 'hibernate.dialect' (remove the property setting and it will be selected by default)
2026-05-28 09:39:32 [restartedMain] INFO  o.h.e.t.j.p.i.JtaPlatformInitiator - HHH000489: No JTA platform available (set 'hibernate.transaction.jta.platform' to enable JTA platform integration)
2026-05-28 09:39:32 [restartedMain] INFO  o.hibernate.orm.connections.access - HHH10001501: Connection obtained from JdbcConnectionAccess [org.hibernate.engine.jdbc.env.internal.JdbcEnvironmentInitiator$ConnectionProviderJdbcConnectionAccess@6e289187] for (non-JTA) DDL execution was not in auto-commit mode; the Connection 'local transaction' will be committed and the Connection will be set into auto-commit mode.
2026-05-28 09:39:33 [restartedMain] DEBUG org.hibernate.SQL - alter table if exists order_items add id number(19,0) not null
2026-05-28 09:39:33 [restartedMain] WARN  o.h.t.s.i.ExceptionHandlerLoggedImpl - GenerationTarget encountered exception accepting command : Error executing DDL "alter table if exists order_items add id number(19,0) not null" via JDBC [ORA-01758: table must be empty to add mandatory (NOT NULL) column

https://docs.oracle.com/error-help/db/ora-01758/]
org.hibernate.tool.schema.spi.CommandAcceptanceException: Error executing DDL "alter table if exists order_items add id number(19,0) not null" via JDBC [ORA-01758: table must be empty to add mandatory (NOT NULL) column

https://docs.oracle.com/error-help/db/ora-01758/]
	at org.hibernate.tool.schema.internal.exec.GenerationTargetToDatabase.accept(GenerationTargetToDatabase.java:94)
	at org.hibernate.tool.schema.internal.AbstractSchemaMigrator.applySqlString(AbstractSchemaMigrator.java:575)
	at org.hibernate.tool.schema.internal.AbstractSchemaMigrator.applySqlStrings(AbstractSchemaMigrator.java:515)
	at org.hibernate.tool.schema.internal.AbstractSchemaMigrator.migrateTable(AbstractSchemaMigrator.java:333)
	at org.hibernate.tool.schema.internal.GroupedSchemaMigratorImpl.performTablesMigration(GroupedSchemaMigratorImpl.java:84)
	at org.hibernate.tool.schema.internal.AbstractSchemaMigrator.performMigration(AbstractSchemaMigrator.java:232)
	at org.hibernate.tool.schema.internal.AbstractSchemaMigrator.doMigration(AbstractSchemaMigrator.java:117)
	at org.hibernate.tool.schema.spi.SchemaManagementToolCoordinator.performDatabaseAction(SchemaManagementToolCoordinator.java:280)
	at org.hibernate.tool.schema.spi.SchemaManagementToolCoordinator.lambda$process$5(SchemaManagementToolCoordinator.java:144)
	at java.base/java.util.HashMap.forEach(HashMap.java:1429)
	at org.hibernate.tool.schema.spi.SchemaManagementToolCoordinator.process(SchemaManagementToolCoordinator.java:141)
	at org.hibernate.boot.internal.SessionFactoryObserverForSchemaExport.sessionFactoryCreated(SessionFactoryObserverForSchemaExport.java:37)
	at org.hibernate.internal.SessionFactoryObserverChain.sessionFactoryCreated(SessionFactoryObserverChain.java:35)
	at org.hibernate.internal.SessionFactoryImpl.<init>(SessionFactoryImpl.java:322)
	at org.hibernate.boot.internal.SessionFactoryBuilderImpl.build(SessionFactoryBuilderImpl.java:457)
	at org.hibernate.jpa.boot.internal.EntityManagerFactoryBuilderImpl.build(EntityManagerFactoryBuilderImpl.java:1506)
	at org.springframework.orm.jpa.vendor.SpringHibernateJpaPersistenceProvider.createContainerEntityManagerFactory(SpringHibernateJpaPersistenceProvider.java:75)
	at org.springframework.orm.jpa.LocalContainerEntityManagerFactoryBean.createNativeEntityManagerFactory(LocalContainerEntityManagerFactoryBean.java:390)
	at org.springframework.orm.jpa.AbstractEntityManagerFactoryBean.buildNativeEntityManagerFactory(AbstractEntityManagerFactoryBean.java:409)
	at org.springframework.orm.jpa.AbstractEntityManagerFactoryBean.afterPropertiesSet(AbstractEntityManagerFactoryBean.java:396)
	at org.springframework.orm.jpa.LocalContainerEntityManagerFactoryBean.afterPropertiesSet(LocalContainerEntityManagerFactoryBean.java:366)
	at org.springframework.beans.factory.support.AbstractAutowireCapableBeanFactory.invokeInitMethods(AbstractAutowireCapableBeanFactory.java:1835)
	at org.springframework.beans.factory.support.AbstractAutowireCapableBeanFactory.initializeBean(AbstractAutowireCapableBeanFactory.java:1784)
	at org.springframework.beans.factory.support.AbstractAutowireCapableBeanFactory.doCreateBean(AbstractAutowireCapableBeanFactory.java:600)
	at org.springframework.beans.factory.support.AbstractAutowireCapableBeanFactory.createBean(AbstractAutowireCapableBeanFactory.java:522)
	at org.springframework.beans.factory.support.AbstractBeanFactory.lambda$doGetBean$0(AbstractBeanFactory.java:337)
	at org.springframework.beans.factory.support.DefaultSingletonBeanRegistry.getSingleton(DefaultSingletonBeanRegistry.java:234)
	at org.springframework.beans.factory.support.AbstractBeanFactory.doGetBean(AbstractBeanFactory.java:335)
	at org.springframework.beans.factory.support.AbstractBeanFactory.getBean(AbstractBeanFactory.java:205)
	at org.springframework.context.support.AbstractApplicationContext.finishBeanFactoryInitialization(AbstractApplicationContext.java:952)
	at org.springframework.context.support.AbstractApplicationContext.refresh(AbstractApplicationContext.java:624)
	at org.springframework.boot.web.servlet.context.ServletWebServerApplicationContext.refresh(ServletWebServerApplicationContext.java:146)
	at org.springframework.boot.SpringApplication.refresh(SpringApplication.java:754)
	at org.springframework.boot.SpringApplication.refreshContext(SpringApplication.java:456)
	at org.springframework.boot.SpringApplication.run(SpringApplication.java:335)
	at org.springframework.boot.SpringApplication.run(SpringApplication.java:1363)
	at org.springframework.boot.SpringApplication.run(SpringApplication.java:1352)
	at com.apidesign.ApiDesignApplication.main(ApiDesignApplication.java:26)
	at java.base/jdk.internal.reflect.DirectMethodHandleAccessor.invoke(DirectMethodHandleAccessor.java:103)
	at java.base/java.lang.reflect.Method.invoke(Method.java:580)
	at org.springframework.boot.devtools.restart.RestartLauncher.run(RestartLauncher.java:50)
Caused by: java.sql.SQLSyntaxErrorException: ORA-01758: table must be empty to add mandatory (NOT NULL) column

https://docs.oracle.com/error-help/db/ora-01758/
	at oracle.jdbc.driver.T4CTTIoer11.processError(T4CTTIoer11.java:709)
	at oracle.jdbc.driver.T4CTTIoer11.processError(T4CTTIoer11.java:609)
	at oracle.jdbc.driver.T4C8Oall.processError(T4C8Oall.java:1347)
	at oracle.jdbc.driver.T4CTTIfun.receive(T4CTTIfun.java:1101)
	at oracle.jdbc.driver.T4CTTIfun.doRPC(T4CTTIfun.java:409)
	at oracle.jdbc.driver.T4C8Oall.doOALL(T4C8Oall.java:499)
	at oracle.jdbc.driver.T4CStatement.doOall8(T4CStatement.java:190)
	at oracle.jdbc.driver.T4CStatement.executeForRows(T4CStatement.java:1384)
	at oracle.jdbc.driver.OracleStatement.executeSQLStatement(OracleStatement.java:1995)
	at oracle.jdbc.driver.OracleStatement.doExecuteWithTimeout(OracleStatement.java:1608)
	at oracle.jdbc.driver.OracleStatement.executeInternal(OracleStatement.java:2673)
	at oracle.jdbc.driver.OracleStatement.execute(OracleStatement.java:2622)
	at oracle.jdbc.driver.OracleStatementWrapper.execute(OracleStatementWrapper.java:336)
	at com.zaxxer.hikari.pool.ProxyStatement.execute(ProxyStatement.java:94)
	at com.zaxxer.hikari.pool.HikariProxyStatement.execute(HikariProxyStatement.java)
	at org.hibernate.tool.schema.internal.exec.GenerationTargetToDatabase.accept(GenerationTargetToDatabase.java:80)
	... 40 common frames omitted
Caused by: oracle.jdbc.OracleDatabaseException: ORA-01758: table must be empty to add mandatory (NOT NULL) column

	at oracle.jdbc.driver.T4CTTIoer11.processError(T4CTTIoer11.java:717)
	... 55 common frames omitted
2026-05-28 09:39:34 [restartedMain] DEBUG org.hibernate.SQL - alter table if exists order_items add created_at timestamp(6) not null
2026-05-28 09:39:34 [restartedMain] WARN  o.h.t.s.i.ExceptionHandlerLoggedImpl - GenerationTarget encountered exception accepting command : Error executing DDL "alter table if exists order_items add created_at timestamp(6) not null" via JDBC [ORA-01758: table must be empty to add mandatory (NOT NULL) column

https://docs.oracle.com/error-help/db/ora-01758/]
org.hibernate.tool.schema.spi.CommandAcceptanceException: Error executing DDL "alter table if exists order_items add created_at timestamp(6) not null" via JDBC [ORA-01758: table must be empty to add mandatory (NOT NULL) column

https://docs.oracle.com/error-help/db/ora-01758/]
	at org.hibernate.tool.schema.internal.exec.GenerationTargetToDatabase.accept(GenerationTargetToDatabase.java:94)
	at org.hibernate.tool.schema.internal.AbstractSchemaMigrator.applySqlString(AbstractSchemaMigrator.java:575)
	at org.hibernate.tool.schema.internal.AbstractSchemaMigrator.applySqlStrings(AbstractSchemaMigrator.java:515)
	at org.hibernate.tool.schema.internal.AbstractSchemaMigrator.migrateTable(AbstractSchemaMigrator.java:333)
	at org.hibernate.tool.schema.internal.GroupedSchemaMigratorImpl.performTablesMigration(GroupedSchemaMigratorImpl.java:84)
	at org.hibernate.tool.schema.internal.AbstractSchemaMigrator.performMigration(AbstractSchemaMigrator.java:232)
	at org.hibernate.tool.schema.internal.AbstractSchemaMigrator.doMigration(AbstractSchemaMigrator.java:117)
	at org.hibernate.tool.schema.spi.SchemaManagementToolCoordinator.performDatabaseAction(SchemaManagementToolCoordinator.java:280)
	at org.hibernate.tool.schema.spi.SchemaManagementToolCoordinator.lambda$process$5(SchemaManagementToolCoordinator.java:144)
	at java.base/java.util.HashMap.forEach(HashMap.java:1429)
	at org.hibernate.tool.schema.spi.SchemaManagementToolCoordinator.process(SchemaManagementToolCoordinator.java:141)
	at org.hibernate.boot.internal.SessionFactoryObserverForSchemaExport.sessionFactoryCreated(SessionFactoryObserverForSchemaExport.java:37)
	at org.hibernate.internal.SessionFactoryObserverChain.sessionFactoryCreated(SessionFactoryObserverChain.java:35)
	at org.hibernate.internal.SessionFactoryImpl.<init>(SessionFactoryImpl.java:322)
	at org.hibernate.boot.internal.SessionFactoryBuilderImpl.build(SessionFactoryBuilderImpl.java:457)
	at org.hibernate.jpa.boot.internal.EntityManagerFactoryBuilderImpl.build(EntityManagerFactoryBuilderImpl.java:1506)
	at org.springframework.orm.jpa.vendor.SpringHibernateJpaPersistenceProvider.createContainerEntityManagerFactory(SpringHibernateJpaPersistenceProvider.java:75)
	at org.springframework.orm.jpa.LocalContainerEntityManagerFactoryBean.createNativeEntityManagerFactory(LocalContainerEntityManagerFactoryBean.java:390)
	at org.springframework.orm.jpa.AbstractEntityManagerFactoryBean.buildNativeEntityManagerFactory(AbstractEntityManagerFactoryBean.java:409)
	at org.springframework.orm.jpa.AbstractEntityManagerFactoryBean.afterPropertiesSet(AbstractEntityManagerFactoryBean.java:396)
	at org.springframework.orm.jpa.LocalContainerEntityManagerFactoryBean.afterPropertiesSet(LocalContainerEntityManagerFactoryBean.java:366)
	at org.springframework.beans.factory.support.AbstractAutowireCapableBeanFactory.invokeInitMethods(AbstractAutowireCapableBeanFactory.java:1835)
	at org.springframework.beans.factory.support.AbstractAutowireCapableBeanFactory.initializeBean(AbstractAutowireCapableBeanFactory.java:1784)
	at org.springframework.beans.factory.support.AbstractAutowireCapableBeanFactory.doCreateBean(AbstractAutowireCapableBeanFactory.java:600)
	at org.springframework.beans.factory.support.AbstractAutowireCapableBeanFactory.createBean(AbstractAutowireCapableBeanFactory.java:522)
	at org.springframework.beans.factory.support.AbstractBeanFactory.lambda$doGetBean$0(AbstractBeanFactory.java:337)
	at org.springframework.beans.factory.support.DefaultSingletonBeanRegistry.getSingleton(DefaultSingletonBeanRegistry.java:234)
	at org.springframework.beans.factory.support.AbstractBeanFactory.doGetBean(AbstractBeanFactory.java:335)
	at org.springframework.beans.factory.support.AbstractBeanFactory.getBean(AbstractBeanFactory.java:205)
	at org.springframework.context.support.AbstractApplicationContext.finishBeanFactoryInitialization(AbstractApplicationContext.java:952)
	at org.springframework.context.support.AbstractApplicationContext.refresh(AbstractApplicationContext.java:624)
	at org.springframework.boot.web.servlet.context.ServletWebServerApplicationContext.refresh(ServletWebServerApplicationContext.java:146)
	at org.springframework.boot.SpringApplication.refresh(SpringApplication.java:754)
	at org.springframework.boot.SpringApplication.refreshContext(SpringApplication.java:456)
	at org.springframework.boot.SpringApplication.run(SpringApplication.java:335)
	at org.springframework.boot.SpringApplication.run(SpringApplication.java:1363)
	at org.springframework.boot.SpringApplication.run(SpringApplication.java:1352)
	at com.apidesign.ApiDesignApplication.main(ApiDesignApplication.java:26)
	at java.base/jdk.internal.reflect.DirectMethodHandleAccessor.invoke(DirectMethodHandleAccessor.java:103)
	at java.base/java.lang.reflect.Method.invoke(Method.java:580)
	at org.springframework.boot.devtools.restart.RestartLauncher.run(RestartLauncher.java:50)
Caused by: java.sql.SQLSyntaxErrorException: ORA-01758: table must be empty to add mandatory (NOT NULL) column

https://docs.oracle.com/error-help/db/ora-01758/
	at oracle.jdbc.driver.T4CTTIoer11.processError(T4CTTIoer11.java:709)
	at oracle.jdbc.driver.T4CTTIoer11.processError(T4CTTIoer11.java:609)
	at oracle.jdbc.driver.T4C8Oall.processError(T4C8Oall.java:1347)
	at oracle.jdbc.driver.T4CTTIfun.receive(T4CTTIfun.java:1101)
	at oracle.jdbc.driver.T4CTTIfun.doRPC(T4CTTIfun.java:409)
	at oracle.jdbc.driver.T4C8Oall.doOALL(T4C8Oall.java:499)
	at oracle.jdbc.driver.T4CStatement.doOall8(T4CStatement.java:190)
	at oracle.jdbc.driver.T4CStatement.executeForRows(T4CStatement.java:1384)
	at oracle.jdbc.driver.OracleStatement.executeSQLStatement(OracleStatement.java:1995)
	at oracle.jdbc.driver.OracleStatement.doExecuteWithTimeout(OracleStatement.java:1608)
	at oracle.jdbc.driver.OracleStatement.executeInternal(OracleStatement.java:2673)
	at oracle.jdbc.driver.OracleStatement.execute(OracleStatement.java:2622)
	at oracle.jdbc.driver.OracleStatementWrapper.execute(OracleStatementWrapper.java:336)
	at com.zaxxer.hikari.pool.ProxyStatement.execute(ProxyStatement.java:94)
	at com.zaxxer.hikari.pool.HikariProxyStatement.execute(HikariProxyStatement.java)
	at org.hibernate.tool.schema.internal.exec.GenerationTargetToDatabase.accept(GenerationTargetToDatabase.java:80)
	... 40 common frames omitted
Caused by: oracle.jdbc.OracleDatabaseException: ORA-01758: table must be empty to add mandatory (NOT NULL) column

	at oracle.jdbc.driver.T4CTTIoer11.processError(T4CTTIoer11.java:717)
	... 55 common frames omitted
2026-05-28 09:39:34 [restartedMain] DEBUG org.hibernate.SQL - alter table if exists order_items add product_name varchar2(100 char) not null
2026-05-28 09:39:34 [restartedMain] WARN  o.h.t.s.i.ExceptionHandlerLoggedImpl - GenerationTarget encountered exception accepting command : Error executing DDL "alter table if exists order_items add product_name varchar2(100 char) not null" via JDBC [ORA-01758: table must be empty to add mandatory (NOT NULL) column

https://docs.oracle.com/error-help/db/ora-01758/]
org.hibernate.tool.schema.spi.CommandAcceptanceException: Error executing DDL "alter table if exists order_items add product_name varchar2(100 char) not null" via JDBC [ORA-01758: table must be empty to add mandatory (NOT NULL) column

https://docs.oracle.com/error-help/db/ora-01758/]
	at org.hibernate.tool.schema.internal.exec.GenerationTargetToDatabase.accept(GenerationTargetToDatabase.java:94)
	at org.hibernate.tool.schema.internal.AbstractSchemaMigrator.applySqlString(AbstractSchemaMigrator.java:575)
	at org.hibernate.tool.schema.internal.AbstractSchemaMigrator.applySqlStrings(AbstractSchemaMigrator.java:515)
	at org.hibernate.tool.schema.internal.AbstractSchemaMigrator.migrateTable(AbstractSchemaMigrator.java:333)
	at org.hibernate.tool.schema.internal.GroupedSchemaMigratorImpl.performTablesMigration(GroupedSchemaMigratorImpl.java:84)
	at org.hibernate.tool.schema.internal.AbstractSchemaMigrator.performMigration(AbstractSchemaMigrator.java:232)
	at org.hibernate.tool.schema.internal.AbstractSchemaMigrator.doMigration(AbstractSchemaMigrator.java:117)
	at org.hibernate.tool.schema.spi.SchemaManagementToolCoordinator.performDatabaseAction(SchemaManagementToolCoordinator.java:280)
	at org.hibernate.tool.schema.spi.SchemaManagementToolCoordinator.lambda$process$5(SchemaManagementToolCoordinator.java:144)
	at java.base/java.util.HashMap.forEach(HashMap.java:1429)
	at org.hibernate.tool.schema.spi.SchemaManagementToolCoordinator.process(SchemaManagementToolCoordinator.java:141)
	at org.hibernate.boot.internal.SessionFactoryObserverForSchemaExport.sessionFactoryCreated(SessionFactoryObserverForSchemaExport.java:37)
	at org.hibernate.internal.SessionFactoryObserverChain.sessionFactoryCreated(SessionFactoryObserverChain.java:35)
	at org.hibernate.internal.SessionFactoryImpl.<init>(SessionFactoryImpl.java:322)
	at org.hibernate.boot.internal.SessionFactoryBuilderImpl.build(SessionFactoryBuilderImpl.java:457)
	at org.hibernate.jpa.boot.internal.EntityManagerFactoryBuilderImpl.build(EntityManagerFactoryBuilderImpl.java:1506)
	at org.springframework.orm.jpa.vendor.SpringHibernateJpaPersistenceProvider.createContainerEntityManagerFactory(SpringHibernateJpaPersistenceProvider.java:75)
	at org.springframework.orm.jpa.LocalContainerEntityManagerFactoryBean.createNativeEntityManagerFactory(LocalContainerEntityManagerFactoryBean.java:390)
	at org.springframework.orm.jpa.AbstractEntityManagerFactoryBean.buildNativeEntityManagerFactory(AbstractEntityManagerFactoryBean.java:409)
	at org.springframework.orm.jpa.AbstractEntityManagerFactoryBean.afterPropertiesSet(AbstractEntityManagerFactoryBean.java:396)
	at org.springframework.orm.jpa.LocalContainerEntityManagerFactoryBean.afterPropertiesSet(LocalContainerEntityManagerFactoryBean.java:366)
	at org.springframework.beans.factory.support.AbstractAutowireCapableBeanFactory.invokeInitMethods(AbstractAutowireCapableBeanFactory.java:1835)
	at org.springframework.beans.factory.support.AbstractAutowireCapableBeanFactory.initializeBean(AbstractAutowireCapableBeanFactory.java:1784)
	at org.springframework.beans.factory.support.AbstractAutowireCapableBeanFactory.doCreateBean(AbstractAutowireCapableBeanFactory.java:600)
	at org.springframework.beans.factory.support.AbstractAutowireCapableBeanFactory.createBean(AbstractAutowireCapableBeanFactory.java:522)
	at org.springframework.beans.factory.support.AbstractBeanFactory.lambda$doGetBean$0(AbstractBeanFactory.java:337)
	at org.springframework.beans.factory.support.DefaultSingletonBeanRegistry.getSingleton(DefaultSingletonBeanRegistry.java:234)
	at org.springframework.beans.factory.support.AbstractBeanFactory.doGetBean(AbstractBeanFactory.java:335)
	at org.springframework.beans.factory.support.AbstractBeanFactory.getBean(AbstractBeanFactory.java:205)
	at org.springframework.context.support.AbstractApplicationContext.finishBeanFactoryInitialization(AbstractApplicationContext.java:952)
	at org.springframework.context.support.AbstractApplicationContext.refresh(AbstractApplicationContext.java:624)
	at org.springframework.boot.web.servlet.context.ServletWebServerApplicationContext.refresh(ServletWebServerApplicationContext.java:146)
	at org.springframework.boot.SpringApplication.refresh(SpringApplication.java:754)
	at org.springframework.boot.SpringApplication.refreshContext(SpringApplication.java:456)
	at org.springframework.boot.SpringApplication.run(SpringApplication.java:335)
	at org.springframework.boot.SpringApplication.run(SpringApplication.java:1363)
	at org.springframework.boot.SpringApplication.run(SpringApplication.java:1352)
	at com.apidesign.ApiDesignApplication.main(ApiDesignApplication.java:26)
	at java.base/jdk.internal.reflect.DirectMethodHandleAccessor.invoke(DirectMethodHandleAccessor.java:103)
	at java.base/java.lang.reflect.Method.invoke(Method.java:580)
	at org.springframework.boot.devtools.restart.RestartLauncher.run(RestartLauncher.java:50)
Caused by: java.sql.SQLSyntaxErrorException: ORA-01758: table must be empty to add mandatory (NOT NULL) column

https://docs.oracle.com/error-help/db/ora-01758/
	at oracle.jdbc.driver.T4CTTIoer11.processError(T4CTTIoer11.java:709)
	at oracle.jdbc.driver.T4CTTIoer11.processError(T4CTTIoer11.java:609)
	at oracle.jdbc.driver.T4C8Oall.processError(T4C8Oall.java:1347)
	at oracle.jdbc.driver.T4CTTIfun.receive(T4CTTIfun.java:1101)
	at oracle.jdbc.driver.T4CTTIfun.doRPC(T4CTTIfun.java:409)
	at oracle.jdbc.driver.T4C8Oall.doOALL(T4C8Oall.java:499)
	at oracle.jdbc.driver.T4CStatement.doOall8(T4CStatement.java:190)
	at oracle.jdbc.driver.T4CStatement.executeForRows(T4CStatement.java:1384)
	at oracle.jdbc.driver.OracleStatement.executeSQLStatement(OracleStatement.java:1995)
	at oracle.jdbc.driver.OracleStatement.doExecuteWithTimeout(OracleStatement.java:1608)
	at oracle.jdbc.driver.OracleStatement.executeInternal(OracleStatement.java:2673)
	at oracle.jdbc.driver.OracleStatement.execute(OracleStatement.java:2622)
	at oracle.jdbc.driver.OracleStatementWrapper.execute(OracleStatementWrapper.java:336)
	at com.zaxxer.hikari.pool.ProxyStatement.execute(ProxyStatement.java:94)
	at com.zaxxer.hikari.pool.HikariProxyStatement.execute(HikariProxyStatement.java)
	at org.hibernate.tool.schema.internal.exec.GenerationTargetToDatabase.accept(GenerationTargetToDatabase.java:80)
	... 40 common frames omitted
Caused by: oracle.jdbc.OracleDatabaseException: ORA-01758: table must be empty to add mandatory (NOT NULL) column

	at oracle.jdbc.driver.T4CTTIoer11.processError(T4CTTIoer11.java:717)
	... 55 common frames omitted
2026-05-28 09:39:34 [restartedMain] DEBUG org.hibernate.SQL - alter table if exists order_items add product_sku varchar2(50 char) not null
2026-05-28 09:39:34 [restartedMain] WARN  o.h.t.s.i.ExceptionHandlerLoggedImpl - GenerationTarget encountered exception accepting command : Error executing DDL "alter table if exists order_items add product_sku varchar2(50 char) not null" via JDBC [ORA-01758: table must be empty to add mandatory (NOT NULL) column

https://docs.oracle.com/error-help/db/ora-01758/]
org.hibernate.tool.schema.spi.CommandAcceptanceException: Error executing DDL "alter table if exists order_items add product_sku varchar2(50 char) not null" via JDBC [ORA-01758: table must be empty to add mandatory (NOT NULL) column

https://docs.oracle.com/error-help/db/ora-01758/]
	at org.hibernate.tool.schema.internal.exec.GenerationTargetToDatabase.accept(GenerationTargetToDatabase.java:94)
	at org.hibernate.tool.schema.internal.AbstractSchemaMigrator.applySqlString(AbstractSchemaMigrator.java:575)
	at org.hibernate.tool.schema.internal.AbstractSchemaMigrator.applySqlStrings(AbstractSchemaMigrator.java:515)
	at org.hibernate.tool.schema.internal.AbstractSchemaMigrator.migrateTable(AbstractSchemaMigrator.java:333)
	at org.hibernate.tool.schema.internal.GroupedSchemaMigratorImpl.performTablesMigration(GroupedSchemaMigratorImpl.java:84)
	at org.hibernate.tool.schema.internal.AbstractSchemaMigrator.performMigration(AbstractSchemaMigrator.java:232)
	at org.hibernate.tool.schema.internal.AbstractSchemaMigrator.doMigration(AbstractSchemaMigrator.java:117)
	at org.hibernate.tool.schema.spi.SchemaManagementToolCoordinator.performDatabaseAction(SchemaManagementToolCoordinator.java:280)
	at org.hibernate.tool.schema.spi.SchemaManagementToolCoordinator.lambda$process$5(SchemaManagementToolCoordinator.java:144)
	at java.base/java.util.HashMap.forEach(HashMap.java:1429)
	at org.hibernate.tool.schema.spi.SchemaManagementToolCoordinator.process(SchemaManagementToolCoordinator.java:141)
	at org.hibernate.boot.internal.SessionFactoryObserverForSchemaExport.sessionFactoryCreated(SessionFactoryObserverForSchemaExport.java:37)
	at org.hibernate.internal.SessionFactoryObserverChain.sessionFactoryCreated(SessionFactoryObserverChain.java:35)
	at org.hibernate.internal.SessionFactoryImpl.<init>(SessionFactoryImpl.java:322)
	at org.hibernate.boot.internal.SessionFactoryBuilderImpl.build(SessionFactoryBuilderImpl.java:457)
	at org.hibernate.jpa.boot.internal.EntityManagerFactoryBuilderImpl.build(EntityManagerFactoryBuilderImpl.java:1506)
	at org.springframework.orm.jpa.vendor.SpringHibernateJpaPersistenceProvider.createContainerEntityManagerFactory(SpringHibernateJpaPersistenceProvider.java:75)
	at org.springframework.orm.jpa.LocalContainerEntityManagerFactoryBean.createNativeEntityManagerFactory(LocalContainerEntityManagerFactoryBean.java:390)
	at org.springframework.orm.jpa.AbstractEntityManagerFactoryBean.buildNativeEntityManagerFactory(AbstractEntityManagerFactoryBean.java:409)
	at org.springframework.orm.jpa.AbstractEntityManagerFactoryBean.afterPropertiesSet(AbstractEntityManagerFactoryBean.java:396)
	at org.springframework.orm.jpa.LocalContainerEntityManagerFactoryBean.afterPropertiesSet(LocalContainerEntityManagerFactoryBean.java:366)
	at org.springframework.beans.factory.support.AbstractAutowireCapableBeanFactory.invokeInitMethods(AbstractAutowireCapableBeanFactory.java:1835)
	at org.springframework.beans.factory.support.AbstractAutowireCapableBeanFactory.initializeBean(AbstractAutowireCapableBeanFactory.java:1784)
	at org.springframework.beans.factory.support.AbstractAutowireCapableBeanFactory.doCreateBean(AbstractAutowireCapableBeanFactory.java:600)
	at org.springframework.beans.factory.support.AbstractAutowireCapableBeanFactory.createBean(AbstractAutowireCapableBeanFactory.java:522)
	at org.springframework.beans.factory.support.AbstractBeanFactory.lambda$doGetBean$0(AbstractBeanFactory.java:337)
	at org.springframework.beans.factory.support.DefaultSingletonBeanRegistry.getSingleton(DefaultSingletonBeanRegistry.java:234)
	at org.springframework.beans.factory.support.AbstractBeanFactory.doGetBean(AbstractBeanFactory.java:335)
	at org.springframework.beans.factory.support.AbstractBeanFactory.getBean(AbstractBeanFactory.java:205)
	at org.springframework.context.support.AbstractApplicationContext.finishBeanFactoryInitialization(AbstractApplicationContext.java:952)
	at org.springframework.context.support.AbstractApplicationContext.refresh(AbstractApplicationContext.java:624)
	at org.springframework.boot.web.servlet.context.ServletWebServerApplicationContext.refresh(ServletWebServerApplicationContext.java:146)
	at org.springframework.boot.SpringApplication.refresh(SpringApplication.java:754)
	at org.springframework.boot.SpringApplication.refreshContext(SpringApplication.java:456)
	at org.springframework.boot.SpringApplication.run(SpringApplication.java:335)
	at org.springframework.boot.SpringApplication.run(SpringApplication.java:1363)
	at org.springframework.boot.SpringApplication.run(SpringApplication.java:1352)
	at com.apidesign.ApiDesignApplication.main(ApiDesignApplication.java:26)
	at java.base/jdk.internal.reflect.DirectMethodHandleAccessor.invoke(DirectMethodHandleAccessor.java:103)
	at java.base/java.lang.reflect.Method.invoke(Method.java:580)
	at org.springframework.boot.devtools.restart.RestartLauncher.run(RestartLauncher.java:50)
Caused by: java.sql.SQLSyntaxErrorException: ORA-01758: table must be empty to add mandatory (NOT NULL) column

https://docs.oracle.com/error-help/db/ora-01758/
	at oracle.jdbc.driver.T4CTTIoer11.processError(T4CTTIoer11.java:709)
	at oracle.jdbc.driver.T4CTTIoer11.processError(T4CTTIoer11.java:609)
	at oracle.jdbc.driver.T4C8Oall.processError(T4C8Oall.java:1347)
	at oracle.jdbc.driver.T4CTTIfun.receive(T4CTTIfun.java:1101)
	at oracle.jdbc.driver.T4CTTIfun.doRPC(T4CTTIfun.java:409)
	at oracle.jdbc.driver.T4C8Oall.doOALL(T4C8Oall.java:499)
	at oracle.jdbc.driver.T4CStatement.doOall8(T4CStatement.java:190)
	at oracle.jdbc.driver.T4CStatement.executeForRows(T4CStatement.java:1384)
	at oracle.jdbc.driver.OracleStatement.executeSQLStatement(OracleStatement.java:1995)
	at oracle.jdbc.driver.OracleStatement.doExecuteWithTimeout(OracleStatement.java:1608)
	at oracle.jdbc.driver.OracleStatement.executeInternal(OracleStatement.java:2673)
	at oracle.jdbc.driver.OracleStatement.execute(OracleStatement.java:2622)
	at oracle.jdbc.driver.OracleStatementWrapper.execute(OracleStatementWrapper.java:336)
	at com.zaxxer.hikari.pool.ProxyStatement.execute(ProxyStatement.java:94)
	at com.zaxxer.hikari.pool.HikariProxyStatement.execute(HikariProxyStatement.java)
	at org.hibernate.tool.schema.internal.exec.GenerationTargetToDatabase.accept(GenerationTargetToDatabase.java:80)
	... 40 common frames omitted
Caused by: oracle.jdbc.OracleDatabaseException: ORA-01758: table must be empty to add mandatory (NOT NULL) column

	at oracle.jdbc.driver.T4CTTIoer11.processError(T4CTTIoer11.java:717)
	... 55 common frames omitted
2026-05-28 09:39:34 [restartedMain] DEBUG org.hibernate.SQL - alter table if exists orders add id number(19,0) not null
2026-05-28 09:39:34 [restartedMain] WARN  o.h.t.s.i.ExceptionHandlerLoggedImpl - GenerationTarget encountered exception accepting command : Error executing DDL "alter table if exists orders add id number(19,0) not null" via JDBC [ORA-01758: table must be empty to add mandatory (NOT NULL) column

https://docs.oracle.com/error-help/db/ora-01758/]
org.hibernate.tool.schema.spi.CommandAcceptanceException: Error executing DDL "alter table if exists orders add id number(19,0) not null" via JDBC [ORA-01758: table must be empty to add mandatory (NOT NULL) column

https://docs.oracle.com/error-help/db/ora-01758/]
	at org.hibernate.tool.schema.internal.exec.GenerationTargetToDatabase.accept(GenerationTargetToDatabase.java:94)
	at org.hibernate.tool.schema.internal.AbstractSchemaMigrator.applySqlString(AbstractSchemaMigrator.java:575)
	at org.hibernate.tool.schema.internal.AbstractSchemaMigrator.applySqlStrings(AbstractSchemaMigrator.java:515)
	at org.hibernate.tool.schema.internal.AbstractSchemaMigrator.migrateTable(AbstractSchemaMigrator.java:333)
	at org.hibernate.tool.schema.internal.GroupedSchemaMigratorImpl.performTablesMigration(GroupedSchemaMigratorImpl.java:84)
	at org.hibernate.tool.schema.internal.AbstractSchemaMigrator.performMigration(AbstractSchemaMigrator.java:232)
	at org.hibernate.tool.schema.internal.AbstractSchemaMigrator.doMigration(AbstractSchemaMigrator.java:117)
	at org.hibernate.tool.schema.spi.SchemaManagementToolCoordinator.performDatabaseAction(SchemaManagementToolCoordinator.java:280)
	at org.hibernate.tool.schema.spi.SchemaManagementToolCoordinator.lambda$process$5(SchemaManagementToolCoordinator.java:144)
	at java.base/java.util.HashMap.forEach(HashMap.java:1429)
	at org.hibernate.tool.schema.spi.SchemaManagementToolCoordinator.process(SchemaManagementToolCoordinator.java:141)
	at org.hibernate.boot.internal.SessionFactoryObserverForSchemaExport.sessionFactoryCreated(SessionFactoryObserverForSchemaExport.java:37)
	at org.hibernate.internal.SessionFactoryObserverChain.sessionFactoryCreated(SessionFactoryObserverChain.java:35)
	at org.hibernate.internal.SessionFactoryImpl.<init>(SessionFactoryImpl.java:322)
	at org.hibernate.boot.internal.SessionFactoryBuilderImpl.build(SessionFactoryBuilderImpl.java:457)
	at org.hibernate.jpa.boot.internal.EntityManagerFactoryBuilderImpl.build(EntityManagerFactoryBuilderImpl.java:1506)
	at org.springframework.orm.jpa.vendor.SpringHibernateJpaPersistenceProvider.createContainerEntityManagerFactory(SpringHibernateJpaPersistenceProvider.java:75)
	at org.springframework.orm.jpa.LocalContainerEntityManagerFactoryBean.createNativeEntityManagerFactory(LocalContainerEntityManagerFactoryBean.java:390)
	at org.springframework.orm.jpa.AbstractEntityManagerFactoryBean.buildNativeEntityManagerFactory(AbstractEntityManagerFactoryBean.java:409)
	at org.springframework.orm.jpa.AbstractEntityManagerFactoryBean.afterPropertiesSet(AbstractEntityManagerFactoryBean.java:396)
	at org.springframework.orm.jpa.LocalContainerEntityManagerFactoryBean.afterPropertiesSet(LocalContainerEntityManagerFactoryBean.java:366)
	at org.springframework.beans.factory.support.AbstractAutowireCapableBeanFactory.invokeInitMethods(AbstractAutowireCapableBeanFactory.java:1835)
	at org.springframework.beans.factory.support.AbstractAutowireCapableBeanFactory.initializeBean(AbstractAutowireCapableBeanFactory.java:1784)
	at org.springframework.beans.factory.support.AbstractAutowireCapableBeanFactory.doCreateBean(AbstractAutowireCapableBeanFactory.java:600)
	at org.springframework.beans.factory.support.AbstractAutowireCapableBeanFactory.createBean(AbstractAutowireCapableBeanFactory.java:522)
	at org.springframework.beans.factory.support.AbstractBeanFactory.lambda$doGetBean$0(AbstractBeanFactory.java:337)
	at org.springframework.beans.factory.support.DefaultSingletonBeanRegistry.getSingleton(DefaultSingletonBeanRegistry.java:234)
	at org.springframework.beans.factory.support.AbstractBeanFactory.doGetBean(AbstractBeanFactory.java:335)
	at org.springframework.beans.factory.support.AbstractBeanFactory.getBean(AbstractBeanFactory.java:205)
	at org.springframework.context.support.AbstractApplicationContext.finishBeanFactoryInitialization(AbstractApplicationContext.java:952)
	at org.springframework.context.support.AbstractApplicationContext.refresh(AbstractApplicationContext.java:624)
	at org.springframework.boot.web.servlet.context.ServletWebServerApplicationContext.refresh(ServletWebServerApplicationContext.java:146)
	at org.springframework.boot.SpringApplication.refresh(SpringApplication.java:754)
	at org.springframework.boot.SpringApplication.refreshContext(SpringApplication.java:456)
	at org.springframework.boot.SpringApplication.run(SpringApplication.java:335)
	at org.springframework.boot.SpringApplication.run(SpringApplication.java:1363)
	at org.springframework.boot.SpringApplication.run(SpringApplication.java:1352)
	at com.apidesign.ApiDesignApplication.main(ApiDesignApplication.java:26)
	at java.base/jdk.internal.reflect.DirectMethodHandleAccessor.invoke(DirectMethodHandleAccessor.java:103)
	at java.base/java.lang.reflect.Method.invoke(Method.java:580)
	at org.springframework.boot.devtools.restart.RestartLauncher.run(RestartLauncher.java:50)
Caused by: java.sql.SQLSyntaxErrorException: ORA-01758: table must be empty to add mandatory (NOT NULL) column

https://docs.oracle.com/error-help/db/ora-01758/
	at oracle.jdbc.driver.T4CTTIoer11.processError(T4CTTIoer11.java:709)
	at oracle.jdbc.driver.T4CTTIoer11.processError(T4CTTIoer11.java:609)
	at oracle.jdbc.driver.T4C8Oall.processError(T4C8Oall.java:1347)
	at oracle.jdbc.driver.T4CTTIfun.receive(T4CTTIfun.java:1101)
	at oracle.jdbc.driver.T4CTTIfun.doRPC(T4CTTIfun.java:409)
	at oracle.jdbc.driver.T4C8Oall.doOALL(T4C8Oall.java:499)
	at oracle.jdbc.driver.T4CStatement.doOall8(T4CStatement.java:190)
	at oracle.jdbc.driver.T4CStatement.executeForRows(T4CStatement.java:1384)
	at oracle.jdbc.driver.OracleStatement.executeSQLStatement(OracleStatement.java:1995)
	at oracle.jdbc.driver.OracleStatement.doExecuteWithTimeout(OracleStatement.java:1608)
	at oracle.jdbc.driver.OracleStatement.executeInternal(OracleStatement.java:2673)
	at oracle.jdbc.driver.OracleStatement.execute(OracleStatement.java:2622)
	at oracle.jdbc.driver.OracleStatementWrapper.execute(OracleStatementWrapper.java:336)
	at com.zaxxer.hikari.pool.ProxyStatement.execute(ProxyStatement.java:94)
	at com.zaxxer.hikari.pool.HikariProxyStatement.execute(HikariProxyStatement.java)
	at org.hibernate.tool.schema.internal.exec.GenerationTargetToDatabase.accept(GenerationTargetToDatabase.java:80)
	... 40 common frames omitted
Caused by: oracle.jdbc.OracleDatabaseException: ORA-01758: table must be empty to add mandatory (NOT NULL) column

	at oracle.jdbc.driver.T4CTTIoer11.processError(T4CTTIoer11.java:717)
	... 55 common frames omitted
2026-05-28 09:39:34 [restartedMain] DEBUG org.hibernate.SQL - alter table if exists orders add created_at timestamp(6) not null
2026-05-28 09:39:34 [restartedMain] WARN  o.h.t.s.i.ExceptionHandlerLoggedImpl - GenerationTarget encountered exception accepting command : Error executing DDL "alter table if exists orders add created_at timestamp(6) not null" via JDBC [ORA-01758: table must be empty to add mandatory (NOT NULL) column

https://docs.oracle.com/error-help/db/ora-01758/]
org.hibernate.tool.schema.spi.CommandAcceptanceException: Error executing DDL "alter table if exists orders add created_at timestamp(6) not null" via JDBC [ORA-01758: table must be empty to add mandatory (NOT NULL) column

https://docs.oracle.com/error-help/db/ora-01758/]
	at org.hibernate.tool.schema.internal.exec.GenerationTargetToDatabase.accept(GenerationTargetToDatabase.java:94)
	at org.hibernate.tool.schema.internal.AbstractSchemaMigrator.applySqlString(AbstractSchemaMigrator.java:575)
	at org.hibernate.tool.schema.internal.AbstractSchemaMigrator.applySqlStrings(AbstractSchemaMigrator.java:515)
	at org.hibernate.tool.schema.internal.AbstractSchemaMigrator.migrateTable(AbstractSchemaMigrator.java:333)
	at org.hibernate.tool.schema.internal.GroupedSchemaMigratorImpl.performTablesMigration(GroupedSchemaMigratorImpl.java:84)
	at org.hibernate.tool.schema.internal.AbstractSchemaMigrator.performMigration(AbstractSchemaMigrator.java:232)
	at org.hibernate.tool.schema.internal.AbstractSchemaMigrator.doMigration(AbstractSchemaMigrator.java:117)
	at org.hibernate.tool.schema.spi.SchemaManagementToolCoordinator.performDatabaseAction(SchemaManagementToolCoordinator.java:280)
	at org.hibernate.tool.schema.spi.SchemaManagementToolCoordinator.lambda$process$5(SchemaManagementToolCoordinator.java:144)
	at java.base/java.util.HashMap.forEach(HashMap.java:1429)
	at org.hibernate.tool.schema.spi.SchemaManagementToolCoordinator.process(SchemaManagementToolCoordinator.java:141)
	at org.hibernate.boot.internal.SessionFactoryObserverForSchemaExport.sessionFactoryCreated(SessionFactoryObserverForSchemaExport.java:37)
	at org.hibernate.internal.SessionFactoryObserverChain.sessionFactoryCreated(SessionFactoryObserverChain.java:35)
	at org.hibernate.internal.SessionFactoryImpl.<init>(SessionFactoryImpl.java:322)
	at org.hibernate.boot.internal.SessionFactoryBuilderImpl.build(SessionFactoryBuilderImpl.java:457)
	at org.hibernate.jpa.boot.internal.EntityManagerFactoryBuilderImpl.build(EntityManagerFactoryBuilderImpl.java:1506)
	at org.springframework.orm.jpa.vendor.SpringHibernateJpaPersistenceProvider.createContainerEntityManagerFactory(SpringHibernateJpaPersistenceProvider.java:75)
	at org.springframework.orm.jpa.LocalContainerEntityManagerFactoryBean.createNativeEntityManagerFactory(LocalContainerEntityManagerFactoryBean.java:390)
	at org.springframework.orm.jpa.AbstractEntityManagerFactoryBean.buildNativeEntityManagerFactory(AbstractEntityManagerFactoryBean.java:409)
	at org.springframework.orm.jpa.AbstractEntityManagerFactoryBean.afterPropertiesSet(AbstractEntityManagerFactoryBean.java:396)
	at org.springframework.orm.jpa.LocalContainerEntityManagerFactoryBean.afterPropertiesSet(LocalContainerEntityManagerFactoryBean.java:366)
	at org.springframework.beans.factory.support.AbstractAutowireCapableBeanFactory.invokeInitMethods(AbstractAutowireCapableBeanFactory.java:1835)
	at org.springframework.beans.factory.support.AbstractAutowireCapableBeanFactory.initializeBean(AbstractAutowireCapableBeanFactory.java:1784)
	at org.springframework.beans.factory.support.AbstractAutowireCapableBeanFactory.doCreateBean(AbstractAutowireCapableBeanFactory.java:600)
	at org.springframework.beans.factory.support.AbstractAutowireCapableBeanFactory.createBean(AbstractAutowireCapableBeanFactory.java:522)
	at org.springframework.beans.factory.support.AbstractBeanFactory.lambda$doGetBean$0(AbstractBeanFactory.java:337)
	at org.springframework.beans.factory.support.DefaultSingletonBeanRegistry.getSingleton(DefaultSingletonBeanRegistry.java:234)
	at org.springframework.beans.factory.support.AbstractBeanFactory.doGetBean(AbstractBeanFactory.java:335)
	at org.springframework.beans.factory.support.AbstractBeanFactory.getBean(AbstractBeanFactory.java:205)
	at org.springframework.context.support.AbstractApplicationContext.finishBeanFactoryInitialization(AbstractApplicationContext.java:952)
	at org.springframework.context.support.AbstractApplicationContext.refresh(AbstractApplicationContext.java:624)
	at org.springframework.boot.web.servlet.context.ServletWebServerApplicationContext.refresh(ServletWebServerApplicationContext.java:146)
	at org.springframework.boot.SpringApplication.refresh(SpringApplication.java:754)
	at org.springframework.boot.SpringApplication.refreshContext(SpringApplication.java:456)
	at org.springframework.boot.SpringApplication.run(SpringApplication.java:335)
	at org.springframework.boot.SpringApplication.run(SpringApplication.java:1363)
	at org.springframework.boot.SpringApplication.run(SpringApplication.java:1352)
	at com.apidesign.ApiDesignApplication.main(ApiDesignApplication.java:26)
	at java.base/jdk.internal.reflect.DirectMethodHandleAccessor.invoke(DirectMethodHandleAccessor.java:103)
	at java.base/java.lang.reflect.Method.invoke(Method.java:580)
	at org.springframework.boot.devtools.restart.RestartLauncher.run(RestartLauncher.java:50)
Caused by: java.sql.SQLSyntaxErrorException: ORA-01758: table must be empty to add mandatory (NOT NULL) column

https://docs.oracle.com/error-help/db/ora-01758/
	at oracle.jdbc.driver.T4CTTIoer11.processError(T4CTTIoer11.java:709)
	at oracle.jdbc.driver.T4CTTIoer11.processError(T4CTTIoer11.java:609)
	at oracle.jdbc.driver.T4C8Oall.processError(T4C8Oall.java:1347)
	at oracle.jdbc.driver.T4CTTIfun.receive(T4CTTIfun.java:1101)
	at oracle.jdbc.driver.T4CTTIfun.doRPC(T4CTTIfun.java:409)
	at oracle.jdbc.driver.T4C8Oall.doOALL(T4C8Oall.java:499)
	at oracle.jdbc.driver.T4CStatement.doOall8(T4CStatement.java:190)
	at oracle.jdbc.driver.T4CStatement.executeForRows(T4CStatement.java:1384)
	at oracle.jdbc.driver.OracleStatement.executeSQLStatement(OracleStatement.java:1995)
	at oracle.jdbc.driver.OracleStatement.doExecuteWithTimeout(OracleStatement.java:1608)
	at oracle.jdbc.driver.OracleStatement.executeInternal(OracleStatement.java:2673)
	at oracle.jdbc.driver.OracleStatement.execute(OracleStatement.java:2622)
	at oracle.jdbc.driver.OracleStatementWrapper.execute(OracleStatementWrapper.java:336)
	at com.zaxxer.hikari.pool.ProxyStatement.execute(ProxyStatement.java:94)
	at com.zaxxer.hikari.pool.HikariProxyStatement.execute(HikariProxyStatement.java)
	at org.hibernate.tool.schema.internal.exec.GenerationTargetToDatabase.accept(GenerationTargetToDatabase.java:80)
	... 40 common frames omitted
Caused by: oracle.jdbc.OracleDatabaseException: ORA-01758: table must be empty to add mandatory (NOT NULL) column

	at oracle.jdbc.driver.T4CTTIoer11.processError(T4CTTIoer11.java:717)
	... 55 common frames omitted
2026-05-28 09:39:34 [restartedMain] DEBUG org.hibernate.SQL - alter table if exists orders add order_number varchar2(50 char) not null
2026-05-28 09:39:34 [restartedMain] WARN  o.h.t.s.i.ExceptionHandlerLoggedImpl - GenerationTarget encountered exception accepting command : Error executing DDL "alter table if exists orders add order_number varchar2(50 char) not null" via JDBC [ORA-01758: table must be empty to add mandatory (NOT NULL) column

https://docs.oracle.com/error-help/db/ora-01758/]
org.hibernate.tool.schema.spi.CommandAcceptanceException: Error executing DDL "alter table if exists orders add order_number varchar2(50 char) not null" via JDBC [ORA-01758: table must be empty to add mandatory (NOT NULL) column

https://docs.oracle.com/error-help/db/ora-01758/]
	at org.hibernate.tool.schema.internal.exec.GenerationTargetToDatabase.accept(GenerationTargetToDatabase.java:94)
	at org.hibernate.tool.schema.internal.AbstractSchemaMigrator.applySqlString(AbstractSchemaMigrator.java:575)
	at org.hibernate.tool.schema.internal.AbstractSchemaMigrator.applySqlStrings(AbstractSchemaMigrator.java:515)
	at org.hibernate.tool.schema.internal.AbstractSchemaMigrator.migrateTable(AbstractSchemaMigrator.java:333)
	at org.hibernate.tool.schema.internal.GroupedSchemaMigratorImpl.performTablesMigration(GroupedSchemaMigratorImpl.java:84)
	at org.hibernate.tool.schema.internal.AbstractSchemaMigrator.performMigration(AbstractSchemaMigrator.java:232)
	at org.hibernate.tool.schema.internal.AbstractSchemaMigrator.doMigration(AbstractSchemaMigrator.java:117)
	at org.hibernate.tool.schema.spi.SchemaManagementToolCoordinator.performDatabaseAction(SchemaManagementToolCoordinator.java:280)
	at org.hibernate.tool.schema.spi.SchemaManagementToolCoordinator.lambda$process$5(SchemaManagementToolCoordinator.java:144)
	at java.base/java.util.HashMap.forEach(HashMap.java:1429)
	at org.hibernate.tool.schema.spi.SchemaManagementToolCoordinator.process(SchemaManagementToolCoordinator.java:141)
	at org.hibernate.boot.internal.SessionFactoryObserverForSchemaExport.sessionFactoryCreated(SessionFactoryObserverForSchemaExport.java:37)
	at org.hibernate.internal.SessionFactoryObserverChain.sessionFactoryCreated(SessionFactoryObserverChain.java:35)
	at org.hibernate.internal.SessionFactoryImpl.<init>(SessionFactoryImpl.java:322)
	at org.hibernate.boot.internal.SessionFactoryBuilderImpl.build(SessionFactoryBuilderImpl.java:457)
	at org.hibernate.jpa.boot.internal.EntityManagerFactoryBuilderImpl.build(EntityManagerFactoryBuilderImpl.java:1506)
	at org.springframework.orm.jpa.vendor.SpringHibernateJpaPersistenceProvider.createContainerEntityManagerFactory(SpringHibernateJpaPersistenceProvider.java:75)
	at org.springframework.orm.jpa.LocalContainerEntityManagerFactoryBean.createNativeEntityManagerFactory(LocalContainerEntityManagerFactoryBean.java:390)
	at org.springframework.orm.jpa.AbstractEntityManagerFactoryBean.buildNativeEntityManagerFactory(AbstractEntityManagerFactoryBean.java:409)
	at org.springframework.orm.jpa.AbstractEntityManagerFactoryBean.afterPropertiesSet(AbstractEntityManagerFactoryBean.java:396)
	at org.springframework.orm.jpa.LocalContainerEntityManagerFactoryBean.afterPropertiesSet(LocalContainerEntityManagerFactoryBean.java:366)
	at org.springframework.beans.factory.support.AbstractAutowireCapableBeanFactory.invokeInitMethods(AbstractAutowireCapableBeanFactory.java:1835)
	at org.springframework.beans.factory.support.AbstractAutowireCapableBeanFactory.initializeBean(AbstractAutowireCapableBeanFactory.java:1784)
	at org.springframework.beans.factory.support.AbstractAutowireCapableBeanFactory.doCreateBean(AbstractAutowireCapableBeanFactory.java:600)
	at org.springframework.beans.factory.support.AbstractAutowireCapableBeanFactory.createBean(AbstractAutowireCapableBeanFactory.java:522)
	at org.springframework.beans.factory.support.AbstractBeanFactory.lambda$doGetBean$0(AbstractBeanFactory.java:337)
	at org.springframework.beans.factory.support.DefaultSingletonBeanRegistry.getSingleton(DefaultSingletonBeanRegistry.java:234)
	at org.springframework.beans.factory.support.AbstractBeanFactory.doGetBean(AbstractBeanFactory.java:335)
	at org.springframework.beans.factory.support.AbstractBeanFactory.getBean(AbstractBeanFactory.java:205)
	at org.springframework.context.support.AbstractApplicationContext.finishBeanFactoryInitialization(AbstractApplicationContext.java:952)
	at org.springframework.context.support.AbstractApplicationContext.refresh(AbstractApplicationContext.java:624)
	at org.springframework.boot.web.servlet.context.ServletWebServerApplicationContext.refresh(ServletWebServerApplicationContext.java:146)
	at org.springframework.boot.SpringApplication.refresh(SpringApplication.java:754)
	at org.springframework.boot.SpringApplication.refreshContext(SpringApplication.java:456)
	at org.springframework.boot.SpringApplication.run(SpringApplication.java:335)
	at org.springframework.boot.SpringApplication.run(SpringApplication.java:1363)
	at org.springframework.boot.SpringApplication.run(SpringApplication.java:1352)
	at com.apidesign.ApiDesignApplication.main(ApiDesignApplication.java:26)
	at java.base/jdk.internal.reflect.DirectMethodHandleAccessor.invoke(DirectMethodHandleAccessor.java:103)
	at java.base/java.lang.reflect.Method.invoke(Method.java:580)
	at org.springframework.boot.devtools.restart.RestartLauncher.run(RestartLauncher.java:50)
Caused by: java.sql.SQLSyntaxErrorException: ORA-01758: table must be empty to add mandatory (NOT NULL) column

https://docs.oracle.com/error-help/db/ora-01758/
	at oracle.jdbc.driver.T4CTTIoer11.processError(T4CTTIoer11.java:709)
	at oracle.jdbc.driver.T4CTTIoer11.processError(T4CTTIoer11.java:609)
	at oracle.jdbc.driver.T4C8Oall.processError(T4C8Oall.java:1347)
	at oracle.jdbc.driver.T4CTTIfun.receive(T4CTTIfun.java:1101)
	at oracle.jdbc.driver.T4CTTIfun.doRPC(T4CTTIfun.java:409)
	at oracle.jdbc.driver.T4C8Oall.doOALL(T4C8Oall.java:499)
	at oracle.jdbc.driver.T4CStatement.doOall8(T4CStatement.java:190)
	at oracle.jdbc.driver.T4CStatement.executeForRows(T4CStatement.java:1384)
	at oracle.jdbc.driver.OracleStatement.executeSQLStatement(OracleStatement.java:1995)
	at oracle.jdbc.driver.OracleStatement.doExecuteWithTimeout(OracleStatement.java:1608)
	at oracle.jdbc.driver.OracleStatement.executeInternal(OracleStatement.java:2673)
	at oracle.jdbc.driver.OracleStatement.execute(OracleStatement.java:2622)
	at oracle.jdbc.driver.OracleStatementWrapper.execute(OracleStatementWrapper.java:336)
	at com.zaxxer.hikari.pool.ProxyStatement.execute(ProxyStatement.java:94)
	at com.zaxxer.hikari.pool.HikariProxyStatement.execute(HikariProxyStatement.java)
	at org.hibernate.tool.schema.internal.exec.GenerationTargetToDatabase.accept(GenerationTargetToDatabase.java:80)
	... 40 common frames omitted
Caused by: oracle.jdbc.OracleDatabaseException: ORA-01758: table must be empty to add mandatory (NOT NULL) column

	at oracle.jdbc.driver.T4CTTIoer11.processError(T4CTTIoer11.java:717)
	... 55 common frames omitted
2026-05-28 09:39:34 [restartedMain] DEBUG org.hibernate.SQL - alter table if exists orders add order_status varchar2(20 char) not null
2026-05-28 09:39:34 [restartedMain] WARN  o.h.t.s.i.ExceptionHandlerLoggedImpl - GenerationTarget encountered exception accepting command : Error executing DDL "alter table if exists orders add order_status varchar2(20 char) not null" via JDBC [ORA-01758: table must be empty to add mandatory (NOT NULL) column

https://docs.oracle.com/error-help/db/ora-01758/]
org.hibernate.tool.schema.spi.CommandAcceptanceException: Error executing DDL "alter table if exists orders add order_status varchar2(20 char) not null" via JDBC [ORA-01758: table must be empty to add mandatory (NOT NULL) column

https://docs.oracle.com/error-help/db/ora-01758/]
	at org.hibernate.tool.schema.internal.exec.GenerationTargetToDatabase.accept(GenerationTargetToDatabase.java:94)
	at org.hibernate.tool.schema.internal.AbstractSchemaMigrator.applySqlString(AbstractSchemaMigrator.java:575)
	at org.hibernate.tool.schema.internal.AbstractSchemaMigrator.applySqlStrings(AbstractSchemaMigrator.java:515)
	at org.hibernate.tool.schema.internal.AbstractSchemaMigrator.migrateTable(AbstractSchemaMigrator.java:333)
	at org.hibernate.tool.schema.internal.GroupedSchemaMigratorImpl.performTablesMigration(GroupedSchemaMigratorImpl.java:84)
	at org.hibernate.tool.schema.internal.AbstractSchemaMigrator.performMigration(AbstractSchemaMigrator.java:232)
	at org.hibernate.tool.schema.internal.AbstractSchemaMigrator.doMigration(AbstractSchemaMigrator.java:117)
	at org.hibernate.tool.schema.spi.SchemaManagementToolCoordinator.performDatabaseAction(SchemaManagementToolCoordinator.java:280)
	at org.hibernate.tool.schema.spi.SchemaManagementToolCoordinator.lambda$process$5(SchemaManagementToolCoordinator.java:144)
	at java.base/java.util.HashMap.forEach(HashMap.java:1429)
	at org.hibernate.tool.schema.spi.SchemaManagementToolCoordinator.process(SchemaManagementToolCoordinator.java:141)
	at org.hibernate.boot.internal.SessionFactoryObserverForSchemaExport.sessionFactoryCreated(SessionFactoryObserverForSchemaExport.java:37)
	at org.hibernate.internal.SessionFactoryObserverChain.sessionFactoryCreated(SessionFactoryObserverChain.java:35)
	at org.hibernate.internal.SessionFactoryImpl.<init>(SessionFactoryImpl.java:322)
	at org.hibernate.boot.internal.SessionFactoryBuilderImpl.build(SessionFactoryBuilderImpl.java:457)
	at org.hibernate.jpa.boot.internal.EntityManagerFactoryBuilderImpl.build(EntityManagerFactoryBuilderImpl.java:1506)
	at org.springframework.orm.jpa.vendor.SpringHibernateJpaPersistenceProvider.createContainerEntityManagerFactory(SpringHibernateJpaPersistenceProvider.java:75)
	at org.springframework.orm.jpa.LocalContainerEntityManagerFactoryBean.createNativeEntityManagerFactory(LocalContainerEntityManagerFactoryBean.java:390)
	at org.springframework.orm.jpa.AbstractEntityManagerFactoryBean.buildNativeEntityManagerFactory(AbstractEntityManagerFactoryBean.java:409)
	at org.springframework.orm.jpa.AbstractEntityManagerFactoryBean.afterPropertiesSet(AbstractEntityManagerFactoryBean.java:396)
	at org.springframework.orm.jpa.LocalContainerEntityManagerFactoryBean.afterPropertiesSet(LocalContainerEntityManagerFactoryBean.java:366)
	at org.springframework.beans.factory.support.AbstractAutowireCapableBeanFactory.invokeInitMethods(AbstractAutowireCapableBeanFactory.java:1835)
	at org.springframework.beans.factory.support.AbstractAutowireCapableBeanFactory.initializeBean(AbstractAutowireCapableBeanFactory.java:1784)
	at org.springframework.beans.factory.support.AbstractAutowireCapableBeanFactory.doCreateBean(AbstractAutowireCapableBeanFactory.java:600)
	at org.springframework.beans.factory.support.AbstractAutowireCapableBeanFactory.createBean(AbstractAutowireCapableBeanFactory.java:522)
	at org.springframework.beans.factory.support.AbstractBeanFactory.lambda$doGetBean$0(AbstractBeanFactory.java:337)
	at org.springframework.beans.factory.support.DefaultSingletonBeanRegistry.getSingleton(DefaultSingletonBeanRegistry.java:234)
	at org.springframework.beans.factory.support.AbstractBeanFactory.doGetBean(AbstractBeanFactory.java:335)
	at org.springframework.beans.factory.support.AbstractBeanFactory.getBean(AbstractBeanFactory.java:205)
	at org.springframework.context.support.AbstractApplicationContext.finishBeanFactoryInitialization(AbstractApplicationContext.java:952)
	at org.springframework.context.support.AbstractApplicationContext.refresh(AbstractApplicationContext.java:624)
	at org.springframework.boot.web.servlet.context.ServletWebServerApplicationContext.refresh(ServletWebServerApplicationContext.java:146)
	at org.springframework.boot.SpringApplication.refresh(SpringApplication.java:754)
	at org.springframework.boot.SpringApplication.refreshContext(SpringApplication.java:456)
	at org.springframework.boot.SpringApplication.run(SpringApplication.java:335)
	at org.springframework.boot.SpringApplication.run(SpringApplication.java:1363)
	at org.springframework.boot.SpringApplication.run(SpringApplication.java:1352)
	at com.apidesign.ApiDesignApplication.main(ApiDesignApplication.java:26)
	at java.base/jdk.internal.reflect.DirectMethodHandleAccessor.invoke(DirectMethodHandleAccessor.java:103)
	at java.base/java.lang.reflect.Method.invoke(Method.java:580)
	at org.springframework.boot.devtools.restart.RestartLauncher.run(RestartLauncher.java:50)
Caused by: java.sql.SQLSyntaxErrorException: ORA-01758: table must be empty to add mandatory (NOT NULL) column

https://docs.oracle.com/error-help/db/ora-01758/
	at oracle.jdbc.driver.T4CTTIoer11.processError(T4CTTIoer11.java:709)
	at oracle.jdbc.driver.T4CTTIoer11.processError(T4CTTIoer11.java:609)
	at oracle.jdbc.driver.T4C8Oall.processError(T4C8Oall.java:1347)
	at oracle.jdbc.driver.T4CTTIfun.receive(T4CTTIfun.java:1101)
	at oracle.jdbc.driver.T4CTTIfun.doRPC(T4CTTIfun.java:409)
	at oracle.jdbc.driver.T4C8Oall.doOALL(T4C8Oall.java:499)
	at oracle.jdbc.driver.T4CStatement.doOall8(T4CStatement.java:190)
	at oracle.jdbc.driver.T4CStatement.executeForRows(T4CStatement.java:1384)
	at oracle.jdbc.driver.OracleStatement.executeSQLStatement(OracleStatement.java:1995)
	at oracle.jdbc.driver.OracleStatement.doExecuteWithTimeout(OracleStatement.java:1608)
	at oracle.jdbc.driver.OracleStatement.executeInternal(OracleStatement.java:2673)
	at oracle.jdbc.driver.OracleStatement.execute(OracleStatement.java:2622)
	at oracle.jdbc.driver.OracleStatementWrapper.execute(OracleStatementWrapper.java:336)
	at com.zaxxer.hikari.pool.ProxyStatement.execute(ProxyStatement.java:94)
	at com.zaxxer.hikari.pool.HikariProxyStatement.execute(HikariProxyStatement.java)
	at org.hibernate.tool.schema.internal.exec.GenerationTargetToDatabase.accept(GenerationTargetToDatabase.java:80)
	... 40 common frames omitted
Caused by: oracle.jdbc.OracleDatabaseException: ORA-01758: table must be empty to add mandatory (NOT NULL) column

	at oracle.jdbc.driver.T4CTTIoer11.processError(T4CTTIoer11.java:717)
	... 55 common frames omitted
2026-05-28 09:39:34 [restartedMain] DEBUG org.hibernate.SQL - alter table if exists orders add total_amount number(12,2) not null
2026-05-28 09:39:34 [restartedMain] WARN  o.h.t.s.i.ExceptionHandlerLoggedImpl - GenerationTarget encountered exception accepting command : Error executing DDL "alter table if exists orders add total_amount number(12,2) not null" via JDBC [ORA-01758: table must be empty to add mandatory (NOT NULL) column

https://docs.oracle.com/error-help/db/ora-01758/]
org.hibernate.tool.schema.spi.CommandAcceptanceException: Error executing DDL "alter table if exists orders add total_amount number(12,2) not null" via JDBC [ORA-01758: table must be empty to add mandatory (NOT NULL) column

https://docs.oracle.com/error-help/db/ora-01758/]
	at org.hibernate.tool.schema.internal.exec.GenerationTargetToDatabase.accept(GenerationTargetToDatabase.java:94)
	at org.hibernate.tool.schema.internal.AbstractSchemaMigrator.applySqlString(AbstractSchemaMigrator.java:575)
	at org.hibernate.tool.schema.internal.AbstractSchemaMigrator.applySqlStrings(AbstractSchemaMigrator.java:515)
	at org.hibernate.tool.schema.internal.AbstractSchemaMigrator.migrateTable(AbstractSchemaMigrator.java:333)
	at org.hibernate.tool.schema.internal.GroupedSchemaMigratorImpl.performTablesMigration(GroupedSchemaMigratorImpl.java:84)
	at org.hibernate.tool.schema.internal.AbstractSchemaMigrator.performMigration(AbstractSchemaMigrator.java:232)
	at org.hibernate.tool.schema.internal.AbstractSchemaMigrator.doMigration(AbstractSchemaMigrator.java:117)
	at org.hibernate.tool.schema.spi.SchemaManagementToolCoordinator.performDatabaseAction(SchemaManagementToolCoordinator.java:280)
	at org.hibernate.tool.schema.spi.SchemaManagementToolCoordinator.lambda$process$5(SchemaManagementToolCoordinator.java:144)
	at java.base/java.util.HashMap.forEach(HashMap.java:1429)
	at org.hibernate.tool.schema.spi.SchemaManagementToolCoordinator.process(SchemaManagementToolCoordinator.java:141)
	at org.hibernate.boot.internal.SessionFactoryObserverForSchemaExport.sessionFactoryCreated(SessionFactoryObserverForSchemaExport.java:37)
	at org.hibernate.internal.SessionFactoryObserverChain.sessionFactoryCreated(SessionFactoryObserverChain.java:35)
	at org.hibernate.internal.SessionFactoryImpl.<init>(SessionFactoryImpl.java:322)
	at org.hibernate.boot.internal.SessionFactoryBuilderImpl.build(SessionFactoryBuilderImpl.java:457)
	at org.hibernate.jpa.boot.internal.EntityManagerFactoryBuilderImpl.build(EntityManagerFactoryBuilderImpl.java:1506)
	at org.springframework.orm.jpa.vendor.SpringHibernateJpaPersistenceProvider.createContainerEntityManagerFactory(SpringHibernateJpaPersistenceProvider.java:75)
	at org.springframework.orm.jpa.LocalContainerEntityManagerFactoryBean.createNativeEntityManagerFactory(LocalContainerEntityManagerFactoryBean.java:390)
	at org.springframework.orm.jpa.AbstractEntityManagerFactoryBean.buildNativeEntityManagerFactory(AbstractEntityManagerFactoryBean.java:409)
	at org.springframework.orm.jpa.AbstractEntityManagerFactoryBean.afterPropertiesSet(AbstractEntityManagerFactoryBean.java:396)
	at org.springframework.orm.jpa.LocalContainerEntityManagerFactoryBean.afterPropertiesSet(LocalContainerEntityManagerFactoryBean.java:366)
	at org.springframework.beans.factory.support.AbstractAutowireCapableBeanFactory.invokeInitMethods(AbstractAutowireCapableBeanFactory.java:1835)
	at org.springframework.beans.factory.support.AbstractAutowireCapableBeanFactory.initializeBean(AbstractAutowireCapableBeanFactory.java:1784)
	at org.springframework.beans.factory.support.AbstractAutowireCapableBeanFactory.doCreateBean(AbstractAutowireCapableBeanFactory.java:600)
	at org.springframework.beans.factory.support.AbstractAutowireCapableBeanFactory.createBean(AbstractAutowireCapableBeanFactory.java:522)
	at org.springframework.beans.factory.support.AbstractBeanFactory.lambda$doGetBean$0(AbstractBeanFactory.java:337)
	at org.springframework.beans.factory.support.DefaultSingletonBeanRegistry.getSingleton(DefaultSingletonBeanRegistry.java:234)
	at org.springframework.beans.factory.support.AbstractBeanFactory.doGetBean(AbstractBeanFactory.java:335)
	at org.springframework.beans.factory.support.AbstractBeanFactory.getBean(AbstractBeanFactory.java:205)
	at org.springframework.context.support.AbstractApplicationContext.finishBeanFactoryInitialization(AbstractApplicationContext.java:952)
	at org.springframework.context.support.AbstractApplicationContext.refresh(AbstractApplicationContext.java:624)
	at org.springframework.boot.web.servlet.context.ServletWebServerApplicationContext.refresh(ServletWebServerApplicationContext.java:146)
	at org.springframework.boot.SpringApplication.refresh(SpringApplication.java:754)
	at org.springframework.boot.SpringApplication.refreshContext(SpringApplication.java:456)
	at org.springframework.boot.SpringApplication.run(SpringApplication.java:335)
	at org.springframework.boot.SpringApplication.run(SpringApplication.java:1363)
	at org.springframework.boot.SpringApplication.run(SpringApplication.java:1352)
	at com.apidesign.ApiDesignApplication.main(ApiDesignApplication.java:26)
	at java.base/jdk.internal.reflect.DirectMethodHandleAccessor.invoke(DirectMethodHandleAccessor.java:103)
	at java.base/java.lang.reflect.Method.invoke(Method.java:580)
	at org.springframework.boot.devtools.restart.RestartLauncher.run(RestartLauncher.java:50)
Caused by: java.sql.SQLSyntaxErrorException: ORA-01758: table must be empty to add mandatory (NOT NULL) column

https://docs.oracle.com/error-help/db/ora-01758/
	at oracle.jdbc.driver.T4CTTIoer11.processError(T4CTTIoer11.java:709)
	at oracle.jdbc.driver.T4CTTIoer11.processError(T4CTTIoer11.java:609)
	at oracle.jdbc.driver.T4C8Oall.processError(T4C8Oall.java:1347)
	at oracle.jdbc.driver.T4CTTIfun.receive(T4CTTIfun.java:1101)
	at oracle.jdbc.driver.T4CTTIfun.doRPC(T4CTTIfun.java:409)
	at oracle.jdbc.driver.T4C8Oall.doOALL(T4C8Oall.java:499)
	at oracle.jdbc.driver.T4CStatement.doOall8(T4CStatement.java:190)
	at oracle.jdbc.driver.T4CStatement.executeForRows(T4CStatement.java:1384)
	at oracle.jdbc.driver.OracleStatement.executeSQLStatement(OracleStatement.java:1995)
	at oracle.jdbc.driver.OracleStatement.doExecuteWithTimeout(OracleStatement.java:1608)
	at oracle.jdbc.driver.OracleStatement.executeInternal(OracleStatement.java:2673)
	at oracle.jdbc.driver.OracleStatement.execute(OracleStatement.java:2622)
	at oracle.jdbc.driver.OracleStatementWrapper.execute(OracleStatementWrapper.java:336)
	at com.zaxxer.hikari.pool.ProxyStatement.execute(ProxyStatement.java:94)
	at com.zaxxer.hikari.pool.HikariProxyStatement.execute(HikariProxyStatement.java)
	at org.hibernate.tool.schema.internal.exec.GenerationTargetToDatabase.accept(GenerationTargetToDatabase.java:80)
	... 40 common frames omitted
Caused by: oracle.jdbc.OracleDatabaseException: ORA-01758: table must be empty to add mandatory (NOT NULL) column

	at oracle.jdbc.driver.T4CTTIoer11.processError(T4CTTIoer11.java:717)
	... 55 common frames omitted
2026-05-28 09:39:34 [restartedMain] DEBUG org.hibernate.SQL - alter table if exists orders add user_id number(19,0) not null
2026-05-28 09:39:34 [restartedMain] WARN  o.h.t.s.i.ExceptionHandlerLoggedImpl - GenerationTarget encountered exception accepting command : Error executing DDL "alter table if exists orders add user_id number(19,0) not null" via JDBC [ORA-01758: table must be empty to add mandatory (NOT NULL) column

https://docs.oracle.com/error-help/db/ora-01758/]
org.hibernate.tool.schema.spi.CommandAcceptanceException: Error executing DDL "alter table if exists orders add user_id number(19,0) not null" via JDBC [ORA-01758: table must be empty to add mandatory (NOT NULL) column

https://docs.oracle.com/error-help/db/ora-01758/]
	at org.hibernate.tool.schema.internal.exec.GenerationTargetToDatabase.accept(GenerationTargetToDatabase.java:94)
	at org.hibernate.tool.schema.internal.AbstractSchemaMigrator.applySqlString(AbstractSchemaMigrator.java:575)
	at org.hibernate.tool.schema.internal.AbstractSchemaMigrator.applySqlStrings(AbstractSchemaMigrator.java:515)
	at org.hibernate.tool.schema.internal.AbstractSchemaMigrator.migrateTable(AbstractSchemaMigrator.java:333)
	at org.hibernate.tool.schema.internal.GroupedSchemaMigratorImpl.performTablesMigration(GroupedSchemaMigratorImpl.java:84)
	at org.hibernate.tool.schema.internal.AbstractSchemaMigrator.performMigration(AbstractSchemaMigrator.java:232)
	at org.hibernate.tool.schema.internal.AbstractSchemaMigrator.doMigration(AbstractSchemaMigrator.java:117)
	at org.hibernate.tool.schema.spi.SchemaManagementToolCoordinator.performDatabaseAction(SchemaManagementToolCoordinator.java:280)
	at org.hibernate.tool.schema.spi.SchemaManagementToolCoordinator.lambda$process$5(SchemaManagementToolCoordinator.java:144)
	at java.base/java.util.HashMap.forEach(HashMap.java:1429)
	at org.hibernate.tool.schema.spi.SchemaManagementToolCoordinator.process(SchemaManagementToolCoordinator.java:141)
	at org.hibernate.boot.internal.SessionFactoryObserverForSchemaExport.sessionFactoryCreated(SessionFactoryObserverForSchemaExport.java:37)
	at org.hibernate.internal.SessionFactoryObserverChain.sessionFactoryCreated(SessionFactoryObserverChain.java:35)
	at org.hibernate.internal.SessionFactoryImpl.<init>(SessionFactoryImpl.java:322)
	at org.hibernate.boot.internal.SessionFactoryBuilderImpl.build(SessionFactoryBuilderImpl.java:457)
	at org.hibernate.jpa.boot.internal.EntityManagerFactoryBuilderImpl.build(EntityManagerFactoryBuilderImpl.java:1506)
	at org.springframework.orm.jpa.vendor.SpringHibernateJpaPersistenceProvider.createContainerEntityManagerFactory(SpringHibernateJpaPersistenceProvider.java:75)
	at org.springframework.orm.jpa.LocalContainerEntityManagerFactoryBean.createNativeEntityManagerFactory(LocalContainerEntityManagerFactoryBean.java:390)
	at org.springframework.orm.jpa.AbstractEntityManagerFactoryBean.buildNativeEntityManagerFactory(AbstractEntityManagerFactoryBean.java:409)
	at org.springframework.orm.jpa.AbstractEntityManagerFactoryBean.afterPropertiesSet(AbstractEntityManagerFactoryBean.java:396)
	at org.springframework.orm.jpa.LocalContainerEntityManagerFactoryBean.afterPropertiesSet(LocalContainerEntityManagerFactoryBean.java:366)
	at org.springframework.beans.factory.support.AbstractAutowireCapableBeanFactory.invokeInitMethods(AbstractAutowireCapableBeanFactory.java:1835)
	at org.springframework.beans.factory.support.AbstractAutowireCapableBeanFactory.initializeBean(AbstractAutowireCapableBeanFactory.java:1784)
	at org.springframework.beans.factory.support.AbstractAutowireCapableBeanFactory.doCreateBean(AbstractAutowireCapableBeanFactory.java:600)
	at org.springframework.beans.factory.support.AbstractAutowireCapableBeanFactory.createBean(AbstractAutowireCapableBeanFactory.java:522)
	at org.springframework.beans.factory.support.AbstractBeanFactory.lambda$doGetBean$0(AbstractBeanFactory.java:337)
	at org.springframework.beans.factory.support.DefaultSingletonBeanRegistry.getSingleton(DefaultSingletonBeanRegistry.java:234)
	at org.springframework.beans.factory.support.AbstractBeanFactory.doGetBean(AbstractBeanFactory.java:335)
	at org.springframework.beans.factory.support.AbstractBeanFactory.getBean(AbstractBeanFactory.java:205)
	at org.springframework.context.support.AbstractApplicationContext.finishBeanFactoryInitialization(AbstractApplicationContext.java:952)
	at org.springframework.context.support.AbstractApplicationContext.refresh(AbstractApplicationContext.java:624)
	at org.springframework.boot.web.servlet.context.ServletWebServerApplicationContext.refresh(ServletWebServerApplicationContext.java:146)
	at org.springframework.boot.SpringApplication.refresh(SpringApplication.java:754)
	at org.springframework.boot.SpringApplication.refreshContext(SpringApplication.java:456)
	at org.springframework.boot.SpringApplication.run(SpringApplication.java:335)
	at org.springframework.boot.SpringApplication.run(SpringApplication.java:1363)
	at org.springframework.boot.SpringApplication.run(SpringApplication.java:1352)
	at com.apidesign.ApiDesignApplication.main(ApiDesignApplication.java:26)
	at java.base/jdk.internal.reflect.DirectMethodHandleAccessor.invoke(DirectMethodHandleAccessor.java:103)
	at java.base/java.lang.reflect.Method.invoke(Method.java:580)
	at org.springframework.boot.devtools.restart.RestartLauncher.run(RestartLauncher.java:50)
Caused by: java.sql.SQLSyntaxErrorException: ORA-01758: table must be empty to add mandatory (NOT NULL) column

https://docs.oracle.com/error-help/db/ora-01758/
	at oracle.jdbc.driver.T4CTTIoer11.processError(T4CTTIoer11.java:709)
	at oracle.jdbc.driver.T4CTTIoer11.processError(T4CTTIoer11.java:609)
	at oracle.jdbc.driver.T4C8Oall.processError(T4C8Oall.java:1347)
	at oracle.jdbc.driver.T4CTTIfun.receive(T4CTTIfun.java:1101)
	at oracle.jdbc.driver.T4CTTIfun.doRPC(T4CTTIfun.java:409)
	at oracle.jdbc.driver.T4C8Oall.doOALL(T4C8Oall.java:499)
	at oracle.jdbc.driver.T4CStatement.doOall8(T4CStatement.java:190)
	at oracle.jdbc.driver.T4CStatement.executeForRows(T4CStatement.java:1384)
	at oracle.jdbc.driver.OracleStatement.executeSQLStatement(OracleStatement.java:1995)
	at oracle.jdbc.driver.OracleStatement.doExecuteWithTimeout(OracleStatement.java:1608)
	at oracle.jdbc.driver.OracleStatement.executeInternal(OracleStatement.java:2673)
	at oracle.jdbc.driver.OracleStatement.execute(OracleStatement.java:2622)
	at oracle.jdbc.driver.OracleStatementWrapper.execute(OracleStatementWrapper.java:336)
	at com.zaxxer.hikari.pool.ProxyStatement.execute(ProxyStatement.java:94)
	at com.zaxxer.hikari.pool.HikariProxyStatement.execute(HikariProxyStatement.java)
	at org.hibernate.tool.schema.internal.exec.GenerationTargetToDatabase.accept(GenerationTargetToDatabase.java:80)
	... 40 common frames omitted
Caused by: oracle.jdbc.OracleDatabaseException: ORA-01758: table must be empty to add mandatory (NOT NULL) column

	at oracle.jdbc.driver.T4CTTIoer11.processError(T4CTTIoer11.java:717)
	... 55 common frames omitted
2026-05-28 09:39:34 [restartedMain] DEBUG org.hibernate.SQL - alter table if exists products add id number(19,0) not null
2026-05-28 09:39:34 [restartedMain] WARN  o.h.t.s.i.ExceptionHandlerLoggedImpl - GenerationTarget encountered exception accepting command : Error executing DDL "alter table if exists products add id number(19,0) not null" via JDBC [ORA-01758: table must be empty to add mandatory (NOT NULL) column

https://docs.oracle.com/error-help/db/ora-01758/]
org.hibernate.tool.schema.spi.CommandAcceptanceException: Error executing DDL "alter table if exists products add id number(19,0) not null" via JDBC [ORA-01758: table must be empty to add mandatory (NOT NULL) column

https://docs.oracle.com/error-help/db/ora-01758/]
	at org.hibernate.tool.schema.internal.exec.GenerationTargetToDatabase.accept(GenerationTargetToDatabase.java:94)
	at org.hibernate.tool.schema.internal.AbstractSchemaMigrator.applySqlString(AbstractSchemaMigrator.java:575)
	at org.hibernate.tool.schema.internal.AbstractSchemaMigrator.applySqlStrings(AbstractSchemaMigrator.java:515)
	at org.hibernate.tool.schema.internal.AbstractSchemaMigrator.migrateTable(AbstractSchemaMigrator.java:333)
	at org.hibernate.tool.schema.internal.GroupedSchemaMigratorImpl.performTablesMigration(GroupedSchemaMigratorImpl.java:84)
	at org.hibernate.tool.schema.internal.AbstractSchemaMigrator.performMigration(AbstractSchemaMigrator.java:232)
	at org.hibernate.tool.schema.internal.AbstractSchemaMigrator.doMigration(AbstractSchemaMigrator.java:117)
	at org.hibernate.tool.schema.spi.SchemaManagementToolCoordinator.performDatabaseAction(SchemaManagementToolCoordinator.java:280)
	at org.hibernate.tool.schema.spi.SchemaManagementToolCoordinator.lambda$process$5(SchemaManagementToolCoordinator.java:144)
	at java.base/java.util.HashMap.forEach(HashMap.java:1429)
	at org.hibernate.tool.schema.spi.SchemaManagementToolCoordinator.process(SchemaManagementToolCoordinator.java:141)
	at org.hibernate.boot.internal.SessionFactoryObserverForSchemaExport.sessionFactoryCreated(SessionFactoryObserverForSchemaExport.java:37)
	at org.hibernate.internal.SessionFactoryObserverChain.sessionFactoryCreated(SessionFactoryObserverChain.java:35)
	at org.hibernate.internal.SessionFactoryImpl.<init>(SessionFactoryImpl.java:322)
	at org.hibernate.boot.internal.SessionFactoryBuilderImpl.build(SessionFactoryBuilderImpl.java:457)
	at org.hibernate.jpa.boot.internal.EntityManagerFactoryBuilderImpl.build(EntityManagerFactoryBuilderImpl.java:1506)
	at org.springframework.orm.jpa.vendor.SpringHibernateJpaPersistenceProvider.createContainerEntityManagerFactory(SpringHibernateJpaPersistenceProvider.java:75)
	at org.springframework.orm.jpa.LocalContainerEntityManagerFactoryBean.createNativeEntityManagerFactory(LocalContainerEntityManagerFactoryBean.java:390)
	at org.springframework.orm.jpa.AbstractEntityManagerFactoryBean.buildNativeEntityManagerFactory(AbstractEntityManagerFactoryBean.java:409)
	at org.springframework.orm.jpa.AbstractEntityManagerFactoryBean.afterPropertiesSet(AbstractEntityManagerFactoryBean.java:396)
	at org.springframework.orm.jpa.LocalContainerEntityManagerFactoryBean.afterPropertiesSet(LocalContainerEntityManagerFactoryBean.java:366)
	at org.springframework.beans.factory.support.AbstractAutowireCapableBeanFactory.invokeInitMethods(AbstractAutowireCapableBeanFactory.java:1835)
	at org.springframework.beans.factory.support.AbstractAutowireCapableBeanFactory.initializeBean(AbstractAutowireCapableBeanFactory.java:1784)
	at org.springframework.beans.factory.support.AbstractAutowireCapableBeanFactory.doCreateBean(AbstractAutowireCapableBeanFactory.java:600)
	at org.springframework.beans.factory.support.AbstractAutowireCapableBeanFactory.createBean(AbstractAutowireCapableBeanFactory.java:522)
	at org.springframework.beans.factory.support.AbstractBeanFactory.lambda$doGetBean$0(AbstractBeanFactory.java:337)
	at org.springframework.beans.factory.support.DefaultSingletonBeanRegistry.getSingleton(DefaultSingletonBeanRegistry.java:234)
	at org.springframework.beans.factory.support.AbstractBeanFactory.doGetBean(AbstractBeanFactory.java:335)
	at org.springframework.beans.factory.support.AbstractBeanFactory.getBean(AbstractBeanFactory.java:205)
	at org.springframework.context.support.AbstractApplicationContext.finishBeanFactoryInitialization(AbstractApplicationContext.java:952)
	at org.springframework.context.support.AbstractApplicationContext.refresh(AbstractApplicationContext.java:624)
	at org.springframework.boot.web.servlet.context.ServletWebServerApplicationContext.refresh(ServletWebServerApplicationContext.java:146)
	at org.springframework.boot.SpringApplication.refresh(SpringApplication.java:754)
	at org.springframework.boot.SpringApplication.refreshContext(SpringApplication.java:456)
	at org.springframework.boot.SpringApplication.run(SpringApplication.java:335)
	at org.springframework.boot.SpringApplication.run(SpringApplication.java:1363)
	at org.springframework.boot.SpringApplication.run(SpringApplication.java:1352)
	at com.apidesign.ApiDesignApplication.main(ApiDesignApplication.java:26)
	at java.base/jdk.internal.reflect.DirectMethodHandleAccessor.invoke(DirectMethodHandleAccessor.java:103)
	at java.base/java.lang.reflect.Method.invoke(Method.java:580)
	at org.springframework.boot.devtools.restart.RestartLauncher.run(RestartLauncher.java:50)
Caused by: java.sql.SQLSyntaxErrorException: ORA-01758: table must be empty to add mandatory (NOT NULL) column

https://docs.oracle.com/error-help/db/ora-01758/
	at oracle.jdbc.driver.T4CTTIoer11.processError(T4CTTIoer11.java:709)
	at oracle.jdbc.driver.T4CTTIoer11.processError(T4CTTIoer11.java:609)
	at oracle.jdbc.driver.T4C8Oall.processError(T4C8Oall.java:1347)
	at oracle.jdbc.driver.T4CTTIfun.receive(T4CTTIfun.java:1101)
	at oracle.jdbc.driver.T4CTTIfun.doRPC(T4CTTIfun.java:409)
	at oracle.jdbc.driver.T4C8Oall.doOALL(T4C8Oall.java:499)
	at oracle.jdbc.driver.T4CStatement.doOall8(T4CStatement.java:190)
	at oracle.jdbc.driver.T4CStatement.executeForRows(T4CStatement.java:1384)
	at oracle.jdbc.driver.OracleStatement.executeSQLStatement(OracleStatement.java:1995)
	at oracle.jdbc.driver.OracleStatement.doExecuteWithTimeout(OracleStatement.java:1608)
	at oracle.jdbc.driver.OracleStatement.executeInternal(OracleStatement.java:2673)
	at oracle.jdbc.driver.OracleStatement.execute(OracleStatement.java:2622)
	at oracle.jdbc.driver.OracleStatementWrapper.execute(OracleStatementWrapper.java:336)
	at com.zaxxer.hikari.pool.ProxyStatement.execute(ProxyStatement.java:94)
	at com.zaxxer.hikari.pool.HikariProxyStatement.execute(HikariProxyStatement.java)
	at org.hibernate.tool.schema.internal.exec.GenerationTargetToDatabase.accept(GenerationTargetToDatabase.java:80)
	... 40 common frames omitted
Caused by: oracle.jdbc.OracleDatabaseException: ORA-01758: table must be empty to add mandatory (NOT NULL) column

	at oracle.jdbc.driver.T4CTTIoer11.processError(T4CTTIoer11.java:717)
	... 55 common frames omitted
2026-05-28 09:39:34 [restartedMain] DEBUG org.hibernate.SQL - alter table if exists products add created_at timestamp(6) not null
2026-05-28 09:39:34 [restartedMain] WARN  o.h.t.s.i.ExceptionHandlerLoggedImpl - GenerationTarget encountered exception accepting command : Error executing DDL "alter table if exists products add created_at timestamp(6) not null" via JDBC [ORA-01758: table must be empty to add mandatory (NOT NULL) column

https://docs.oracle.com/error-help/db/ora-01758/]
org.hibernate.tool.schema.spi.CommandAcceptanceException: Error executing DDL "alter table if exists products add created_at timestamp(6) not null" via JDBC [ORA-01758: table must be empty to add mandatory (NOT NULL) column

https://docs.oracle.com/error-help/db/ora-01758/]
	at org.hibernate.tool.schema.internal.exec.GenerationTargetToDatabase.accept(GenerationTargetToDatabase.java:94)
	at org.hibernate.tool.schema.internal.AbstractSchemaMigrator.applySqlString(AbstractSchemaMigrator.java:575)
	at org.hibernate.tool.schema.internal.AbstractSchemaMigrator.applySqlStrings(AbstractSchemaMigrator.java:515)
	at org.hibernate.tool.schema.internal.AbstractSchemaMigrator.migrateTable(AbstractSchemaMigrator.java:333)
	at org.hibernate.tool.schema.internal.GroupedSchemaMigratorImpl.performTablesMigration(GroupedSchemaMigratorImpl.java:84)
	at org.hibernate.tool.schema.internal.AbstractSchemaMigrator.performMigration(AbstractSchemaMigrator.java:232)
	at org.hibernate.tool.schema.internal.AbstractSchemaMigrator.doMigration(AbstractSchemaMigrator.java:117)
	at org.hibernate.tool.schema.spi.SchemaManagementToolCoordinator.performDatabaseAction(SchemaManagementToolCoordinator.java:280)
	at org.hibernate.tool.schema.spi.SchemaManagementToolCoordinator.lambda$process$5(SchemaManagementToolCoordinator.java:144)
	at java.base/java.util.HashMap.forEach(HashMap.java:1429)
	at org.hibernate.tool.schema.spi.SchemaManagementToolCoordinator.process(SchemaManagementToolCoordinator.java:141)
	at org.hibernate.boot.internal.SessionFactoryObserverForSchemaExport.sessionFactoryCreated(SessionFactoryObserverForSchemaExport.java:37)
	at org.hibernate.internal.SessionFactoryObserverChain.sessionFactoryCreated(SessionFactoryObserverChain.java:35)
	at org.hibernate.internal.SessionFactoryImpl.<init>(SessionFactoryImpl.java:322)
	at org.hibernate.boot.internal.SessionFactoryBuilderImpl.build(SessionFactoryBuilderImpl.java:457)
	at org.hibernate.jpa.boot.internal.EntityManagerFactoryBuilderImpl.build(EntityManagerFactoryBuilderImpl.java:1506)
	at org.springframework.orm.jpa.vendor.SpringHibernateJpaPersistenceProvider.createContainerEntityManagerFactory(SpringHibernateJpaPersistenceProvider.java:75)
	at org.springframework.orm.jpa.LocalContainerEntityManagerFactoryBean.createNativeEntityManagerFactory(LocalContainerEntityManagerFactoryBean.java:390)
	at org.springframework.orm.jpa.AbstractEntityManagerFactoryBean.buildNativeEntityManagerFactory(AbstractEntityManagerFactoryBean.java:409)
	at org.springframework.orm.jpa.AbstractEntityManagerFactoryBean.afterPropertiesSet(AbstractEntityManagerFactoryBean.java:396)
	at org.springframework.orm.jpa.LocalContainerEntityManagerFactoryBean.afterPropertiesSet(LocalContainerEntityManagerFactoryBean.java:366)
	at org.springframework.beans.factory.support.AbstractAutowireCapableBeanFactory.invokeInitMethods(AbstractAutowireCapableBeanFactory.java:1835)
	at org.springframework.beans.factory.support.AbstractAutowireCapableBeanFactory.initializeBean(AbstractAutowireCapableBeanFactory.java:1784)
	at org.springframework.beans.factory.support.AbstractAutowireCapableBeanFactory.doCreateBean(AbstractAutowireCapableBeanFactory.java:600)
	at org.springframework.beans.factory.support.AbstractAutowireCapableBeanFactory.createBean(AbstractAutowireCapableBeanFactory.java:522)
	at org.springframework.beans.factory.support.AbstractBeanFactory.lambda$doGetBean$0(AbstractBeanFactory.java:337)
	at org.springframework.beans.factory.support.DefaultSingletonBeanRegistry.getSingleton(DefaultSingletonBeanRegistry.java:234)
	at org.springframework.beans.factory.support.AbstractBeanFactory.doGetBean(AbstractBeanFactory.java:335)
	at org.springframework.beans.factory.support.AbstractBeanFactory.getBean(AbstractBeanFactory.java:205)
	at org.springframework.context.support.AbstractApplicationContext.finishBeanFactoryInitialization(AbstractApplicationContext.java:952)
	at org.springframework.context.support.AbstractApplicationContext.refresh(AbstractApplicationContext.java:624)
	at org.springframework.boot.web.servlet.context.ServletWebServerApplicationContext.refresh(ServletWebServerApplicationContext.java:146)
	at org.springframework.boot.SpringApplication.refresh(SpringApplication.java:754)
	at org.springframework.boot.SpringApplication.refreshContext(SpringApplication.java:456)
	at org.springframework.boot.SpringApplication.run(SpringApplication.java:335)
	at org.springframework.boot.SpringApplication.run(SpringApplication.java:1363)
	at org.springframework.boot.SpringApplication.run(SpringApplication.java:1352)
	at com.apidesign.ApiDesignApplication.main(ApiDesignApplication.java:26)
	at java.base/jdk.internal.reflect.DirectMethodHandleAccessor.invoke(DirectMethodHandleAccessor.java:103)
	at java.base/java.lang.reflect.Method.invoke(Method.java:580)
	at org.springframework.boot.devtools.restart.RestartLauncher.run(RestartLauncher.java:50)
Caused by: java.sql.SQLSyntaxErrorException: ORA-01758: table must be empty to add mandatory (NOT NULL) column

https://docs.oracle.com/error-help/db/ora-01758/
	at oracle.jdbc.driver.T4CTTIoer11.processError(T4CTTIoer11.java:709)
	at oracle.jdbc.driver.T4CTTIoer11.processError(T4CTTIoer11.java:609)
	at oracle.jdbc.driver.T4C8Oall.processError(T4C8Oall.java:1347)
	at oracle.jdbc.driver.T4CTTIfun.receive(T4CTTIfun.java:1101)
	at oracle.jdbc.driver.T4CTTIfun.doRPC(T4CTTIfun.java:409)
	at oracle.jdbc.driver.T4C8Oall.doOALL(T4C8Oall.java:499)
	at oracle.jdbc.driver.T4CStatement.doOall8(T4CStatement.java:190)
	at oracle.jdbc.driver.T4CStatement.executeForRows(T4CStatement.java:1384)
	at oracle.jdbc.driver.OracleStatement.executeSQLStatement(OracleStatement.java:1995)
	at oracle.jdbc.driver.OracleStatement.doExecuteWithTimeout(OracleStatement.java:1608)
	at oracle.jdbc.driver.OracleStatement.executeInternal(OracleStatement.java:2673)
	at oracle.jdbc.driver.OracleStatement.execute(OracleStatement.java:2622)
	at oracle.jdbc.driver.OracleStatementWrapper.execute(OracleStatementWrapper.java:336)
	at com.zaxxer.hikari.pool.ProxyStatement.execute(ProxyStatement.java:94)
	at com.zaxxer.hikari.pool.HikariProxyStatement.execute(HikariProxyStatement.java)
	at org.hibernate.tool.schema.internal.exec.GenerationTargetToDatabase.accept(GenerationTargetToDatabase.java:80)
	... 40 common frames omitted
Caused by: oracle.jdbc.OracleDatabaseException: ORA-01758: table must be empty to add mandatory (NOT NULL) column

	at oracle.jdbc.driver.T4CTTIoer11.processError(T4CTTIoer11.java:717)
	... 55 common frames omitted
2026-05-28 09:39:34 [restartedMain] DEBUG org.hibernate.SQL - alter table if exists products add is_available number(1,0) not null check (is_available in (0,1))
2026-05-28 09:39:34 [restartedMain] WARN  o.h.t.s.i.ExceptionHandlerLoggedImpl - GenerationTarget encountered exception accepting command : Error executing DDL "alter table if exists products add is_available number(1,0) not null check (is_available in (0,1))" via JDBC [ORA-01758: table must be empty to add mandatory (NOT NULL) column

https://docs.oracle.com/error-help/db/ora-01758/]
org.hibernate.tool.schema.spi.CommandAcceptanceException: Error executing DDL "alter table if exists products add is_available number(1,0) not null check (is_available in (0,1))" via JDBC [ORA-01758: table must be empty to add mandatory (NOT NULL) column

https://docs.oracle.com/error-help/db/ora-01758/]
	at org.hibernate.tool.schema.internal.exec.GenerationTargetToDatabase.accept(GenerationTargetToDatabase.java:94)
	at org.hibernate.tool.schema.internal.AbstractSchemaMigrator.applySqlString(AbstractSchemaMigrator.java:575)
	at org.hibernate.tool.schema.internal.AbstractSchemaMigrator.applySqlStrings(AbstractSchemaMigrator.java:515)
	at org.hibernate.tool.schema.internal.AbstractSchemaMigrator.migrateTable(AbstractSchemaMigrator.java:333)
	at org.hibernate.tool.schema.internal.GroupedSchemaMigratorImpl.performTablesMigration(GroupedSchemaMigratorImpl.java:84)
	at org.hibernate.tool.schema.internal.AbstractSchemaMigrator.performMigration(AbstractSchemaMigrator.java:232)
	at org.hibernate.tool.schema.internal.AbstractSchemaMigrator.doMigration(AbstractSchemaMigrator.java:117)
	at org.hibernate.tool.schema.spi.SchemaManagementToolCoordinator.performDatabaseAction(SchemaManagementToolCoordinator.java:280)
	at org.hibernate.tool.schema.spi.SchemaManagementToolCoordinator.lambda$process$5(SchemaManagementToolCoordinator.java:144)
	at java.base/java.util.HashMap.forEach(HashMap.java:1429)
	at org.hibernate.tool.schema.spi.SchemaManagementToolCoordinator.process(SchemaManagementToolCoordinator.java:141)
	at org.hibernate.boot.internal.SessionFactoryObserverForSchemaExport.sessionFactoryCreated(SessionFactoryObserverForSchemaExport.java:37)
	at org.hibernate.internal.SessionFactoryObserverChain.sessionFactoryCreated(SessionFactoryObserverChain.java:35)
	at org.hibernate.internal.SessionFactoryImpl.<init>(SessionFactoryImpl.java:322)
	at org.hibernate.boot.internal.SessionFactoryBuilderImpl.build(SessionFactoryBuilderImpl.java:457)
	at org.hibernate.jpa.boot.internal.EntityManagerFactoryBuilderImpl.build(EntityManagerFactoryBuilderImpl.java:1506)
	at org.springframework.orm.jpa.vendor.SpringHibernateJpaPersistenceProvider.createContainerEntityManagerFactory(SpringHibernateJpaPersistenceProvider.java:75)
	at org.springframework.orm.jpa.LocalContainerEntityManagerFactoryBean.createNativeEntityManagerFactory(LocalContainerEntityManagerFactoryBean.java:390)
	at org.springframework.orm.jpa.AbstractEntityManagerFactoryBean.buildNativeEntityManagerFactory(AbstractEntityManagerFactoryBean.java:409)
	at org.springframework.orm.jpa.AbstractEntityManagerFactoryBean.afterPropertiesSet(AbstractEntityManagerFactoryBean.java:396)
	at org.springframework.orm.jpa.LocalContainerEntityManagerFactoryBean.afterPropertiesSet(LocalContainerEntityManagerFactoryBean.java:366)
	at org.springframework.beans.factory.support.AbstractAutowireCapableBeanFactory.invokeInitMethods(AbstractAutowireCapableBeanFactory.java:1835)
	at org.springframework.beans.factory.support.AbstractAutowireCapableBeanFactory.initializeBean(AbstractAutowireCapableBeanFactory.java:1784)
	at org.springframework.beans.factory.support.AbstractAutowireCapableBeanFactory.doCreateBean(AbstractAutowireCapableBeanFactory.java:600)
	at org.springframework.beans.factory.support.AbstractAutowireCapableBeanFactory.createBean(AbstractAutowireCapableBeanFactory.java:522)
	at org.springframework.beans.factory.support.AbstractBeanFactory.lambda$doGetBean$0(AbstractBeanFactory.java:337)
	at org.springframework.beans.factory.support.DefaultSingletonBeanRegistry.getSingleton(DefaultSingletonBeanRegistry.java:234)
	at org.springframework.beans.factory.support.AbstractBeanFactory.doGetBean(AbstractBeanFactory.java:335)
	at org.springframework.beans.factory.support.AbstractBeanFactory.getBean(AbstractBeanFactory.java:205)
	at org.springframework.context.support.AbstractApplicationContext.finishBeanFactoryInitialization(AbstractApplicationContext.java:952)
	at org.springframework.context.support.AbstractApplicationContext.refresh(AbstractApplicationContext.java:624)
	at org.springframework.boot.web.servlet.context.ServletWebServerApplicationContext.refresh(ServletWebServerApplicationContext.java:146)
	at org.springframework.boot.SpringApplication.refresh(SpringApplication.java:754)
	at org.springframework.boot.SpringApplication.refreshContext(SpringApplication.java:456)
	at org.springframework.boot.SpringApplication.run(SpringApplication.java:335)
	at org.springframework.boot.SpringApplication.run(SpringApplication.java:1363)
	at org.springframework.boot.SpringApplication.run(SpringApplication.java:1352)
	at com.apidesign.ApiDesignApplication.main(ApiDesignApplication.java:26)
	at java.base/jdk.internal.reflect.DirectMethodHandleAccessor.invoke(DirectMethodHandleAccessor.java:103)
	at java.base/java.lang.reflect.Method.invoke(Method.java:580)
	at org.springframework.boot.devtools.restart.RestartLauncher.run(RestartLauncher.java:50)
Caused by: java.sql.SQLSyntaxErrorException: ORA-01758: table must be empty to add mandatory (NOT NULL) column

https://docs.oracle.com/error-help/db/ora-01758/
	at oracle.jdbc.driver.T4CTTIoer11.processError(T4CTTIoer11.java:709)
	at oracle.jdbc.driver.T4CTTIoer11.processError(T4CTTIoer11.java:609)
	at oracle.jdbc.driver.T4C8Oall.processError(T4C8Oall.java:1347)
	at oracle.jdbc.driver.T4CTTIfun.receive(T4CTTIfun.java:1101)
	at oracle.jdbc.driver.T4CTTIfun.doRPC(T4CTTIfun.java:409)
	at oracle.jdbc.driver.T4C8Oall.doOALL(T4C8Oall.java:499)
	at oracle.jdbc.driver.T4CStatement.doOall8(T4CStatement.java:190)
	at oracle.jdbc.driver.T4CStatement.executeForRows(T4CStatement.java:1384)
	at oracle.jdbc.driver.OracleStatement.executeSQLStatement(OracleStatement.java:1995)
	at oracle.jdbc.driver.OracleStatement.doExecuteWithTimeout(OracleStatement.java:1608)
	at oracle.jdbc.driver.OracleStatement.executeInternal(OracleStatement.java:2673)
	at oracle.jdbc.driver.OracleStatement.execute(OracleStatement.java:2622)
	at oracle.jdbc.driver.OracleStatementWrapper.execute(OracleStatementWrapper.java:336)
	at com.zaxxer.hikari.pool.ProxyStatement.execute(ProxyStatement.java:94)
	at com.zaxxer.hikari.pool.HikariProxyStatement.execute(HikariProxyStatement.java)
	at org.hibernate.tool.schema.internal.exec.GenerationTargetToDatabase.accept(GenerationTargetToDatabase.java:80)
	... 40 common frames omitted
Caused by: oracle.jdbc.OracleDatabaseException: ORA-01758: table must be empty to add mandatory (NOT NULL) column

	at oracle.jdbc.driver.T4CTTIoer11.processError(T4CTTIoer11.java:717)
	... 55 common frames omitted
2026-05-28 09:39:34 [restartedMain] DEBUG org.hibernate.SQL - alter table if exists products add name varchar2(100 char) not null
2026-05-28 09:39:34 [restartedMain] WARN  o.h.t.s.i.ExceptionHandlerLoggedImpl - GenerationTarget encountered exception accepting command : Error executing DDL "alter table if exists products add name varchar2(100 char) not null" via JDBC [ORA-01758: table must be empty to add mandatory (NOT NULL) column

https://docs.oracle.com/error-help/db/ora-01758/]
org.hibernate.tool.schema.spi.CommandAcceptanceException: Error executing DDL "alter table if exists products add name varchar2(100 char) not null" via JDBC [ORA-01758: table must be empty to add mandatory (NOT NULL) column

https://docs.oracle.com/error-help/db/ora-01758/]
	at org.hibernate.tool.schema.internal.exec.GenerationTargetToDatabase.accept(GenerationTargetToDatabase.java:94)
	at org.hibernate.tool.schema.internal.AbstractSchemaMigrator.applySqlString(AbstractSchemaMigrator.java:575)
	at org.hibernate.tool.schema.internal.AbstractSchemaMigrator.applySqlStrings(AbstractSchemaMigrator.java:515)
	at org.hibernate.tool.schema.internal.AbstractSchemaMigrator.migrateTable(AbstractSchemaMigrator.java:333)
	at org.hibernate.tool.schema.internal.GroupedSchemaMigratorImpl.performTablesMigration(GroupedSchemaMigratorImpl.java:84)
	at org.hibernate.tool.schema.internal.AbstractSchemaMigrator.performMigration(AbstractSchemaMigrator.java:232)
	at org.hibernate.tool.schema.internal.AbstractSchemaMigrator.doMigration(AbstractSchemaMigrator.java:117)
	at org.hibernate.tool.schema.spi.SchemaManagementToolCoordinator.performDatabaseAction(SchemaManagementToolCoordinator.java:280)
	at org.hibernate.tool.schema.spi.SchemaManagementToolCoordinator.lambda$process$5(SchemaManagementToolCoordinator.java:144)
	at java.base/java.util.HashMap.forEach(HashMap.java:1429)
	at org.hibernate.tool.schema.spi.SchemaManagementToolCoordinator.process(SchemaManagementToolCoordinator.java:141)
	at org.hibernate.boot.internal.SessionFactoryObserverForSchemaExport.sessionFactoryCreated(SessionFactoryObserverForSchemaExport.java:37)
	at org.hibernate.internal.SessionFactoryObserverChain.sessionFactoryCreated(SessionFactoryObserverChain.java:35)
	at org.hibernate.internal.SessionFactoryImpl.<init>(SessionFactoryImpl.java:322)
	at org.hibernate.boot.internal.SessionFactoryBuilderImpl.build(SessionFactoryBuilderImpl.java:457)
	at org.hibernate.jpa.boot.internal.EntityManagerFactoryBuilderImpl.build(EntityManagerFactoryBuilderImpl.java:1506)
	at org.springframework.orm.jpa.vendor.SpringHibernateJpaPersistenceProvider.createContainerEntityManagerFactory(SpringHibernateJpaPersistenceProvider.java:75)
	at org.springframework.orm.jpa.LocalContainerEntityManagerFactoryBean.createNativeEntityManagerFactory(LocalContainerEntityManagerFactoryBean.java:390)
	at org.springframework.orm.jpa.AbstractEntityManagerFactoryBean.buildNativeEntityManagerFactory(AbstractEntityManagerFactoryBean.java:409)
	at org.springframework.orm.jpa.AbstractEntityManagerFactoryBean.afterPropertiesSet(AbstractEntityManagerFactoryBean.java:396)
	at org.springframework.orm.jpa.LocalContainerEntityManagerFactoryBean.afterPropertiesSet(LocalContainerEntityManagerFactoryBean.java:366)
	at org.springframework.beans.factory.support.AbstractAutowireCapableBeanFactory.invokeInitMethods(AbstractAutowireCapableBeanFactory.java:1835)
	at org.springframework.beans.factory.support.AbstractAutowireCapableBeanFactory.initializeBean(AbstractAutowireCapableBeanFactory.java:1784)
	at org.springframework.beans.factory.support.AbstractAutowireCapableBeanFactory.doCreateBean(AbstractAutowireCapableBeanFactory.java:600)
	at org.springframework.beans.factory.support.AbstractAutowireCapableBeanFactory.createBean(AbstractAutowireCapableBeanFactory.java:522)
	at org.springframework.beans.factory.support.AbstractBeanFactory.lambda$doGetBean$0(AbstractBeanFactory.java:337)
	at org.springframework.beans.factory.support.DefaultSingletonBeanRegistry.getSingleton(DefaultSingletonBeanRegistry.java:234)
	at org.springframework.beans.factory.support.AbstractBeanFactory.doGetBean(AbstractBeanFactory.java:335)
	at org.springframework.beans.factory.support.AbstractBeanFactory.getBean(AbstractBeanFactory.java:205)
	at org.springframework.context.support.AbstractApplicationContext.finishBeanFactoryInitialization(AbstractApplicationContext.java:952)
	at org.springframework.context.support.AbstractApplicationContext.refresh(AbstractApplicationContext.java:624)
	at org.springframework.boot.web.servlet.context.ServletWebServerApplicationContext.refresh(ServletWebServerApplicationContext.java:146)
	at org.springframework.boot.SpringApplication.refresh(SpringApplication.java:754)
	at org.springframework.boot.SpringApplication.refreshContext(SpringApplication.java:456)
	at org.springframework.boot.SpringApplication.run(SpringApplication.java:335)
	at org.springframework.boot.SpringApplication.run(SpringApplication.java:1363)
	at org.springframework.boot.SpringApplication.run(SpringApplication.java:1352)
	at com.apidesign.ApiDesignApplication.main(ApiDesignApplication.java:26)
	at java.base/jdk.internal.reflect.DirectMethodHandleAccessor.invoke(DirectMethodHandleAccessor.java:103)
	at java.base/java.lang.reflect.Method.invoke(Method.java:580)
	at org.springframework.boot.devtools.restart.RestartLauncher.run(RestartLauncher.java:50)
Caused by: java.sql.SQLSyntaxErrorException: ORA-01758: table must be empty to add mandatory (NOT NULL) column

https://docs.oracle.com/error-help/db/ora-01758/
	at oracle.jdbc.driver.T4CTTIoer11.processError(T4CTTIoer11.java:709)
	at oracle.jdbc.driver.T4CTTIoer11.processError(T4CTTIoer11.java:609)
	at oracle.jdbc.driver.T4C8Oall.processError(T4C8Oall.java:1347)
	at oracle.jdbc.driver.T4CTTIfun.receive(T4CTTIfun.java:1101)
	at oracle.jdbc.driver.T4CTTIfun.doRPC(T4CTTIfun.java:409)
	at oracle.jdbc.driver.T4C8Oall.doOALL(T4C8Oall.java:499)
	at oracle.jdbc.driver.T4CStatement.doOall8(T4CStatement.java:190)
	at oracle.jdbc.driver.T4CStatement.executeForRows(T4CStatement.java:1384)
	at oracle.jdbc.driver.OracleStatement.executeSQLStatement(OracleStatement.java:1995)
	at oracle.jdbc.driver.OracleStatement.doExecuteWithTimeout(OracleStatement.java:1608)
	at oracle.jdbc.driver.OracleStatement.executeInternal(OracleStatement.java:2673)
	at oracle.jdbc.driver.OracleStatement.execute(OracleStatement.java:2622)
	at oracle.jdbc.driver.OracleStatementWrapper.execute(OracleStatementWrapper.java:336)
	at com.zaxxer.hikari.pool.ProxyStatement.execute(ProxyStatement.java:94)
	at com.zaxxer.hikari.pool.HikariProxyStatement.execute(HikariProxyStatement.java)
	at org.hibernate.tool.schema.internal.exec.GenerationTargetToDatabase.accept(GenerationTargetToDatabase.java:80)
	... 40 common frames omitted
Caused by: oracle.jdbc.OracleDatabaseException: ORA-01758: table must be empty to add mandatory (NOT NULL) column

	at oracle.jdbc.driver.T4CTTIoer11.processError(T4CTTIoer11.java:717)
	... 55 common frames omitted
2026-05-28 09:39:34 [restartedMain] DEBUG org.hibernate.SQL - alter table if exists products add price number(10,2) not null
2026-05-28 09:39:34 [restartedMain] WARN  o.h.t.s.i.ExceptionHandlerLoggedImpl - GenerationTarget encountered exception accepting command : Error executing DDL "alter table if exists products add price number(10,2) not null" via JDBC [ORA-01758: table must be empty to add mandatory (NOT NULL) column

https://docs.oracle.com/error-help/db/ora-01758/]
org.hibernate.tool.schema.spi.CommandAcceptanceException: Error executing DDL "alter table if exists products add price number(10,2) not null" via JDBC [ORA-01758: table must be empty to add mandatory (NOT NULL) column

https://docs.oracle.com/error-help/db/ora-01758/]
	at org.hibernate.tool.schema.internal.exec.GenerationTargetToDatabase.accept(GenerationTargetToDatabase.java:94)
	at org.hibernate.tool.schema.internal.AbstractSchemaMigrator.applySqlString(AbstractSchemaMigrator.java:575)
	at org.hibernate.tool.schema.internal.AbstractSchemaMigrator.applySqlStrings(AbstractSchemaMigrator.java:515)
	at org.hibernate.tool.schema.internal.AbstractSchemaMigrator.migrateTable(AbstractSchemaMigrator.java:333)
	at org.hibernate.tool.schema.internal.GroupedSchemaMigratorImpl.performTablesMigration(GroupedSchemaMigratorImpl.java:84)
	at org.hibernate.tool.schema.internal.AbstractSchemaMigrator.performMigration(AbstractSchemaMigrator.java:232)
	at org.hibernate.tool.schema.internal.AbstractSchemaMigrator.doMigration(AbstractSchemaMigrator.java:117)
	at org.hibernate.tool.schema.spi.SchemaManagementToolCoordinator.performDatabaseAction(SchemaManagementToolCoordinator.java:280)
	at org.hibernate.tool.schema.spi.SchemaManagementToolCoordinator.lambda$process$5(SchemaManagementToolCoordinator.java:144)
	at java.base/java.util.HashMap.forEach(HashMap.java:1429)
	at org.hibernate.tool.schema.spi.SchemaManagementToolCoordinator.process(SchemaManagementToolCoordinator.java:141)
	at org.hibernate.boot.internal.SessionFactoryObserverForSchemaExport.sessionFactoryCreated(SessionFactoryObserverForSchemaExport.java:37)
	at org.hibernate.internal.SessionFactoryObserverChain.sessionFactoryCreated(SessionFactoryObserverChain.java:35)
	at org.hibernate.internal.SessionFactoryImpl.<init>(SessionFactoryImpl.java:322)
	at org.hibernate.boot.internal.SessionFactoryBuilderImpl.build(SessionFactoryBuilderImpl.java:457)
	at org.hibernate.jpa.boot.internal.EntityManagerFactoryBuilderImpl.build(EntityManagerFactoryBuilderImpl.java:1506)
	at org.springframework.orm.jpa.vendor.SpringHibernateJpaPersistenceProvider.createContainerEntityManagerFactory(SpringHibernateJpaPersistenceProvider.java:75)
	at org.springframework.orm.jpa.LocalContainerEntityManagerFactoryBean.createNativeEntityManagerFactory(LocalContainerEntityManagerFactoryBean.java:390)
	at org.springframework.orm.jpa.AbstractEntityManagerFactoryBean.buildNativeEntityManagerFactory(AbstractEntityManagerFactoryBean.java:409)
	at org.springframework.orm.jpa.AbstractEntityManagerFactoryBean.afterPropertiesSet(AbstractEntityManagerFactoryBean.java:396)
	at org.springframework.orm.jpa.LocalContainerEntityManagerFactoryBean.afterPropertiesSet(LocalContainerEntityManagerFactoryBean.java:366)
	at org.springframework.beans.factory.support.AbstractAutowireCapableBeanFactory.invokeInitMethods(AbstractAutowireCapableBeanFactory.java:1835)
	at org.springframework.beans.factory.support.AbstractAutowireCapableBeanFactory.initializeBean(AbstractAutowireCapableBeanFactory.java:1784)
	at org.springframework.beans.factory.support.AbstractAutowireCapableBeanFactory.doCreateBean(AbstractAutowireCapableBeanFactory.java:600)
	at org.springframework.beans.factory.support.AbstractAutowireCapableBeanFactory.createBean(AbstractAutowireCapableBeanFactory.java:522)
	at org.springframework.beans.factory.support.AbstractBeanFactory.lambda$doGetBean$0(AbstractBeanFactory.java:337)
	at org.springframework.beans.factory.support.DefaultSingletonBeanRegistry.getSingleton(DefaultSingletonBeanRegistry.java:234)
	at org.springframework.beans.factory.support.AbstractBeanFactory.doGetBean(AbstractBeanFactory.java:335)
	at org.springframework.beans.factory.support.AbstractBeanFactory.getBean(AbstractBeanFactory.java:205)
	at org.springframework.context.support.AbstractApplicationContext.finishBeanFactoryInitialization(AbstractApplicationContext.java:952)
	at org.springframework.context.support.AbstractApplicationContext.refresh(AbstractApplicationContext.java:624)
	at org.springframework.boot.web.servlet.context.ServletWebServerApplicationContext.refresh(ServletWebServerApplicationContext.java:146)
	at org.springframework.boot.SpringApplication.refresh(SpringApplication.java:754)
	at org.springframework.boot.SpringApplication.refreshContext(SpringApplication.java:456)
	at org.springframework.boot.SpringApplication.run(SpringApplication.java:335)
	at org.springframework.boot.SpringApplication.run(SpringApplication.java:1363)
	at org.springframework.boot.SpringApplication.run(SpringApplication.java:1352)
	at com.apidesign.ApiDesignApplication.main(ApiDesignApplication.java:26)
	at java.base/jdk.internal.reflect.DirectMethodHandleAccessor.invoke(DirectMethodHandleAccessor.java:103)
	at java.base/java.lang.reflect.Method.invoke(Method.java:580)
	at org.springframework.boot.devtools.restart.RestartLauncher.run(RestartLauncher.java:50)
Caused by: java.sql.SQLSyntaxErrorException: ORA-01758: table must be empty to add mandatory (NOT NULL) column

https://docs.oracle.com/error-help/db/ora-01758/
	at oracle.jdbc.driver.T4CTTIoer11.processError(T4CTTIoer11.java:709)
	at oracle.jdbc.driver.T4CTTIoer11.processError(T4CTTIoer11.java:609)
	at oracle.jdbc.driver.T4C8Oall.processError(T4C8Oall.java:1347)
	at oracle.jdbc.driver.T4CTTIfun.receive(T4CTTIfun.java:1101)
	at oracle.jdbc.driver.T4CTTIfun.doRPC(T4CTTIfun.java:409)
	at oracle.jdbc.driver.T4C8Oall.doOALL(T4C8Oall.java:499)
	at oracle.jdbc.driver.T4CStatement.doOall8(T4CStatement.java:190)
	at oracle.jdbc.driver.T4CStatement.executeForRows(T4CStatement.java:1384)
	at oracle.jdbc.driver.OracleStatement.executeSQLStatement(OracleStatement.java:1995)
	at oracle.jdbc.driver.OracleStatement.doExecuteWithTimeout(OracleStatement.java:1608)
	at oracle.jdbc.driver.OracleStatement.executeInternal(OracleStatement.java:2673)
	at oracle.jdbc.driver.OracleStatement.execute(OracleStatement.java:2622)
	at oracle.jdbc.driver.OracleStatementWrapper.execute(OracleStatementWrapper.java:336)
	at com.zaxxer.hikari.pool.ProxyStatement.execute(ProxyStatement.java:94)
	at com.zaxxer.hikari.pool.HikariProxyStatement.execute(HikariProxyStatement.java)
	at org.hibernate.tool.schema.internal.exec.GenerationTargetToDatabase.accept(GenerationTargetToDatabase.java:80)
	... 40 common frames omitted
Caused by: oracle.jdbc.OracleDatabaseException: ORA-01758: table must be empty to add mandatory (NOT NULL) column

	at oracle.jdbc.driver.T4CTTIoer11.processError(T4CTTIoer11.java:717)
	... 55 common frames omitted
2026-05-28 09:39:34 [restartedMain] DEBUG org.hibernate.SQL - alter table if exists products add sku varchar2(50 char) not null
2026-05-28 09:39:34 [restartedMain] WARN  o.h.t.s.i.ExceptionHandlerLoggedImpl - GenerationTarget encountered exception accepting command : Error executing DDL "alter table if exists products add sku varchar2(50 char) not null" via JDBC [ORA-01758: table must be empty to add mandatory (NOT NULL) column

https://docs.oracle.com/error-help/db/ora-01758/]
org.hibernate.tool.schema.spi.CommandAcceptanceException: Error executing DDL "alter table if exists products add sku varchar2(50 char) not null" via JDBC [ORA-01758: table must be empty to add mandatory (NOT NULL) column

https://docs.oracle.com/error-help/db/ora-01758/]
	at org.hibernate.tool.schema.internal.exec.GenerationTargetToDatabase.accept(GenerationTargetToDatabase.java:94)
	at org.hibernate.tool.schema.internal.AbstractSchemaMigrator.applySqlString(AbstractSchemaMigrator.java:575)
	at org.hibernate.tool.schema.internal.AbstractSchemaMigrator.applySqlStrings(AbstractSchemaMigrator.java:515)
	at org.hibernate.tool.schema.internal.AbstractSchemaMigrator.migrateTable(AbstractSchemaMigrator.java:333)
	at org.hibernate.tool.schema.internal.GroupedSchemaMigratorImpl.performTablesMigration(GroupedSchemaMigratorImpl.java:84)
	at org.hibernate.tool.schema.internal.AbstractSchemaMigrator.performMigration(AbstractSchemaMigrator.java:232)
	at org.hibernate.tool.schema.internal.AbstractSchemaMigrator.doMigration(AbstractSchemaMigrator.java:117)
	at org.hibernate.tool.schema.spi.SchemaManagementToolCoordinator.performDatabaseAction(SchemaManagementToolCoordinator.java:280)
	at org.hibernate.tool.schema.spi.SchemaManagementToolCoordinator.lambda$process$5(SchemaManagementToolCoordinator.java:144)
	at java.base/java.util.HashMap.forEach(HashMap.java:1429)
	at org.hibernate.tool.schema.spi.SchemaManagementToolCoordinator.process(SchemaManagementToolCoordinator.java:141)
	at org.hibernate.boot.internal.SessionFactoryObserverForSchemaExport.sessionFactoryCreated(SessionFactoryObserverForSchemaExport.java:37)
	at org.hibernate.internal.SessionFactoryObserverChain.sessionFactoryCreated(SessionFactoryObserverChain.java:35)
	at org.hibernate.internal.SessionFactoryImpl.<init>(SessionFactoryImpl.java:322)
	at org.hibernate.boot.internal.SessionFactoryBuilderImpl.build(SessionFactoryBuilderImpl.java:457)
	at org.hibernate.jpa.boot.internal.EntityManagerFactoryBuilderImpl.build(EntityManagerFactoryBuilderImpl.java:1506)
	at org.springframework.orm.jpa.vendor.SpringHibernateJpaPersistenceProvider.createContainerEntityManagerFactory(SpringHibernateJpaPersistenceProvider.java:75)
	at org.springframework.orm.jpa.LocalContainerEntityManagerFactoryBean.createNativeEntityManagerFactory(LocalContainerEntityManagerFactoryBean.java:390)
	at org.springframework.orm.jpa.AbstractEntityManagerFactoryBean.buildNativeEntityManagerFactory(AbstractEntityManagerFactoryBean.java:409)
	at org.springframework.orm.jpa.AbstractEntityManagerFactoryBean.afterPropertiesSet(AbstractEntityManagerFactoryBean.java:396)
	at org.springframework.orm.jpa.LocalContainerEntityManagerFactoryBean.afterPropertiesSet(LocalContainerEntityManagerFactoryBean.java:366)
	at org.springframework.beans.factory.support.AbstractAutowireCapableBeanFactory.invokeInitMethods(AbstractAutowireCapableBeanFactory.java:1835)
	at org.springframework.beans.factory.support.AbstractAutowireCapableBeanFactory.initializeBean(AbstractAutowireCapableBeanFactory.java:1784)
	at org.springframework.beans.factory.support.AbstractAutowireCapableBeanFactory.doCreateBean(AbstractAutowireCapableBeanFactory.java:600)
	at org.springframework.beans.factory.support.AbstractAutowireCapableBeanFactory.createBean(AbstractAutowireCapableBeanFactory.java:522)
	at org.springframework.beans.factory.support.AbstractBeanFactory.lambda$doGetBean$0(AbstractBeanFactory.java:337)
	at org.springframework.beans.factory.support.DefaultSingletonBeanRegistry.getSingleton(DefaultSingletonBeanRegistry.java:234)
	at org.springframework.beans.factory.support.AbstractBeanFactory.doGetBean(AbstractBeanFactory.java:335)
	at org.springframework.beans.factory.support.AbstractBeanFactory.getBean(AbstractBeanFactory.java:205)
	at org.springframework.context.support.AbstractApplicationContext.finishBeanFactoryInitialization(AbstractApplicationContext.java:952)
	at org.springframework.context.support.AbstractApplicationContext.refresh(AbstractApplicationContext.java:624)
	at org.springframework.boot.web.servlet.context.ServletWebServerApplicationContext.refresh(ServletWebServerApplicationContext.java:146)
	at org.springframework.boot.SpringApplication.refresh(SpringApplication.java:754)
	at org.springframework.boot.SpringApplication.refreshContext(SpringApplication.java:456)
	at org.springframework.boot.SpringApplication.run(SpringApplication.java:335)
	at org.springframework.boot.SpringApplication.run(SpringApplication.java:1363)
	at org.springframework.boot.SpringApplication.run(SpringApplication.java:1352)
	at com.apidesign.ApiDesignApplication.main(ApiDesignApplication.java:26)
	at java.base/jdk.internal.reflect.DirectMethodHandleAccessor.invoke(DirectMethodHandleAccessor.java:103)
	at java.base/java.lang.reflect.Method.invoke(Method.java:580)
	at org.springframework.boot.devtools.restart.RestartLauncher.run(RestartLauncher.java:50)
Caused by: java.sql.SQLSyntaxErrorException: ORA-01758: table must be empty to add mandatory (NOT NULL) column

https://docs.oracle.com/error-help/db/ora-01758/
	at oracle.jdbc.driver.T4CTTIoer11.processError(T4CTTIoer11.java:709)
	at oracle.jdbc.driver.T4CTTIoer11.processError(T4CTTIoer11.java:609)
	at oracle.jdbc.driver.T4C8Oall.processError(T4C8Oall.java:1347)
	at oracle.jdbc.driver.T4CTTIfun.receive(T4CTTIfun.java:1101)
	at oracle.jdbc.driver.T4CTTIfun.doRPC(T4CTTIfun.java:409)
	at oracle.jdbc.driver.T4C8Oall.doOALL(T4C8Oall.java:499)
	at oracle.jdbc.driver.T4CStatement.doOall8(T4CStatement.java:190)
	at oracle.jdbc.driver.T4CStatement.executeForRows(T4CStatement.java:1384)
	at oracle.jdbc.driver.OracleStatement.executeSQLStatement(OracleStatement.java:1995)
	at oracle.jdbc.driver.OracleStatement.doExecuteWithTimeout(OracleStatement.java:1608)
	at oracle.jdbc.driver.OracleStatement.executeInternal(OracleStatement.java:2673)
	at oracle.jdbc.driver.OracleStatement.execute(OracleStatement.java:2622)
	at oracle.jdbc.driver.OracleStatementWrapper.execute(OracleStatementWrapper.java:336)
	at com.zaxxer.hikari.pool.ProxyStatement.execute(ProxyStatement.java:94)
	at com.zaxxer.hikari.pool.HikariProxyStatement.execute(HikariProxyStatement.java)
	at org.hibernate.tool.schema.internal.exec.GenerationTargetToDatabase.accept(GenerationTargetToDatabase.java:80)
	... 40 common frames omitted
Caused by: oracle.jdbc.OracleDatabaseException: ORA-01758: table must be empty to add mandatory (NOT NULL) column

	at oracle.jdbc.driver.T4CTTIoer11.processError(T4CTTIoer11.java:717)
	... 55 common frames omitted
2026-05-28 09:39:34 [restartedMain] DEBUG org.hibernate.SQL - alter table if exists products add stock_quantity number(19,0) not null
2026-05-28 09:39:34 [restartedMain] WARN  o.h.t.s.i.ExceptionHandlerLoggedImpl - GenerationTarget encountered exception accepting command : Error executing DDL "alter table if exists products add stock_quantity number(19,0) not null" via JDBC [ORA-01758: table must be empty to add mandatory (NOT NULL) column

https://docs.oracle.com/error-help/db/ora-01758/]
org.hibernate.tool.schema.spi.CommandAcceptanceException: Error executing DDL "alter table if exists products add stock_quantity number(19,0) not null" via JDBC [ORA-01758: table must be empty to add mandatory (NOT NULL) column

https://docs.oracle.com/error-help/db/ora-01758/]
	at org.hibernate.tool.schema.internal.exec.GenerationTargetToDatabase.accept(GenerationTargetToDatabase.java:94)
	at org.hibernate.tool.schema.internal.AbstractSchemaMigrator.applySqlString(AbstractSchemaMigrator.java:575)
	at org.hibernate.tool.schema.internal.AbstractSchemaMigrator.applySqlStrings(AbstractSchemaMigrator.java:515)
	at org.hibernate.tool.schema.internal.AbstractSchemaMigrator.migrateTable(AbstractSchemaMigrator.java:333)
	at org.hibernate.tool.schema.internal.GroupedSchemaMigratorImpl.performTablesMigration(GroupedSchemaMigratorImpl.java:84)
	at org.hibernate.tool.schema.internal.AbstractSchemaMigrator.performMigration(AbstractSchemaMigrator.java:232)
	at org.hibernate.tool.schema.internal.AbstractSchemaMigrator.doMigration(AbstractSchemaMigrator.java:117)
	at org.hibernate.tool.schema.spi.SchemaManagementToolCoordinator.performDatabaseAction(SchemaManagementToolCoordinator.java:280)
	at org.hibernate.tool.schema.spi.SchemaManagementToolCoordinator.lambda$process$5(SchemaManagementToolCoordinator.java:144)
	at java.base/java.util.HashMap.forEach(HashMap.java:1429)
	at org.hibernate.tool.schema.spi.SchemaManagementToolCoordinator.process(SchemaManagementToolCoordinator.java:141)
	at org.hibernate.boot.internal.SessionFactoryObserverForSchemaExport.sessionFactoryCreated(SessionFactoryObserverForSchemaExport.java:37)
	at org.hibernate.internal.SessionFactoryObserverChain.sessionFactoryCreated(SessionFactoryObserverChain.java:35)
	at org.hibernate.internal.SessionFactoryImpl.<init>(SessionFactoryImpl.java:322)
	at org.hibernate.boot.internal.SessionFactoryBuilderImpl.build(SessionFactoryBuilderImpl.java:457)
	at org.hibernate.jpa.boot.internal.EntityManagerFactoryBuilderImpl.build(EntityManagerFactoryBuilderImpl.java:1506)
	at org.springframework.orm.jpa.vendor.SpringHibernateJpaPersistenceProvider.createContainerEntityManagerFactory(SpringHibernateJpaPersistenceProvider.java:75)
	at org.springframework.orm.jpa.LocalContainerEntityManagerFactoryBean.createNativeEntityManagerFactory(LocalContainerEntityManagerFactoryBean.java:390)
	at org.springframework.orm.jpa.AbstractEntityManagerFactoryBean.buildNativeEntityManagerFactory(AbstractEntityManagerFactoryBean.java:409)
	at org.springframework.orm.jpa.AbstractEntityManagerFactoryBean.afterPropertiesSet(AbstractEntityManagerFactoryBean.java:396)
	at org.springframework.orm.jpa.LocalContainerEntityManagerFactoryBean.afterPropertiesSet(LocalContainerEntityManagerFactoryBean.java:366)
	at org.springframework.beans.factory.support.AbstractAutowireCapableBeanFactory.invokeInitMethods(AbstractAutowireCapableBeanFactory.java:1835)
	at org.springframework.beans.factory.support.AbstractAutowireCapableBeanFactory.initializeBean(AbstractAutowireCapableBeanFactory.java:1784)
	at org.springframework.beans.factory.support.AbstractAutowireCapableBeanFactory.doCreateBean(AbstractAutowireCapableBeanFactory.java:600)
	at org.springframework.beans.factory.support.AbstractAutowireCapableBeanFactory.createBean(AbstractAutowireCapableBeanFactory.java:522)
	at org.springframework.beans.factory.support.AbstractBeanFactory.lambda$doGetBean$0(AbstractBeanFactory.java:337)
	at org.springframework.beans.factory.support.DefaultSingletonBeanRegistry.getSingleton(DefaultSingletonBeanRegistry.java:234)
	at org.springframework.beans.factory.support.AbstractBeanFactory.doGetBean(AbstractBeanFactory.java:335)
	at org.springframework.beans.factory.support.AbstractBeanFactory.getBean(AbstractBeanFactory.java:205)
	at org.springframework.context.support.AbstractApplicationContext.finishBeanFactoryInitialization(AbstractApplicationContext.java:952)
	at org.springframework.context.support.AbstractApplicationContext.refresh(AbstractApplicationContext.java:624)
	at org.springframework.boot.web.servlet.context.ServletWebServerApplicationContext.refresh(ServletWebServerApplicationContext.java:146)
	at org.springframework.boot.SpringApplication.refresh(SpringApplication.java:754)
	at org.springframework.boot.SpringApplication.refreshContext(SpringApplication.java:456)
	at org.springframework.boot.SpringApplication.run(SpringApplication.java:335)
	at org.springframework.boot.SpringApplication.run(SpringApplication.java:1363)
	at org.springframework.boot.SpringApplication.run(SpringApplication.java:1352)
	at com.apidesign.ApiDesignApplication.main(ApiDesignApplication.java:26)
	at java.base/jdk.internal.reflect.DirectMethodHandleAccessor.invoke(DirectMethodHandleAccessor.java:103)
	at java.base/java.lang.reflect.Method.invoke(Method.java:580)
	at org.springframework.boot.devtools.restart.RestartLauncher.run(RestartLauncher.java:50)
Caused by: java.sql.SQLSyntaxErrorException: ORA-01758: table must be empty to add mandatory (NOT NULL) column

https://docs.oracle.com/error-help/db/ora-01758/
	at oracle.jdbc.driver.T4CTTIoer11.processError(T4CTTIoer11.java:709)
	at oracle.jdbc.driver.T4CTTIoer11.processError(T4CTTIoer11.java:609)
	at oracle.jdbc.driver.T4C8Oall.processError(T4C8Oall.java:1347)
	at oracle.jdbc.driver.T4CTTIfun.receive(T4CTTIfun.java:1101)
	at oracle.jdbc.driver.T4CTTIfun.doRPC(T4CTTIfun.java:409)
	at oracle.jdbc.driver.T4C8Oall.doOALL(T4C8Oall.java:499)
	at oracle.jdbc.driver.T4CStatement.doOall8(T4CStatement.java:190)
	at oracle.jdbc.driver.T4CStatement.executeForRows(T4CStatement.java:1384)
	at oracle.jdbc.driver.OracleStatement.executeSQLStatement(OracleStatement.java:1995)
	at oracle.jdbc.driver.OracleStatement.doExecuteWithTimeout(OracleStatement.java:1608)
	at oracle.jdbc.driver.OracleStatement.executeInternal(OracleStatement.java:2673)
	at oracle.jdbc.driver.OracleStatement.execute(OracleStatement.java:2622)
	at oracle.jdbc.driver.OracleStatementWrapper.execute(OracleStatementWrapper.java:336)
	at com.zaxxer.hikari.pool.ProxyStatement.execute(ProxyStatement.java:94)
	at com.zaxxer.hikari.pool.HikariProxyStatement.execute(HikariProxyStatement.java)
	at org.hibernate.tool.schema.internal.exec.GenerationTargetToDatabase.accept(GenerationTargetToDatabase.java:80)
	... 40 common frames omitted
Caused by: oracle.jdbc.OracleDatabaseException: ORA-01758: table must be empty to add mandatory (NOT NULL) column

	at oracle.jdbc.driver.T4CTTIoer11.processError(T4CTTIoer11.java:717)
	... 55 common frames omitted
2026-05-28 09:39:34 [restartedMain] DEBUG org.hibernate.SQL - create index IDX_ORDER_USER on orders (user_id)
2026-05-28 09:39:34 [restartedMain] WARN  o.h.t.s.i.ExceptionHandlerLoggedImpl - GenerationTarget encountered exception accepting command : Error executing DDL "create index IDX_ORDER_USER on orders (user_id)" via JDBC [ORA-00904: "USER_ID": invalid identifier

https://docs.oracle.com/error-help/db/ora-00904/]
org.hibernate.tool.schema.spi.CommandAcceptanceException: Error executing DDL "create index IDX_ORDER_USER on orders (user_id)" via JDBC [ORA-00904: "USER_ID": invalid identifier

https://docs.oracle.com/error-help/db/ora-00904/]
	at org.hibernate.tool.schema.internal.exec.GenerationTargetToDatabase.accept(GenerationTargetToDatabase.java:94)
	at org.hibernate.tool.schema.internal.AbstractSchemaMigrator.applySqlString(AbstractSchemaMigrator.java:575)
	at org.hibernate.tool.schema.internal.AbstractSchemaMigrator.applySqlStrings(AbstractSchemaMigrator.java:515)
	at org.hibernate.tool.schema.internal.AbstractSchemaMigrator.applyIndexes(AbstractSchemaMigrator.java:360)
	at org.hibernate.tool.schema.internal.GroupedSchemaMigratorImpl.performTablesMigration(GroupedSchemaMigratorImpl.java:96)
	at org.hibernate.tool.schema.internal.AbstractSchemaMigrator.performMigration(AbstractSchemaMigrator.java:232)
	at org.hibernate.tool.schema.internal.AbstractSchemaMigrator.doMigration(AbstractSchemaMigrator.java:117)
	at org.hibernate.tool.schema.spi.SchemaManagementToolCoordinator.performDatabaseAction(SchemaManagementToolCoordinator.java:280)
	at org.hibernate.tool.schema.spi.SchemaManagementToolCoordinator.lambda$process$5(SchemaManagementToolCoordinator.java:144)
	at java.base/java.util.HashMap.forEach(HashMap.java:1429)
	at org.hibernate.tool.schema.spi.SchemaManagementToolCoordinator.process(SchemaManagementToolCoordinator.java:141)
	at org.hibernate.boot.internal.SessionFactoryObserverForSchemaExport.sessionFactoryCreated(SessionFactoryObserverForSchemaExport.java:37)
	at org.hibernate.internal.SessionFactoryObserverChain.sessionFactoryCreated(SessionFactoryObserverChain.java:35)
	at org.hibernate.internal.SessionFactoryImpl.<init>(SessionFactoryImpl.java:322)
	at org.hibernate.boot.internal.SessionFactoryBuilderImpl.build(SessionFactoryBuilderImpl.java:457)
	at org.hibernate.jpa.boot.internal.EntityManagerFactoryBuilderImpl.build(EntityManagerFactoryBuilderImpl.java:1506)
	at org.springframework.orm.jpa.vendor.SpringHibernateJpaPersistenceProvider.createContainerEntityManagerFactory(SpringHibernateJpaPersistenceProvider.java:75)
	at org.springframework.orm.jpa.LocalContainerEntityManagerFactoryBean.createNativeEntityManagerFactory(LocalContainerEntityManagerFactoryBean.java:390)
	at org.springframework.orm.jpa.AbstractEntityManagerFactoryBean.buildNativeEntityManagerFactory(AbstractEntityManagerFactoryBean.java:409)
	at org.springframework.orm.jpa.AbstractEntityManagerFactoryBean.afterPropertiesSet(AbstractEntityManagerFactoryBean.java:396)
	at org.springframework.orm.jpa.LocalContainerEntityManagerFactoryBean.afterPropertiesSet(LocalContainerEntityManagerFactoryBean.java:366)
	at org.springframework.beans.factory.support.AbstractAutowireCapableBeanFactory.invokeInitMethods(AbstractAutowireCapableBeanFactory.java:1835)
	at org.springframework.beans.factory.support.AbstractAutowireCapableBeanFactory.initializeBean(AbstractAutowireCapableBeanFactory.java:1784)
	at org.springframework.beans.factory.support.AbstractAutowireCapableBeanFactory.doCreateBean(AbstractAutowireCapableBeanFactory.java:600)
	at org.springframework.beans.factory.support.AbstractAutowireCapableBeanFactory.createBean(AbstractAutowireCapableBeanFactory.java:522)
	at org.springframework.beans.factory.support.AbstractBeanFactory.lambda$doGetBean$0(AbstractBeanFactory.java:337)
	at org.springframework.beans.factory.support.DefaultSingletonBeanRegistry.getSingleton(DefaultSingletonBeanRegistry.java:234)
	at org.springframework.beans.factory.support.AbstractBeanFactory.doGetBean(AbstractBeanFactory.java:335)
	at org.springframework.beans.factory.support.AbstractBeanFactory.getBean(AbstractBeanFactory.java:205)
	at org.springframework.context.support.AbstractApplicationContext.finishBeanFactoryInitialization(AbstractApplicationContext.java:952)
	at org.springframework.context.support.AbstractApplicationContext.refresh(AbstractApplicationContext.java:624)
	at org.springframework.boot.web.servlet.context.ServletWebServerApplicationContext.refresh(ServletWebServerApplicationContext.java:146)
	at org.springframework.boot.SpringApplication.refresh(SpringApplication.java:754)
	at org.springframework.boot.SpringApplication.refreshContext(SpringApplication.java:456)
	at org.springframework.boot.SpringApplication.run(SpringApplication.java:335)
	at org.springframework.boot.SpringApplication.run(SpringApplication.java:1363)
	at org.springframework.boot.SpringApplication.run(SpringApplication.java:1352)
	at com.apidesign.ApiDesignApplication.main(ApiDesignApplication.java:26)
	at java.base/jdk.internal.reflect.DirectMethodHandleAccessor.invoke(DirectMethodHandleAccessor.java:103)
	at java.base/java.lang.reflect.Method.invoke(Method.java:580)
	at org.springframework.boot.devtools.restart.RestartLauncher.run(RestartLauncher.java:50)
Caused by: java.sql.SQLSyntaxErrorException: ORA-00904: "USER_ID": invalid identifier

https://docs.oracle.com/error-help/db/ora-00904/
	at oracle.jdbc.driver.T4CTTIoer11.processError(T4CTTIoer11.java:709)
	at oracle.jdbc.driver.T4CTTIoer11.processError(T4CTTIoer11.java:609)
	at oracle.jdbc.driver.T4C8Oall.processError(T4C8Oall.java:1347)
	at oracle.jdbc.driver.T4CTTIfun.receive(T4CTTIfun.java:1101)
	at oracle.jdbc.driver.T4CTTIfun.doRPC(T4CTTIfun.java:409)
	at oracle.jdbc.driver.T4C8Oall.doOALL(T4C8Oall.java:499)
	at oracle.jdbc.driver.T4CStatement.doOall8(T4CStatement.java:190)
	at oracle.jdbc.driver.T4CStatement.executeForRows(T4CStatement.java:1384)
	at oracle.jdbc.driver.OracleStatement.executeSQLStatement(OracleStatement.java:1995)
	at oracle.jdbc.driver.OracleStatement.doExecuteWithTimeout(OracleStatement.java:1608)
	at oracle.jdbc.driver.OracleStatement.executeInternal(OracleStatement.java:2673)
	at oracle.jdbc.driver.OracleStatement.execute(OracleStatement.java:2622)
	at oracle.jdbc.driver.OracleStatementWrapper.execute(OracleStatementWrapper.java:336)
	at com.zaxxer.hikari.pool.ProxyStatement.execute(ProxyStatement.java:94)
	at com.zaxxer.hikari.pool.HikariProxyStatement.execute(HikariProxyStatement.java)
	at org.hibernate.tool.schema.internal.exec.GenerationTargetToDatabase.accept(GenerationTargetToDatabase.java:80)
	... 40 common frames omitted
Caused by: oracle.jdbc.OracleDatabaseException: ORA-00904: "USER_ID": invalid identifier

	at oracle.jdbc.driver.T4CTTIoer11.processError(T4CTTIoer11.java:717)
	... 55 common frames omitted
2026-05-28 09:39:34 [restartedMain] DEBUG org.hibernate.SQL - create index IDX_ORDER_STATUS on orders (order_status)
2026-05-28 09:39:34 [restartedMain] WARN  o.h.t.s.i.ExceptionHandlerLoggedImpl - GenerationTarget encountered exception accepting command : Error executing DDL "create index IDX_ORDER_STATUS on orders (order_status)" via JDBC [ORA-00904: "ORDER_STATUS": invalid identifier

https://docs.oracle.com/error-help/db/ora-00904/]
org.hibernate.tool.schema.spi.CommandAcceptanceException: Error executing DDL "create index IDX_ORDER_STATUS on orders (order_status)" via JDBC [ORA-00904: "ORDER_STATUS": invalid identifier

https://docs.oracle.com/error-help/db/ora-00904/]
	at org.hibernate.tool.schema.internal.exec.GenerationTargetToDatabase.accept(GenerationTargetToDatabase.java:94)
	at org.hibernate.tool.schema.internal.AbstractSchemaMigrator.applySqlString(AbstractSchemaMigrator.java:575)
	at org.hibernate.tool.schema.internal.AbstractSchemaMigrator.applySqlStrings(AbstractSchemaMigrator.java:515)
	at org.hibernate.tool.schema.internal.AbstractSchemaMigrator.applyIndexes(AbstractSchemaMigrator.java:360)
	at org.hibernate.tool.schema.internal.GroupedSchemaMigratorImpl.performTablesMigration(GroupedSchemaMigratorImpl.java:96)
	at org.hibernate.tool.schema.internal.AbstractSchemaMigrator.performMigration(AbstractSchemaMigrator.java:232)
	at org.hibernate.tool.schema.internal.AbstractSchemaMigrator.doMigration(AbstractSchemaMigrator.java:117)
	at org.hibernate.tool.schema.spi.SchemaManagementToolCoordinator.performDatabaseAction(SchemaManagementToolCoordinator.java:280)
	at org.hibernate.tool.schema.spi.SchemaManagementToolCoordinator.lambda$process$5(SchemaManagementToolCoordinator.java:144)
	at java.base/java.util.HashMap.forEach(HashMap.java:1429)
	at org.hibernate.tool.schema.spi.SchemaManagementToolCoordinator.process(SchemaManagementToolCoordinator.java:141)
	at org.hibernate.boot.internal.SessionFactoryObserverForSchemaExport.sessionFactoryCreated(SessionFactoryObserverForSchemaExport.java:37)
	at org.hibernate.internal.SessionFactoryObserverChain.sessionFactoryCreated(SessionFactoryObserverChain.java:35)
	at org.hibernate.internal.SessionFactoryImpl.<init>(SessionFactoryImpl.java:322)
	at org.hibernate.boot.internal.SessionFactoryBuilderImpl.build(SessionFactoryBuilderImpl.java:457)
	at org.hibernate.jpa.boot.internal.EntityManagerFactoryBuilderImpl.build(EntityManagerFactoryBuilderImpl.java:1506)
	at org.springframework.orm.jpa.vendor.SpringHibernateJpaPersistenceProvider.createContainerEntityManagerFactory(SpringHibernateJpaPersistenceProvider.java:75)
	at org.springframework.orm.jpa.LocalContainerEntityManagerFactoryBean.createNativeEntityManagerFactory(LocalContainerEntityManagerFactoryBean.java:390)
	at org.springframework.orm.jpa.AbstractEntityManagerFactoryBean.buildNativeEntityManagerFactory(AbstractEntityManagerFactoryBean.java:409)
	at org.springframework.orm.jpa.AbstractEntityManagerFactoryBean.afterPropertiesSet(AbstractEntityManagerFactoryBean.java:396)
	at org.springframework.orm.jpa.LocalContainerEntityManagerFactoryBean.afterPropertiesSet(LocalContainerEntityManagerFactoryBean.java:366)
	at org.springframework.beans.factory.support.AbstractAutowireCapableBeanFactory.invokeInitMethods(AbstractAutowireCapableBeanFactory.java:1835)
	at org.springframework.beans.factory.support.AbstractAutowireCapableBeanFactory.initializeBean(AbstractAutowireCapableBeanFactory.java:1784)
	at org.springframework.beans.factory.support.AbstractAutowireCapableBeanFactory.doCreateBean(AbstractAutowireCapableBeanFactory.java:600)
	at org.springframework.beans.factory.support.AbstractAutowireCapableBeanFactory.createBean(AbstractAutowireCapableBeanFactory.java:522)
	at org.springframework.beans.factory.support.AbstractBeanFactory.lambda$doGetBean$0(AbstractBeanFactory.java:337)
	at org.springframework.beans.factory.support.DefaultSingletonBeanRegistry.getSingleton(DefaultSingletonBeanRegistry.java:234)
	at org.springframework.beans.factory.support.AbstractBeanFactory.doGetBean(AbstractBeanFactory.java:335)
	at org.springframework.beans.factory.support.AbstractBeanFactory.getBean(AbstractBeanFactory.java:205)
	at org.springframework.context.support.AbstractApplicationContext.finishBeanFactoryInitialization(AbstractApplicationContext.java:952)
	at org.springframework.context.support.AbstractApplicationContext.refresh(AbstractApplicationContext.java:624)
	at org.springframework.boot.web.servlet.context.ServletWebServerApplicationContext.refresh(ServletWebServerApplicationContext.java:146)
	at org.springframework.boot.SpringApplication.refresh(SpringApplication.java:754)
	at org.springframework.boot.SpringApplication.refreshContext(SpringApplication.java:456)
	at org.springframework.boot.SpringApplication.run(SpringApplication.java:335)
	at org.springframework.boot.SpringApplication.run(SpringApplication.java:1363)
	at org.springframework.boot.SpringApplication.run(SpringApplication.java:1352)
	at com.apidesign.ApiDesignApplication.main(ApiDesignApplication.java:26)
	at java.base/jdk.internal.reflect.DirectMethodHandleAccessor.invoke(DirectMethodHandleAccessor.java:103)
	at java.base/java.lang.reflect.Method.invoke(Method.java:580)
	at org.springframework.boot.devtools.restart.RestartLauncher.run(RestartLauncher.java:50)
Caused by: java.sql.SQLSyntaxErrorException: ORA-00904: "ORDER_STATUS": invalid identifier

https://docs.oracle.com/error-help/db/ora-00904/
	at oracle.jdbc.driver.T4CTTIoer11.processError(T4CTTIoer11.java:709)
	at oracle.jdbc.driver.T4CTTIoer11.processError(T4CTTIoer11.java:609)
	at oracle.jdbc.driver.T4C8Oall.processError(T4C8Oall.java:1347)
	at oracle.jdbc.driver.T4CTTIfun.receive(T4CTTIfun.java:1101)
	at oracle.jdbc.driver.T4CTTIfun.doRPC(T4CTTIfun.java:409)
	at oracle.jdbc.driver.T4C8Oall.doOALL(T4C8Oall.java:499)
	at oracle.jdbc.driver.T4CStatement.doOall8(T4CStatement.java:190)
	at oracle.jdbc.driver.T4CStatement.executeForRows(T4CStatement.java:1384)
	at oracle.jdbc.driver.OracleStatement.executeSQLStatement(OracleStatement.java:1995)
	at oracle.jdbc.driver.OracleStatement.doExecuteWithTimeout(OracleStatement.java:1608)
	at oracle.jdbc.driver.OracleStatement.executeInternal(OracleStatement.java:2673)
	at oracle.jdbc.driver.OracleStatement.execute(OracleStatement.java:2622)
	at oracle.jdbc.driver.OracleStatementWrapper.execute(OracleStatementWrapper.java:336)
	at com.zaxxer.hikari.pool.ProxyStatement.execute(ProxyStatement.java:94)
	at com.zaxxer.hikari.pool.HikariProxyStatement.execute(HikariProxyStatement.java)
	at org.hibernate.tool.schema.internal.exec.GenerationTargetToDatabase.accept(GenerationTargetToDatabase.java:80)
	... 40 common frames omitted
Caused by: oracle.jdbc.OracleDatabaseException: ORA-00904: "ORDER_STATUS": invalid identifier

	at oracle.jdbc.driver.T4CTTIoer11.processError(T4CTTIoer11.java:717)
	... 55 common frames omitted
2026-05-28 09:39:34 [restartedMain] DEBUG org.hibernate.SQL - create index IDX_ORDER_CREATED_AT on orders (created_at)
2026-05-28 09:39:34 [restartedMain] WARN  o.h.t.s.i.ExceptionHandlerLoggedImpl - GenerationTarget encountered exception accepting command : Error executing DDL "create index IDX_ORDER_CREATED_AT on orders (created_at)" via JDBC [ORA-00904: "CREATED_AT": invalid identifier

https://docs.oracle.com/error-help/db/ora-00904/]
org.hibernate.tool.schema.spi.CommandAcceptanceException: Error executing DDL "create index IDX_ORDER_CREATED_AT on orders (created_at)" via JDBC [ORA-00904: "CREATED_AT": invalid identifier

https://docs.oracle.com/error-help/db/ora-00904/]
	at org.hibernate.tool.schema.internal.exec.GenerationTargetToDatabase.accept(GenerationTargetToDatabase.java:94)
	at org.hibernate.tool.schema.internal.AbstractSchemaMigrator.applySqlString(AbstractSchemaMigrator.java:575)
	at org.hibernate.tool.schema.internal.AbstractSchemaMigrator.applySqlStrings(AbstractSchemaMigrator.java:515)
	at org.hibernate.tool.schema.internal.AbstractSchemaMigrator.applyIndexes(AbstractSchemaMigrator.java:360)
	at org.hibernate.tool.schema.internal.GroupedSchemaMigratorImpl.performTablesMigration(GroupedSchemaMigratorImpl.java:96)
	at org.hibernate.tool.schema.internal.AbstractSchemaMigrator.performMigration(AbstractSchemaMigrator.java:232)
	at org.hibernate.tool.schema.internal.AbstractSchemaMigrator.doMigration(AbstractSchemaMigrator.java:117)
	at org.hibernate.tool.schema.spi.SchemaManagementToolCoordinator.performDatabaseAction(SchemaManagementToolCoordinator.java:280)
	at org.hibernate.tool.schema.spi.SchemaManagementToolCoordinator.lambda$process$5(SchemaManagementToolCoordinator.java:144)
	at java.base/java.util.HashMap.forEach(HashMap.java:1429)
	at org.hibernate.tool.schema.spi.SchemaManagementToolCoordinator.process(SchemaManagementToolCoordinator.java:141)
	at org.hibernate.boot.internal.SessionFactoryObserverForSchemaExport.sessionFactoryCreated(SessionFactoryObserverForSchemaExport.java:37)
	at org.hibernate.internal.SessionFactoryObserverChain.sessionFactoryCreated(SessionFactoryObserverChain.java:35)
	at org.hibernate.internal.SessionFactoryImpl.<init>(SessionFactoryImpl.java:322)
	at org.hibernate.boot.internal.SessionFactoryBuilderImpl.build(SessionFactoryBuilderImpl.java:457)
	at org.hibernate.jpa.boot.internal.EntityManagerFactoryBuilderImpl.build(EntityManagerFactoryBuilderImpl.java:1506)
	at org.springframework.orm.jpa.vendor.SpringHibernateJpaPersistenceProvider.createContainerEntityManagerFactory(SpringHibernateJpaPersistenceProvider.java:75)
	at org.springframework.orm.jpa.LocalContainerEntityManagerFactoryBean.createNativeEntityManagerFactory(LocalContainerEntityManagerFactoryBean.java:390)
	at org.springframework.orm.jpa.AbstractEntityManagerFactoryBean.buildNativeEntityManagerFactory(AbstractEntityManagerFactoryBean.java:409)
	at org.springframework.orm.jpa.AbstractEntityManagerFactoryBean.afterPropertiesSet(AbstractEntityManagerFactoryBean.java:396)
	at org.springframework.orm.jpa.LocalContainerEntityManagerFactoryBean.afterPropertiesSet(LocalContainerEntityManagerFactoryBean.java:366)
	at org.springframework.beans.factory.support.AbstractAutowireCapableBeanFactory.invokeInitMethods(AbstractAutowireCapableBeanFactory.java:1835)
	at org.springframework.beans.factory.support.AbstractAutowireCapableBeanFactory.initializeBean(AbstractAutowireCapableBeanFactory.java:1784)
	at org.springframework.beans.factory.support.AbstractAutowireCapableBeanFactory.doCreateBean(AbstractAutowireCapableBeanFactory.java:600)
	at org.springframework.beans.factory.support.AbstractAutowireCapableBeanFactory.createBean(AbstractAutowireCapableBeanFactory.java:522)
	at org.springframework.beans.factory.support.AbstractBeanFactory.lambda$doGetBean$0(AbstractBeanFactory.java:337)
	at org.springframework.beans.factory.support.DefaultSingletonBeanRegistry.getSingleton(DefaultSingletonBeanRegistry.java:234)
	at org.springframework.beans.factory.support.AbstractBeanFactory.doGetBean(AbstractBeanFactory.java:335)
	at org.springframework.beans.factory.support.AbstractBeanFactory.getBean(AbstractBeanFactory.java:205)
	at org.springframework.context.support.AbstractApplicationContext.finishBeanFactoryInitialization(AbstractApplicationContext.java:952)
	at org.springframework.context.support.AbstractApplicationContext.refresh(AbstractApplicationContext.java:624)
	at org.springframework.boot.web.servlet.context.ServletWebServerApplicationContext.refresh(ServletWebServerApplicationContext.java:146)
	at org.springframework.boot.SpringApplication.refresh(SpringApplication.java:754)
	at org.springframework.boot.SpringApplication.refreshContext(SpringApplication.java:456)
	at org.springframework.boot.SpringApplication.run(SpringApplication.java:335)
	at org.springframework.boot.SpringApplication.run(SpringApplication.java:1363)
	at org.springframework.boot.SpringApplication.run(SpringApplication.java:1352)
	at com.apidesign.ApiDesignApplication.main(ApiDesignApplication.java:26)
	at java.base/jdk.internal.reflect.DirectMethodHandleAccessor.invoke(DirectMethodHandleAccessor.java:103)
	at java.base/java.lang.reflect.Method.invoke(Method.java:580)
	at org.springframework.boot.devtools.restart.RestartLauncher.run(RestartLauncher.java:50)
Caused by: java.sql.SQLSyntaxErrorException: ORA-00904: "CREATED_AT": invalid identifier

https://docs.oracle.com/error-help/db/ora-00904/
	at oracle.jdbc.driver.T4CTTIoer11.processError(T4CTTIoer11.java:709)
	at oracle.jdbc.driver.T4CTTIoer11.processError(T4CTTIoer11.java:609)
	at oracle.jdbc.driver.T4C8Oall.processError(T4C8Oall.java:1347)
	at oracle.jdbc.driver.T4CTTIfun.receive(T4CTTIfun.java:1101)
	at oracle.jdbc.driver.T4CTTIfun.doRPC(T4CTTIfun.java:409)
	at oracle.jdbc.driver.T4C8Oall.doOALL(T4C8Oall.java:499)
	at oracle.jdbc.driver.T4CStatement.doOall8(T4CStatement.java:190)
	at oracle.jdbc.driver.T4CStatement.executeForRows(T4CStatement.java:1384)
	at oracle.jdbc.driver.OracleStatement.executeSQLStatement(OracleStatement.java:1995)
	at oracle.jdbc.driver.OracleStatement.doExecuteWithTimeout(OracleStatement.java:1608)
	at oracle.jdbc.driver.OracleStatement.executeInternal(OracleStatement.java:2673)
	at oracle.jdbc.driver.OracleStatement.execute(OracleStatement.java:2622)
	at oracle.jdbc.driver.OracleStatementWrapper.execute(OracleStatementWrapper.java:336)
	at com.zaxxer.hikari.pool.ProxyStatement.execute(ProxyStatement.java:94)
	at com.zaxxer.hikari.pool.HikariProxyStatement.execute(HikariProxyStatement.java)
	at org.hibernate.tool.schema.internal.exec.GenerationTargetToDatabase.accept(GenerationTargetToDatabase.java:80)
	... 40 common frames omitted
Caused by: oracle.jdbc.OracleDatabaseException: ORA-00904: "CREATED_AT": invalid identifier

	at oracle.jdbc.driver.T4CTTIoer11.processError(T4CTTIoer11.java:717)
	... 55 common frames omitted
2026-05-28 09:39:34 [restartedMain] DEBUG org.hibernate.SQL - alter table if exists orders drop constraint UKnthkiu7pgmnqnu86i2jyoe2v7
2026-05-28 09:39:34 [restartedMain] DEBUG org.hibernate.SQL - alter table if exists orders add constraint UKnthkiu7pgmnqnu86i2jyoe2v7 unique (order_number)
2026-05-28 09:39:35 [restartedMain] DEBUG org.hibernate.SQL - create index IDX_PRODUCT_SKU on products (sku)
2026-05-28 09:39:35 [restartedMain] WARN  o.h.t.s.i.ExceptionHandlerLoggedImpl - GenerationTarget encountered exception accepting command : Error executing DDL "create index IDX_PRODUCT_SKU on products (sku)" via JDBC [ORA-00904: "SKU": invalid identifier

https://docs.oracle.com/error-help/db/ora-00904/]
org.hibernate.tool.schema.spi.CommandAcceptanceException: Error executing DDL "create index IDX_PRODUCT_SKU on products (sku)" via JDBC [ORA-00904: "SKU": invalid identifier

https://docs.oracle.com/error-help/db/ora-00904/]
	at org.hibernate.tool.schema.internal.exec.GenerationTargetToDatabase.accept(GenerationTargetToDatabase.java:94)
	at org.hibernate.tool.schema.internal.AbstractSchemaMigrator.applySqlString(AbstractSchemaMigrator.java:575)
	at org.hibernate.tool.schema.internal.AbstractSchemaMigrator.applySqlStrings(AbstractSchemaMigrator.java:515)
	at org.hibernate.tool.schema.internal.AbstractSchemaMigrator.applyIndexes(AbstractSchemaMigrator.java:360)
	at org.hibernate.tool.schema.internal.GroupedSchemaMigratorImpl.performTablesMigration(GroupedSchemaMigratorImpl.java:96)
	at org.hibernate.tool.schema.internal.AbstractSchemaMigrator.performMigration(AbstractSchemaMigrator.java:232)
	at org.hibernate.tool.schema.internal.AbstractSchemaMigrator.doMigration(AbstractSchemaMigrator.java:117)
	at org.hibernate.tool.schema.spi.SchemaManagementToolCoordinator.performDatabaseAction(SchemaManagementToolCoordinator.java:280)
	at org.hibernate.tool.schema.spi.SchemaManagementToolCoordinator.lambda$process$5(SchemaManagementToolCoordinator.java:144)
	at java.base/java.util.HashMap.forEach(HashMap.java:1429)
	at org.hibernate.tool.schema.spi.SchemaManagementToolCoordinator.process(SchemaManagementToolCoordinator.java:141)
	at org.hibernate.boot.internal.SessionFactoryObserverForSchemaExport.sessionFactoryCreated(SessionFactoryObserverForSchemaExport.java:37)
	at org.hibernate.internal.SessionFactoryObserverChain.sessionFactoryCreated(SessionFactoryObserverChain.java:35)
	at org.hibernate.internal.SessionFactoryImpl.<init>(SessionFactoryImpl.java:322)
	at org.hibernate.boot.internal.SessionFactoryBuilderImpl.build(SessionFactoryBuilderImpl.java:457)
	at org.hibernate.jpa.boot.internal.EntityManagerFactoryBuilderImpl.build(EntityManagerFactoryBuilderImpl.java:1506)
	at org.springframework.orm.jpa.vendor.SpringHibernateJpaPersistenceProvider.createContainerEntityManagerFactory(SpringHibernateJpaPersistenceProvider.java:75)
	at org.springframework.orm.jpa.LocalContainerEntityManagerFactoryBean.createNativeEntityManagerFactory(LocalContainerEntityManagerFactoryBean.java:390)
	at org.springframework.orm.jpa.AbstractEntityManagerFactoryBean.buildNativeEntityManagerFactory(AbstractEntityManagerFactoryBean.java:409)
	at org.springframework.orm.jpa.AbstractEntityManagerFactoryBean.afterPropertiesSet(AbstractEntityManagerFactoryBean.java:396)
	at org.springframework.orm.jpa.LocalContainerEntityManagerFactoryBean.afterPropertiesSet(LocalContainerEntityManagerFactoryBean.java:366)
	at org.springframework.beans.factory.support.AbstractAutowireCapableBeanFactory.invokeInitMethods(AbstractAutowireCapableBeanFactory.java:1835)
	at org.springframework.beans.factory.support.AbstractAutowireCapableBeanFactory.initializeBean(AbstractAutowireCapableBeanFactory.java:1784)
	at org.springframework.beans.factory.support.AbstractAutowireCapableBeanFactory.doCreateBean(AbstractAutowireCapableBeanFactory.java:600)
	at org.springframework.beans.factory.support.AbstractAutowireCapableBeanFactory.createBean(AbstractAutowireCapableBeanFactory.java:522)
	at org.springframework.beans.factory.support.AbstractBeanFactory.lambda$doGetBean$0(AbstractBeanFactory.java:337)
	at org.springframework.beans.factory.support.DefaultSingletonBeanRegistry.getSingleton(DefaultSingletonBeanRegistry.java:234)
	at org.springframework.beans.factory.support.AbstractBeanFactory.doGetBean(AbstractBeanFactory.java:335)
	at org.springframework.beans.factory.support.AbstractBeanFactory.getBean(AbstractBeanFactory.java:205)
	at org.springframework.context.support.AbstractApplicationContext.finishBeanFactoryInitialization(AbstractApplicationContext.java:952)
	at org.springframework.context.support.AbstractApplicationContext.refresh(AbstractApplicationContext.java:624)
	at org.springframework.boot.web.servlet.context.ServletWebServerApplicationContext.refresh(ServletWebServerApplicationContext.java:146)
	at org.springframework.boot.SpringApplication.refresh(SpringApplication.java:754)
	at org.springframework.boot.SpringApplication.refreshContext(SpringApplication.java:456)
	at org.springframework.boot.SpringApplication.run(SpringApplication.java:335)
	at org.springframework.boot.SpringApplication.run(SpringApplication.java:1363)
	at org.springframework.boot.SpringApplication.run(SpringApplication.java:1352)
	at com.apidesign.ApiDesignApplication.main(ApiDesignApplication.java:26)
	at java.base/jdk.internal.reflect.DirectMethodHandleAccessor.invoke(DirectMethodHandleAccessor.java:103)
	at java.base/java.lang.reflect.Method.invoke(Method.java:580)
	at org.springframework.boot.devtools.restart.RestartLauncher.run(RestartLauncher.java:50)
Caused by: java.sql.SQLSyntaxErrorException: ORA-00904: "SKU": invalid identifier

https://docs.oracle.com/error-help/db/ora-00904/
	at oracle.jdbc.driver.T4CTTIoer11.processError(T4CTTIoer11.java:709)
	at oracle.jdbc.driver.T4CTTIoer11.processError(T4CTTIoer11.java:609)
	at oracle.jdbc.driver.T4C8Oall.processError(T4C8Oall.java:1347)
	at oracle.jdbc.driver.T4CTTIfun.receive(T4CTTIfun.java:1101)
	at oracle.jdbc.driver.T4CTTIfun.doRPC(T4CTTIfun.java:409)
	at oracle.jdbc.driver.T4C8Oall.doOALL(T4C8Oall.java:499)
	at oracle.jdbc.driver.T4CStatement.doOall8(T4CStatement.java:190)
	at oracle.jdbc.driver.T4CStatement.executeForRows(T4CStatement.java:1384)
	at oracle.jdbc.driver.OracleStatement.executeSQLStatement(OracleStatement.java:1995)
	at oracle.jdbc.driver.OracleStatement.doExecuteWithTimeout(OracleStatement.java:1608)
	at oracle.jdbc.driver.OracleStatement.executeInternal(OracleStatement.java:2673)
	at oracle.jdbc.driver.OracleStatement.execute(OracleStatement.java:2622)
	at oracle.jdbc.driver.OracleStatementWrapper.execute(OracleStatementWrapper.java:336)
	at com.zaxxer.hikari.pool.ProxyStatement.execute(ProxyStatement.java:94)
	at com.zaxxer.hikari.pool.HikariProxyStatement.execute(HikariProxyStatement.java)
	at org.hibernate.tool.schema.internal.exec.GenerationTargetToDatabase.accept(GenerationTargetToDatabase.java:80)
	... 40 common frames omitted
Caused by: oracle.jdbc.OracleDatabaseException: ORA-00904: "SKU": invalid identifier

	at oracle.jdbc.driver.T4CTTIoer11.processError(T4CTTIoer11.java:717)
	... 55 common frames omitted
2026-05-28 09:39:35 [restartedMain] DEBUG org.hibernate.SQL - alter table if exists products drop constraint UKfhmd06dsmj6k0n90swsh8ie9g
2026-05-28 09:39:35 [restartedMain] DEBUG org.hibernate.SQL - alter table if exists products add constraint UKfhmd06dsmj6k0n90swsh8ie9g unique (sku)
2026-05-28 09:39:35 [restartedMain] DEBUG org.hibernate.SQL - alter table if exists order_items add constraint FK_ORDER_ITEM_PRODUCT foreign key (product_id) references products
2026-05-28 09:39:35 [restartedMain] WARN  o.h.t.s.i.ExceptionHandlerLoggedImpl - GenerationTarget encountered exception accepting command : Error executing DDL "alter table if exists order_items add constraint FK_ORDER_ITEM_PRODUCT foreign key (product_id) references products" via JDBC [ORA-02298: cannot validate (SYSTEM.FK_ORDER_ITEM_PRODUCT) - parent keys not found

https://docs.oracle.com/error-help/db/ora-02298/]
org.hibernate.tool.schema.spi.CommandAcceptanceException: Error executing DDL "alter table if exists order_items add constraint FK_ORDER_ITEM_PRODUCT foreign key (product_id) references products" via JDBC [ORA-02298: cannot validate (SYSTEM.FK_ORDER_ITEM_PRODUCT) - parent keys not found

https://docs.oracle.com/error-help/db/ora-02298/]
	at org.hibernate.tool.schema.internal.exec.GenerationTargetToDatabase.accept(GenerationTargetToDatabase.java:94)
	at org.hibernate.tool.schema.internal.AbstractSchemaMigrator.applySqlString(AbstractSchemaMigrator.java:575)
	at org.hibernate.tool.schema.internal.AbstractSchemaMigrator.applySqlStrings(AbstractSchemaMigrator.java:515)
	at org.hibernate.tool.schema.internal.AbstractSchemaMigrator.applyForeignKeys(AbstractSchemaMigrator.java:447)
	at org.hibernate.tool.schema.internal.AbstractSchemaMigrator.performMigration(AbstractSchemaMigrator.java:268)
	at org.hibernate.tool.schema.internal.AbstractSchemaMigrator.doMigration(AbstractSchemaMigrator.java:117)
	at org.hibernate.tool.schema.spi.SchemaManagementToolCoordinator.performDatabaseAction(SchemaManagementToolCoordinator.java:280)
	at org.hibernate.tool.schema.spi.SchemaManagementToolCoordinator.lambda$process$5(SchemaManagementToolCoordinator.java:144)
	at java.base/java.util.HashMap.forEach(HashMap.java:1429)
	at org.hibernate.tool.schema.spi.SchemaManagementToolCoordinator.process(SchemaManagementToolCoordinator.java:141)
	at org.hibernate.boot.internal.SessionFactoryObserverForSchemaExport.sessionFactoryCreated(SessionFactoryObserverForSchemaExport.java:37)
	at org.hibernate.internal.SessionFactoryObserverChain.sessionFactoryCreated(SessionFactoryObserverChain.java:35)
	at org.hibernate.internal.SessionFactoryImpl.<init>(SessionFactoryImpl.java:322)
	at org.hibernate.boot.internal.SessionFactoryBuilderImpl.build(SessionFactoryBuilderImpl.java:457)
	at org.hibernate.jpa.boot.internal.EntityManagerFactoryBuilderImpl.build(EntityManagerFactoryBuilderImpl.java:1506)
	at org.springframework.orm.jpa.vendor.SpringHibernateJpaPersistenceProvider.createContainerEntityManagerFactory(SpringHibernateJpaPersistenceProvider.java:75)
	at org.springframework.orm.jpa.LocalContainerEntityManagerFactoryBean.createNativeEntityManagerFactory(LocalContainerEntityManagerFactoryBean.java:390)
	at org.springframework.orm.jpa.AbstractEntityManagerFactoryBean.buildNativeEntityManagerFactory(AbstractEntityManagerFactoryBean.java:409)
	at org.springframework.orm.jpa.AbstractEntityManagerFactoryBean.afterPropertiesSet(AbstractEntityManagerFactoryBean.java:396)
	at org.springframework.orm.jpa.LocalContainerEntityManagerFactoryBean.afterPropertiesSet(LocalContainerEntityManagerFactoryBean.java:366)
	at org.springframework.beans.factory.support.AbstractAutowireCapableBeanFactory.invokeInitMethods(AbstractAutowireCapableBeanFactory.java:1835)
	at org.springframework.beans.factory.support.AbstractAutowireCapableBeanFactory.initializeBean(AbstractAutowireCapableBeanFactory.java:1784)
	at org.springframework.beans.factory.support.AbstractAutowireCapableBeanFactory.doCreateBean(AbstractAutowireCapableBeanFactory.java:600)
	at org.springframework.beans.factory.support.AbstractAutowireCapableBeanFactory.createBean(AbstractAutowireCapableBeanFactory.java:522)
	at org.springframework.beans.factory.support.AbstractBeanFactory.lambda$doGetBean$0(AbstractBeanFactory.java:337)
	at org.springframework.beans.factory.support.DefaultSingletonBeanRegistry.getSingleton(DefaultSingletonBeanRegistry.java:234)
	at org.springframework.beans.factory.support.AbstractBeanFactory.doGetBean(AbstractBeanFactory.java:335)
	at org.springframework.beans.factory.support.AbstractBeanFactory.getBean(AbstractBeanFactory.java:205)
	at org.springframework.context.support.AbstractApplicationContext.finishBeanFactoryInitialization(AbstractApplicationContext.java:952)
	at org.springframework.context.support.AbstractApplicationContext.refresh(AbstractApplicationContext.java:624)
	at org.springframework.boot.web.servlet.context.ServletWebServerApplicationContext.refresh(ServletWebServerApplicationContext.java:146)
	at org.springframework.boot.SpringApplication.refresh(SpringApplication.java:754)
	at org.springframework.boot.SpringApplication.refreshContext(SpringApplication.java:456)
	at org.springframework.boot.SpringApplication.run(SpringApplication.java:335)
	at org.springframework.boot.SpringApplication.run(SpringApplication.java:1363)
	at org.springframework.boot.SpringApplication.run(SpringApplication.java:1352)
	at com.apidesign.ApiDesignApplication.main(ApiDesignApplication.java:26)
	at java.base/jdk.internal.reflect.DirectMethodHandleAccessor.invoke(DirectMethodHandleAccessor.java:103)
	at java.base/java.lang.reflect.Method.invoke(Method.java:580)
	at org.springframework.boot.devtools.restart.RestartLauncher.run(RestartLauncher.java:50)
Caused by: java.sql.SQLIntegrityConstraintViolationException: ORA-02298: cannot validate (SYSTEM.FK_ORDER_ITEM_PRODUCT) - parent keys not found

https://docs.oracle.com/error-help/db/ora-02298/
	at oracle.jdbc.driver.T4CTTIoer11.processError(T4CTTIoer11.java:709)
	at oracle.jdbc.driver.T4CTTIoer11.processError(T4CTTIoer11.java:609)
	at oracle.jdbc.driver.T4C8Oall.processError(T4C8Oall.java:1347)
	at oracle.jdbc.driver.T4CTTIfun.receive(T4CTTIfun.java:1101)
	at oracle.jdbc.driver.T4CTTIfun.doRPC(T4CTTIfun.java:409)
	at oracle.jdbc.driver.T4C8Oall.doOALL(T4C8Oall.java:499)
	at oracle.jdbc.driver.T4CStatement.doOall8(T4CStatement.java:190)
	at oracle.jdbc.driver.T4CStatement.executeForRows(T4CStatement.java:1384)
	at oracle.jdbc.driver.OracleStatement.executeSQLStatement(OracleStatement.java:1995)
	at oracle.jdbc.driver.OracleStatement.doExecuteWithTimeout(OracleStatement.java:1608)
	at oracle.jdbc.driver.OracleStatement.executeInternal(OracleStatement.java:2673)
	at oracle.jdbc.driver.OracleStatement.execute(OracleStatement.java:2622)
	at oracle.jdbc.driver.OracleStatementWrapper.execute(OracleStatementWrapper.java:336)
	at com.zaxxer.hikari.pool.ProxyStatement.execute(ProxyStatement.java:94)
	at com.zaxxer.hikari.pool.HikariProxyStatement.execute(HikariProxyStatement.java)
	at org.hibernate.tool.schema.internal.exec.GenerationTargetToDatabase.accept(GenerationTargetToDatabase.java:80)
	... 39 common frames omitted
Caused by: oracle.jdbc.OracleDatabaseException: ORA-02298: cannot validate (SYSTEM.FK_ORDER_ITEM_PRODUCT) - parent keys not found

	at oracle.jdbc.driver.T4CTTIoer11.processError(T4CTTIoer11.java:717)
	... 54 common frames omitted
2026-05-28 09:39:36 [restartedMain] DEBUG org.hibernate.SQL - alter table if exists orders add constraint FK_ORDER_USER foreign key (user_id) references users
2026-05-28 09:39:36 [restartedMain] WARN  o.h.t.s.i.ExceptionHandlerLoggedImpl - GenerationTarget encountered exception accepting command : Error executing DDL "alter table if exists orders add constraint FK_ORDER_USER foreign key (user_id) references users" via JDBC [ORA-00904: "USER_ID": invalid identifier

https://docs.oracle.com/error-help/db/ora-00904/]
org.hibernate.tool.schema.spi.CommandAcceptanceException: Error executing DDL "alter table if exists orders add constraint FK_ORDER_USER foreign key (user_id) references users" via JDBC [ORA-00904: "USER_ID": invalid identifier

https://docs.oracle.com/error-help/db/ora-00904/]
	at org.hibernate.tool.schema.internal.exec.GenerationTargetToDatabase.accept(GenerationTargetToDatabase.java:94)
	at org.hibernate.tool.schema.internal.AbstractSchemaMigrator.applySqlString(AbstractSchemaMigrator.java:575)
	at org.hibernate.tool.schema.internal.AbstractSchemaMigrator.applySqlStrings(AbstractSchemaMigrator.java:515)
	at org.hibernate.tool.schema.internal.AbstractSchemaMigrator.applyForeignKeys(AbstractSchemaMigrator.java:447)
	at org.hibernate.tool.schema.internal.AbstractSchemaMigrator.performMigration(AbstractSchemaMigrator.java:268)
	at org.hibernate.tool.schema.internal.AbstractSchemaMigrator.doMigration(AbstractSchemaMigrator.java:117)
	at org.hibernate.tool.schema.spi.SchemaManagementToolCoordinator.performDatabaseAction(SchemaManagementToolCoordinator.java:280)
	at org.hibernate.tool.schema.spi.SchemaManagementToolCoordinator.lambda$process$5(SchemaManagementToolCoordinator.java:144)
	at java.base/java.util.HashMap.forEach(HashMap.java:1429)
	at org.hibernate.tool.schema.spi.SchemaManagementToolCoordinator.process(SchemaManagementToolCoordinator.java:141)
	at org.hibernate.boot.internal.SessionFactoryObserverForSchemaExport.sessionFactoryCreated(SessionFactoryObserverForSchemaExport.java:37)
	at org.hibernate.internal.SessionFactoryObserverChain.sessionFactoryCreated(SessionFactoryObserverChain.java:35)
	at org.hibernate.internal.SessionFactoryImpl.<init>(SessionFactoryImpl.java:322)
	at org.hibernate.boot.internal.SessionFactoryBuilderImpl.build(SessionFactoryBuilderImpl.java:457)
	at org.hibernate.jpa.boot.internal.EntityManagerFactoryBuilderImpl.build(EntityManagerFactoryBuilderImpl.java:1506)
	at org.springframework.orm.jpa.vendor.SpringHibernateJpaPersistenceProvider.createContainerEntityManagerFactory(SpringHibernateJpaPersistenceProvider.java:75)
	at org.springframework.orm.jpa.LocalContainerEntityManagerFactoryBean.createNativeEntityManagerFactory(LocalContainerEntityManagerFactoryBean.java:390)
	at org.springframework.orm.jpa.AbstractEntityManagerFactoryBean.buildNativeEntityManagerFactory(AbstractEntityManagerFactoryBean.java:409)
	at org.springframework.orm.jpa.AbstractEntityManagerFactoryBean.afterPropertiesSet(AbstractEntityManagerFactoryBean.java:396)
	at org.springframework.orm.jpa.LocalContainerEntityManagerFactoryBean.afterPropertiesSet(LocalContainerEntityManagerFactoryBean.java:366)
	at org.springframework.beans.factory.support.AbstractAutowireCapableBeanFactory.invokeInitMethods(AbstractAutowireCapableBeanFactory.java:1835)
	at org.springframework.beans.factory.support.AbstractAutowireCapableBeanFactory.initializeBean(AbstractAutowireCapableBeanFactory.java:1784)
	at org.springframework.beans.factory.support.AbstractAutowireCapableBeanFactory.doCreateBean(AbstractAutowireCapableBeanFactory.java:600)
	at org.springframework.beans.factory.support.AbstractAutowireCapableBeanFactory.createBean(AbstractAutowireCapableBeanFactory.java:522)
	at org.springframework.beans.factory.support.AbstractBeanFactory.lambda$doGetBean$0(AbstractBeanFactory.java:337)
	at org.springframework.beans.factory.support.DefaultSingletonBeanRegistry.getSingleton(DefaultSingletonBeanRegistry.java:234)
	at org.springframework.beans.factory.support.AbstractBeanFactory.doGetBean(AbstractBeanFactory.java:335)
	at org.springframework.beans.factory.support.AbstractBeanFactory.getBean(AbstractBeanFactory.java:205)
	at org.springframework.context.support.AbstractApplicationContext.finishBeanFactoryInitialization(AbstractApplicationContext.java:952)
	at org.springframework.context.support.AbstractApplicationContext.refresh(AbstractApplicationContext.java:624)
	at org.springframework.boot.web.servlet.context.ServletWebServerApplicationContext.refresh(ServletWebServerApplicationContext.java:146)
	at org.springframework.boot.SpringApplication.refresh(SpringApplication.java:754)
	at org.springframework.boot.SpringApplication.refreshContext(SpringApplication.java:456)
	at org.springframework.boot.SpringApplication.run(SpringApplication.java:335)
	at org.springframework.boot.SpringApplication.run(SpringApplication.java:1363)
	at org.springframework.boot.SpringApplication.run(SpringApplication.java:1352)
	at com.apidesign.ApiDesignApplication.main(ApiDesignApplication.java:26)
	at java.base/jdk.internal.reflect.DirectMethodHandleAccessor.invoke(DirectMethodHandleAccessor.java:103)
	at java.base/java.lang.reflect.Method.invoke(Method.java:580)
	at org.springframework.boot.devtools.restart.RestartLauncher.run(RestartLauncher.java:50)
Caused by: java.sql.SQLSyntaxErrorException: ORA-00904: "USER_ID": invalid identifier

https://docs.oracle.com/error-help/db/ora-00904/
	at oracle.jdbc.driver.T4CTTIoer11.processError(T4CTTIoer11.java:709)
	at oracle.jdbc.driver.T4CTTIoer11.processError(T4CTTIoer11.java:609)
	at oracle.jdbc.driver.T4C8Oall.processError(T4C8Oall.java:1347)
	at oracle.jdbc.driver.T4CTTIfun.receive(T4CTTIfun.java:1101)
	at oracle.jdbc.driver.T4CTTIfun.doRPC(T4CTTIfun.java:409)
	at oracle.jdbc.driver.T4C8Oall.doOALL(T4C8Oall.java:499)
	at oracle.jdbc.driver.T4CStatement.doOall8(T4CStatement.java:190)
	at oracle.jdbc.driver.T4CStatement.executeForRows(T4CStatement.java:1384)
	at oracle.jdbc.driver.OracleStatement.executeSQLStatement(OracleStatement.java:1995)
	at oracle.jdbc.driver.OracleStatement.doExecuteWithTimeout(OracleStatement.java:1608)
	at oracle.jdbc.driver.OracleStatement.executeInternal(OracleStatement.java:2673)
	at oracle.jdbc.driver.OracleStatement.execute(OracleStatement.java:2622)
	at oracle.jdbc.driver.OracleStatementWrapper.execute(OracleStatementWrapper.java:336)
	at com.zaxxer.hikari.pool.ProxyStatement.execute(ProxyStatement.java:94)
	at com.zaxxer.hikari.pool.HikariProxyStatement.execute(HikariProxyStatement.java)
	at org.hibernate.tool.schema.internal.exec.GenerationTargetToDatabase.accept(GenerationTargetToDatabase.java:80)
	... 39 common frames omitted
Caused by: oracle.jdbc.OracleDatabaseException: ORA-00904: "USER_ID": invalid identifier

	at oracle.jdbc.driver.T4CTTIoer11.processError(T4CTTIoer11.java:717)
	... 54 common frames omitted
2026-05-28 09:39:36 [restartedMain] INFO  o.s.o.j.LocalContainerEntityManagerFactoryBean - Initialized JPA EntityManagerFactory for persistence unit 'default'
2026-05-28 09:39:36 [restartedMain] INFO  o.s.d.j.r.query.QueryEnhancerFactory - Hibernate is in classpath; If applicable, HQL parser will be used.
2026-05-28 09:39:37 [restartedMain] WARN  o.s.b.w.s.c.AnnotationConfigServletWebServerApplicationContext - Exception encountered during context initialization - cancelling refresh attempt: org.springframework.beans.factory.UnsatisfiedDependencyException: Error creating bean with name 'orderController' defined in file [D:\DevZone\repository\springrepo\APIDesign\target\classes\com\apidesign\controller\OrderController.class]: Unsatisfied dependency expressed through constructor parameter 0: Error creating bean with name 'orderService' defined in file [D:\DevZone\repository\springrepo\APIDesign\target\classes\com\apidesign\service\OrderService.class]: Unsatisfied dependency expressed through constructor parameter 0: Error creating bean with name 'orderRepository' defined in com.apidesign.repository.OrderRepository defined in @EnableJpaRepositories declared on DatabaseConfig: Could not create query for public abstract org.springframework.data.domain.Page com.apidesign.repository.OrderRepository.findRecentOrdersByStatus(java.lang.String,int,org.springframework.data.domain.Pageable); Reason: Validation failed for query for method public abstract org.springframework.data.domain.Page com.apidesign.repository.OrderRepository.findRecentOrdersByStatus(java.lang.String,int,org.springframework.data.domain.Pageable)
2026-05-28 09:39:37 [restartedMain] INFO  o.s.o.j.LocalContainerEntityManagerFactoryBean - Closing JPA EntityManagerFactory for persistence unit 'default'
2026-05-28 09:39:37 [restartedMain] INFO  com.zaxxer.hikari.HikariDataSource - HikariPool-1 - Shutdown initiated...
2026-05-28 09:39:37 [restartedMain] INFO  com.zaxxer.hikari.HikariDataSource - HikariPool-1 - Shutdown completed.
2026-05-28 09:39:37 [restartedMain] INFO  o.a.catalina.core.StandardService - Stopping service [Tomcat]
2026-05-28 09:39:37 [restartedMain] INFO  o.s.b.a.l.ConditionEvaluationReportLogger - 

Error starting ApplicationContext. To display the condition evaluation report re-run your application with 'debug' enabled.
2026-05-28 09:39:37 [restartedMain] ERROR o.s.boot.SpringApplication - Application run failed
org.springframework.beans.factory.UnsatisfiedDependencyException: Error creating bean with name 'orderController' defined in file [D:\DevZone\repository\springrepo\APIDesign\target\classes\com\apidesign\controller\OrderController.class]: Unsatisfied dependency expressed through constructor parameter 0: Error creating bean with name 'orderService' defined in file [D:\DevZone\repository\springrepo\APIDesign\target\classes\com\apidesign\service\OrderService.class]: Unsatisfied dependency expressed through constructor parameter 0: Error creating bean with name 'orderRepository' defined in com.apidesign.repository.OrderRepository defined in @EnableJpaRepositories declared on DatabaseConfig: Could not create query for public abstract org.springframework.data.domain.Page com.apidesign.repository.OrderRepository.findRecentOrdersByStatus(java.lang.String,int,org.springframework.data.domain.Pageable); Reason: Validation failed for query for method public abstract org.springframework.data.domain.Page com.apidesign.repository.OrderRepository.findRecentOrdersByStatus(java.lang.String,int,org.springframework.data.domain.Pageable)
	at org.springframework.beans.factory.support.ConstructorResolver.createArgumentArray(ConstructorResolver.java:795)
	at org.springframework.beans.factory.support.ConstructorResolver.autowireConstructor(ConstructorResolver.java:237)
	at org.springframework.beans.factory.support.AbstractAutowireCapableBeanFactory.autowireConstructor(AbstractAutowireCapableBeanFactory.java:1357)
	at org.springframework.beans.factory.support.AbstractAutowireCapableBeanFactory.createBeanInstance(AbstractAutowireCapableBeanFactory.java:1194)
	at org.springframework.beans.factory.support.AbstractAutowireCapableBeanFactory.doCreateBean(AbstractAutowireCapableBeanFactory.java:562)
	at org.springframework.beans.factory.support.AbstractAutowireCapableBeanFactory.createBean(AbstractAutowireCapableBeanFactory.java:522)
	at org.springframework.beans.factory.support.AbstractBeanFactory.lambda$doGetBean$0(AbstractBeanFactory.java:337)
	at org.springframework.beans.factory.support.DefaultSingletonBeanRegistry.getSingleton(DefaultSingletonBeanRegistry.java:234)
	at org.springframework.beans.factory.support.AbstractBeanFactory.doGetBean(AbstractBeanFactory.java:335)
	at org.springframework.beans.factory.support.AbstractBeanFactory.getBean(AbstractBeanFactory.java:200)
	at org.springframework.beans.factory.support.DefaultListableBeanFactory.preInstantiateSingletons(DefaultListableBeanFactory.java:975)
	at org.springframework.context.support.AbstractApplicationContext.finishBeanFactoryInitialization(AbstractApplicationContext.java:962)
	at org.springframework.context.support.AbstractApplicationContext.refresh(AbstractApplicationContext.java:624)
	at org.springframework.boot.web.servlet.context.ServletWebServerApplicationContext.refresh(ServletWebServerApplicationContext.java:146)
	at org.springframework.boot.SpringApplication.refresh(SpringApplication.java:754)
	at org.springframework.boot.SpringApplication.refreshContext(SpringApplication.java:456)
	at org.springframework.boot.SpringApplication.run(SpringApplication.java:335)
	at org.springframework.boot.SpringApplication.run(SpringApplication.java:1363)
	at org.springframework.boot.SpringApplication.run(SpringApplication.java:1352)
	at com.apidesign.ApiDesignApplication.main(ApiDesignApplication.java:26)
	at java.base/jdk.internal.reflect.DirectMethodHandleAccessor.invoke(DirectMethodHandleAccessor.java:103)
	at java.base/java.lang.reflect.Method.invoke(Method.java:580)
	at org.springframework.boot.devtools.restart.RestartLauncher.run(RestartLauncher.java:50)
Caused by: org.springframework.beans.factory.UnsatisfiedDependencyException: Error creating bean with name 'orderService' defined in file [D:\DevZone\repository\springrepo\APIDesign\target\classes\com\apidesign\service\OrderService.class]: Unsatisfied dependency expressed through constructor parameter 0: Error creating bean with name 'orderRepository' defined in com.apidesign.repository.OrderRepository defined in @EnableJpaRepositories declared on DatabaseConfig: Could not create query for public abstract org.springframework.data.domain.Page com.apidesign.repository.OrderRepository.findRecentOrdersByStatus(java.lang.String,int,org.springframework.data.domain.Pageable); Reason: Validation failed for query for method public abstract org.springframework.data.domain.Page com.apidesign.repository.OrderRepository.findRecentOrdersByStatus(java.lang.String,int,org.springframework.data.domain.Pageable)
	at org.springframework.beans.factory.support.ConstructorResolver.createArgumentArray(ConstructorResolver.java:795)
	at org.springframework.beans.factory.support.ConstructorResolver.autowireConstructor(ConstructorResolver.java:237)
	at org.springframework.beans.factory.support.AbstractAutowireCapableBeanFactory.autowireConstructor(AbstractAutowireCapableBeanFactory.java:1357)
	at org.springframework.beans.factory.support.AbstractAutowireCapableBeanFactory.createBeanInstance(AbstractAutowireCapableBeanFactory.java:1194)
	at org.springframework.beans.factory.support.AbstractAutowireCapableBeanFactory.doCreateBean(AbstractAutowireCapableBeanFactory.java:562)
	at org.springframework.beans.factory.support.AbstractAutowireCapableBeanFactory.createBean(AbstractAutowireCapableBeanFactory.java:522)
	at org.springframework.beans.factory.support.AbstractBeanFactory.lambda$doGetBean$0(AbstractBeanFactory.java:337)
	at org.springframework.beans.factory.support.DefaultSingletonBeanRegistry.getSingleton(DefaultSingletonBeanRegistry.java:234)
	at org.springframework.beans.factory.support.AbstractBeanFactory.doGetBean(AbstractBeanFactory.java:335)
	at org.springframework.beans.factory.support.AbstractBeanFactory.getBean(AbstractBeanFactory.java:200)
	at org.springframework.beans.factory.config.DependencyDescriptor.resolveCandidate(DependencyDescriptor.java:254)
	at org.springframework.beans.factory.support.DefaultListableBeanFactory.doResolveDependency(DefaultListableBeanFactory.java:1443)
	at org.springframework.beans.factory.support.DefaultListableBeanFactory.resolveDependency(DefaultListableBeanFactory.java:1353)
	at org.springframework.beans.factory.support.ConstructorResolver.resolveAutowiredArgument(ConstructorResolver.java:904)
	at org.springframework.beans.factory.support.ConstructorResolver.createArgumentArray(ConstructorResolver.java:782)
	... 22 common frames omitted
Caused by: org.springframework.beans.factory.BeanCreationException: Error creating bean with name 'orderRepository' defined in com.apidesign.repository.OrderRepository defined in @EnableJpaRepositories declared on DatabaseConfig: Could not create query for public abstract org.springframework.data.domain.Page com.apidesign.repository.OrderRepository.findRecentOrdersByStatus(java.lang.String,int,org.springframework.data.domain.Pageable); Reason: Validation failed for query for method public abstract org.springframework.data.domain.Page com.apidesign.repository.OrderRepository.findRecentOrdersByStatus(java.lang.String,int,org.springframework.data.domain.Pageable)
	at org.springframework.beans.factory.support.AbstractAutowireCapableBeanFactory.initializeBean(AbstractAutowireCapableBeanFactory.java:1788)
	at org.springframework.beans.factory.support.AbstractAutowireCapableBeanFactory.doCreateBean(AbstractAutowireCapableBeanFactory.java:600)
	at org.springframework.beans.factory.support.AbstractAutowireCapableBeanFactory.createBean(AbstractAutowireCapableBeanFactory.java:522)
	at org.springframework.beans.factory.support.AbstractBeanFactory.lambda$doGetBean$0(AbstractBeanFactory.java:337)
	at org.springframework.beans.factory.support.DefaultSingletonBeanRegistry.getSingleton(DefaultSingletonBeanRegistry.java:234)
	at org.springframework.beans.factory.support.AbstractBeanFactory.doGetBean(AbstractBeanFactory.java:335)
	at org.springframework.beans.factory.support.AbstractBeanFactory.getBean(AbstractBeanFactory.java:200)
	at org.springframework.beans.factory.config.DependencyDescriptor.resolveCandidate(DependencyDescriptor.java:254)
	at org.springframework.beans.factory.support.DefaultListableBeanFactory.doResolveDependency(DefaultListableBeanFactory.java:1443)
	at org.springframework.beans.factory.support.DefaultListableBeanFactory.resolveDependency(DefaultListableBeanFactory.java:1353)
	at org.springframework.beans.factory.support.ConstructorResolver.resolveAutowiredArgument(ConstructorResolver.java:904)
	at org.springframework.beans.factory.support.ConstructorResolver.createArgumentArray(ConstructorResolver.java:782)
	... 36 common frames omitted
Caused by: org.springframework.data.repository.query.QueryCreationException: Could not create query for public abstract org.springframework.data.domain.Page com.apidesign.repository.OrderRepository.findRecentOrdersByStatus(java.lang.String,int,org.springframework.data.domain.Pageable); Reason: Validation failed for query for method public abstract org.springframework.data.domain.Page com.apidesign.repository.OrderRepository.findRecentOrdersByStatus(java.lang.String,int,org.springframework.data.domain.Pageable)
	at org.springframework.data.repository.query.QueryCreationException.create(QueryCreationException.java:101)
	at org.springframework.data.repository.core.support.QueryExecutorMethodInterceptor.lookupQuery(QueryExecutorMethodInterceptor.java:115)
	at org.springframework.data.repository.core.support.QueryExecutorMethodInterceptor.mapMethodsToQuery(QueryExecutorMethodInterceptor.java:99)
	at org.springframework.data.repository.core.support.QueryExecutorMethodInterceptor.lambda$new$0(QueryExecutorMethodInterceptor.java:88)
	at java.base/java.util.Optional.map(Optional.java:260)
	at org.springframework.data.repository.core.support.QueryExecutorMethodInterceptor.<init>(QueryExecutorMethodInterceptor.java:88)
	at org.springframework.data.repository.core.support.RepositoryFactorySupport.getRepository(RepositoryFactorySupport.java:357)
	at org.springframework.data.repository.core.support.RepositoryFactoryBeanSupport.lambda$afterPropertiesSet$5(RepositoryFactoryBeanSupport.java:286)
	at org.springframework.data.util.Lazy.getNullable(Lazy.java:135)
	at org.springframework.data.util.Lazy.get(Lazy.java:113)
	at org.springframework.data.repository.core.support.RepositoryFactoryBeanSupport.afterPropertiesSet(RepositoryFactoryBeanSupport.java:292)
	at org.springframework.data.jpa.repository.support.JpaRepositoryFactoryBean.afterPropertiesSet(JpaRepositoryFactoryBean.java:132)
	at org.springframework.beans.factory.support.AbstractAutowireCapableBeanFactory.invokeInitMethods(AbstractAutowireCapableBeanFactory.java:1835)
	at org.springframework.beans.factory.support.AbstractAutowireCapableBeanFactory.initializeBean(AbstractAutowireCapableBeanFactory.java:1784)
	... 47 common frames omitted
Caused by: java.lang.IllegalArgumentException: Validation failed for query for method public abstract org.springframework.data.domain.Page com.apidesign.repository.OrderRepository.findRecentOrdersByStatus(java.lang.String,int,org.springframework.data.domain.Pageable)
	at org.springframework.data.jpa.repository.query.SimpleJpaQuery.validateQuery(SimpleJpaQuery.java:100)
	at org.springframework.data.jpa.repository.query.SimpleJpaQuery.<init>(SimpleJpaQuery.java:70)
	at org.springframework.data.jpa.repository.query.JpaQueryFactory.fromMethodWithQueryString(JpaQueryFactory.java:60)
	at org.springframework.data.jpa.repository.query.JpaQueryLookupStrategy$DeclaredQueryLookupStrategy.resolveQuery(JpaQueryLookupStrategy.java:170)
	at org.springframework.data.jpa.repository.query.JpaQueryLookupStrategy$CreateIfNotFoundQueryLookupStrategy.resolveQuery(JpaQueryLookupStrategy.java:252)
	at org.springframework.data.jpa.repository.query.JpaQueryLookupStrategy$AbstractQueryLookupStrategy.resolveQuery(JpaQueryLookupStrategy.java:95)
	at org.springframework.data.repository.core.support.QueryExecutorMethodInterceptor.lookupQuery(QueryExecutorMethodInterceptor.java:111)
	... 59 common frames omitted
Caused by: java.lang.IllegalArgumentException: org.hibernate.query.SemanticException: Cannot compare left expression of type 'java.time.LocalDateTime' with right expression of type 'java.time.Duration'
	at org.hibernate.internal.ExceptionConverterImpl.convert(ExceptionConverterImpl.java:143)
	at org.hibernate.internal.ExceptionConverterImpl.convert(ExceptionConverterImpl.java:167)
	at org.hibernate.internal.ExceptionConverterImpl.convert(ExceptionConverterImpl.java:173)
	at org.hibernate.internal.AbstractSharedSessionContract.createQuery(AbstractSharedSessionContract.java:860)
	at org.hibernate.internal.AbstractSharedSessionContract.createQuery(AbstractSharedSessionContract.java:765)
	at org.hibernate.internal.AbstractSharedSessionContract.createQuery(AbstractSharedSessionContract.java:140)
	at java.base/jdk.internal.reflect.DirectMethodHandleAccessor.invoke(DirectMethodHandleAccessor.java:103)
	at java.base/java.lang.reflect.Method.invoke(Method.java:580)
	at org.springframework.orm.jpa.ExtendedEntityManagerCreator$ExtendedEntityManagerInvocationHandler.invoke(ExtendedEntityManagerCreator.java:364)
	at jdk.proxy4/jdk.proxy4.$Proxy157.createQuery(Unknown Source)
	at org.springframework.data.jpa.repository.query.SimpleJpaQuery.validateQuery(SimpleJpaQuery.java:94)
	... 65 common frames omitted
Caused by: org.hibernate.query.SemanticException: Cannot compare left expression of type 'java.time.LocalDateTime' with right expression of type 'java.time.Duration'
	at org.hibernate.query.sqm.internal.TypecheckUtil.assertComparable(TypecheckUtil.java:358)
	at org.hibernate.query.sqm.tree.predicate.SqmComparisonPredicate.<init>(SqmComparisonPredicate.java:48)
	at org.hibernate.query.sqm.tree.predicate.SqmComparisonPredicate.<init>(SqmComparisonPredicate.java:34)
	at org.hibernate.query.hql.internal.SemanticQueryBuilder.createComparisonPredicate(SemanticQueryBuilder.java:2562)
	at org.hibernate.query.hql.internal.SemanticQueryBuilder.visitComparisonPredicate(SemanticQueryBuilder.java:2504)
	at org.hibernate.query.hql.internal.SemanticQueryBuilder.visitComparisonPredicate(SemanticQueryBuilder.java:275)
	at org.hibernate.grammars.hql.HqlParser$ComparisonPredicateContext.accept(HqlParser.java:6432)
	at org.hibernate.query.hql.internal.SemanticQueryBuilder.visitAndPredicate(SemanticQueryBuilder.java:2374)
	at org.hibernate.query.hql.internal.SemanticQueryBuilder.visitAndPredicate(SemanticQueryBuilder.java:275)
	at org.hibernate.grammars.hql.HqlParser$AndPredicateContext.accept(HqlParser.java:6307)
	at org.hibernate.query.hql.internal.SemanticQueryBuilder.visitWhereClause(SemanticQueryBuilder.java:2356)
	at org.hibernate.query.hql.internal.SemanticQueryBuilder.visitWhereClause(SemanticQueryBuilder.java:275)
	at org.hibernate.grammars.hql.HqlParser$WhereClauseContext.accept(HqlParser.java:6173)
	at org.hibernate.query.hql.internal.SemanticQueryBuilder.visitQuery(SemanticQueryBuilder.java:1254)
	at org.hibernate.query.hql.internal.SemanticQueryBuilder.visitQuerySpecExpression(SemanticQueryBuilder.java:1035)
	at org.hibernate.query.hql.internal.SemanticQueryBuilder.visitQuerySpecExpression(SemanticQueryBuilder.java:275)
	at org.hibernate.grammars.hql.HqlParser$QuerySpecExpressionContext.accept(HqlParser.java:2132)
	at org.hibernate.query.hql.internal.SemanticQueryBuilder.visitSimpleQueryGroup(SemanticQueryBuilder.java:1020)
	at org.hibernate.query.hql.internal.SemanticQueryBuilder.visitSimpleQueryGroup(SemanticQueryBuilder.java:275)
	at org.hibernate.grammars.hql.HqlParser$SimpleQueryGroupContext.accept(HqlParser.java:2003)
	at org.hibernate.query.hql.internal.SemanticQueryBuilder.visitSelectStatement(SemanticQueryBuilder.java:490)
	at org.hibernate.query.hql.internal.SemanticQueryBuilder.visitStatement(SemanticQueryBuilder.java:449)
	at org.hibernate.query.hql.internal.SemanticQueryBuilder.buildSemanticModel(SemanticQueryBuilder.java:322)
	at org.hibernate.query.hql.internal.StandardHqlTranslator.translate(StandardHqlTranslator.java:71)
	at org.hibernate.query.internal.QueryInterpretationCacheStandardImpl.createHqlInterpretation(QueryInterpretationCacheStandardImpl.java:145)
	at org.hibernate.query.internal.QueryInterpretationCacheStandardImpl.resolveHqlInterpretation(QueryInterpretationCacheStandardImpl.java:132)
	at org.hibernate.internal.AbstractSharedSessionContract.interpretHql(AbstractSharedSessionContract.java:802)
	at org.hibernate.internal.AbstractSharedSessionContract.createQuery(AbstractSharedSessionContract.java:852)
	... 72 common frames omitted
2026-05-28 09:46:44 [restartedMain] INFO  com.apidesign.ApiDesignApplication - Starting ApiDesignApplication using Java 21.0.8 with PID 13240 (D:\DevZone\repository\springrepo\APIDesign\target\classes started by Cardinal in D:\DevZone\repository\springrepo\APIDesign)
2026-05-28 09:46:44 [restartedMain] DEBUG com.apidesign.ApiDesignApplication - Running with Spring Boot v3.3.0, Spring v6.1.8
2026-05-28 09:46:44 [restartedMain] INFO  com.apidesign.ApiDesignApplication - The following 1 profile is active: "local"
2026-05-28 09:46:44 [restartedMain] INFO  o.s.b.d.restart.ChangeableUrls - The Class-Path manifest attribute in C:\Users\Cardinal\.m2\repository\com\oracle\database\jdbc\ojdbc11\23.4.0.24.05\ojdbc11-23.4.0.24.05.jar referenced one or more files that do not exist: file:/C:/Users/Cardinal/.m2/repository/com/oracle/database/jdbc/ojdbc11/23.4.0.24.05/oraclepki.jar
2026-05-28 09:46:44 [restartedMain] INFO  o.s.b.d.e.DevToolsPropertyDefaultsPostProcessor - Devtools property defaults active! Set 'spring.devtools.add-properties' to 'false' to disable
2026-05-28 09:46:44 [restartedMain] INFO  o.s.b.d.e.DevToolsPropertyDefaultsPostProcessor - For additional web related logging consider setting the 'logging.level.web' property to 'DEBUG'
2026-05-28 09:46:45 [restartedMain] INFO  o.s.d.r.c.RepositoryConfigurationDelegate - Bootstrapping Spring Data JPA repositories in DEFAULT mode.
2026-05-28 09:46:45 [restartedMain] INFO  o.s.d.r.c.RepositoryConfigurationDelegate - Finished Spring Data repository scanning in 31 ms. Found 4 JPA repository interfaces.
2026-05-28 09:46:45 [restartedMain] INFO  o.s.b.w.e.tomcat.TomcatWebServer - Tomcat initialized with port 8080 (http)
2026-05-28 09:46:45 [restartedMain] INFO  o.a.catalina.core.StandardService - Starting service [Tomcat]
2026-05-28 09:46:45 [restartedMain] INFO  o.a.catalina.core.StandardEngine - Starting Servlet engine: [Apache Tomcat/10.1.24]
2026-05-28 09:46:45 [restartedMain] INFO  o.a.c.c.C.[.[localhost].[/api/v1] - Initializing Spring embedded WebApplicationContext
2026-05-28 09:46:45 [restartedMain] INFO  o.s.b.w.s.c.ServletWebServerApplicationContext - Root WebApplicationContext: initialization completed in 1224 ms
2026-05-28 09:46:46 [restartedMain] INFO  o.h.jpa.internal.util.LogHelper - HHH000204: Processing PersistenceUnitInfo [name: default]
2026-05-28 09:46:46 [restartedMain] INFO  org.hibernate.Version - HHH000412: Hibernate ORM core version 6.5.2.Final
2026-05-28 09:46:46 [restartedMain] INFO  o.h.c.i.RegionFactoryInitiator - HHH000026: Second-level cache disabled
2026-05-28 09:46:46 [restartedMain] INFO  o.s.o.j.p.SpringPersistenceUnitInfo - No LoadTimeWeaver setup: ignoring JPA class transformer
2026-05-28 09:46:46 [restartedMain] INFO  com.zaxxer.hikari.HikariDataSource - HikariPool-1 - Starting...
2026-05-28 09:46:46 [restartedMain] INFO  com.zaxxer.hikari.pool.HikariPool - HikariPool-1 - Added connection oracle.jdbc.driver.T4CConnection@747f2162
2026-05-28 09:46:46 [restartedMain] INFO  com.zaxxer.hikari.HikariDataSource - HikariPool-1 - Start completed.
2026-05-28 09:46:46 [restartedMain] WARN  org.hibernate.orm.deprecation - HHH90000025: OracleDialect does not need to be specified explicitly using 'hibernate.dialect' (remove the property setting and it will be selected by default)
2026-05-28 09:46:47 [restartedMain] INFO  o.h.e.t.j.p.i.JtaPlatformInitiator - HHH000489: No JTA platform available (set 'hibernate.transaction.jta.platform' to enable JTA platform integration)
2026-05-28 09:46:47 [restartedMain] INFO  o.hibernate.orm.connections.access - HHH10001501: Connection obtained from JdbcConnectionAccess [org.hibernate.engine.jdbc.env.internal.JdbcEnvironmentInitiator$ConnectionProviderJdbcConnectionAccess@8c0d1bd] for (non-JTA) DDL execution was not in auto-commit mode; the Connection 'local transaction' will be committed and the Connection will be set into auto-commit mode.
2026-05-28 09:46:47 [restartedMain] DEBUG org.hibernate.SQL - alter table if exists order_items add id number(19,0) not null
2026-05-28 09:46:47 [restartedMain] WARN  o.h.t.s.i.ExceptionHandlerLoggedImpl - GenerationTarget encountered exception accepting command : Error executing DDL "alter table if exists order_items add id number(19,0) not null" via JDBC [ORA-01758: table must be empty to add mandatory (NOT NULL) column

https://docs.oracle.com/error-help/db/ora-01758/]
org.hibernate.tool.schema.spi.CommandAcceptanceException: Error executing DDL "alter table if exists order_items add id number(19,0) not null" via JDBC [ORA-01758: table must be empty to add mandatory (NOT NULL) column

https://docs.oracle.com/error-help/db/ora-01758/]
	at org.hibernate.tool.schema.internal.exec.GenerationTargetToDatabase.accept(GenerationTargetToDatabase.java:94)
	at org.hibernate.tool.schema.internal.AbstractSchemaMigrator.applySqlString(AbstractSchemaMigrator.java:575)
	at org.hibernate.tool.schema.internal.AbstractSchemaMigrator.applySqlStrings(AbstractSchemaMigrator.java:515)
	at org.hibernate.tool.schema.internal.AbstractSchemaMigrator.migrateTable(AbstractSchemaMigrator.java:333)
	at org.hibernate.tool.schema.internal.GroupedSchemaMigratorImpl.performTablesMigration(GroupedSchemaMigratorImpl.java:84)
	at org.hibernate.tool.schema.internal.AbstractSchemaMigrator.performMigration(AbstractSchemaMigrator.java:232)
	at org.hibernate.tool.schema.internal.AbstractSchemaMigrator.doMigration(AbstractSchemaMigrator.java:117)
	at org.hibernate.tool.schema.spi.SchemaManagementToolCoordinator.performDatabaseAction(SchemaManagementToolCoordinator.java:280)
	at org.hibernate.tool.schema.spi.SchemaManagementToolCoordinator.lambda$process$5(SchemaManagementToolCoordinator.java:144)
	at java.base/java.util.HashMap.forEach(HashMap.java:1429)
	at org.hibernate.tool.schema.spi.SchemaManagementToolCoordinator.process(SchemaManagementToolCoordinator.java:141)
	at org.hibernate.boot.internal.SessionFactoryObserverForSchemaExport.sessionFactoryCreated(SessionFactoryObserverForSchemaExport.java:37)
	at org.hibernate.internal.SessionFactoryObserverChain.sessionFactoryCreated(SessionFactoryObserverChain.java:35)
	at org.hibernate.internal.SessionFactoryImpl.<init>(SessionFactoryImpl.java:322)
	at org.hibernate.boot.internal.SessionFactoryBuilderImpl.build(SessionFactoryBuilderImpl.java:457)
	at org.hibernate.jpa.boot.internal.EntityManagerFactoryBuilderImpl.build(EntityManagerFactoryBuilderImpl.java:1506)
	at org.springframework.orm.jpa.vendor.SpringHibernateJpaPersistenceProvider.createContainerEntityManagerFactory(SpringHibernateJpaPersistenceProvider.java:75)
	at org.springframework.orm.jpa.LocalContainerEntityManagerFactoryBean.createNativeEntityManagerFactory(LocalContainerEntityManagerFactoryBean.java:390)
	at org.springframework.orm.jpa.AbstractEntityManagerFactoryBean.buildNativeEntityManagerFactory(AbstractEntityManagerFactoryBean.java:409)
	at org.springframework.orm.jpa.AbstractEntityManagerFactoryBean.afterPropertiesSet(AbstractEntityManagerFactoryBean.java:396)
	at org.springframework.orm.jpa.LocalContainerEntityManagerFactoryBean.afterPropertiesSet(LocalContainerEntityManagerFactoryBean.java:366)
	at org.springframework.beans.factory.support.AbstractAutowireCapableBeanFactory.invokeInitMethods(AbstractAutowireCapableBeanFactory.java:1835)
	at org.springframework.beans.factory.support.AbstractAutowireCapableBeanFactory.initializeBean(AbstractAutowireCapableBeanFactory.java:1784)
	at org.springframework.beans.factory.support.AbstractAutowireCapableBeanFactory.doCreateBean(AbstractAutowireCapableBeanFactory.java:600)
	at org.springframework.beans.factory.support.AbstractAutowireCapableBeanFactory.createBean(AbstractAutowireCapableBeanFactory.java:522)
	at org.springframework.beans.factory.support.AbstractBeanFactory.lambda$doGetBean$0(AbstractBeanFactory.java:337)
	at org.springframework.beans.factory.support.DefaultSingletonBeanRegistry.getSingleton(DefaultSingletonBeanRegistry.java:234)
	at org.springframework.beans.factory.support.AbstractBeanFactory.doGetBean(AbstractBeanFactory.java:335)
	at org.springframework.beans.factory.support.AbstractBeanFactory.getBean(AbstractBeanFactory.java:205)
	at org.springframework.context.support.AbstractApplicationContext.finishBeanFactoryInitialization(AbstractApplicationContext.java:952)
	at org.springframework.context.support.AbstractApplicationContext.refresh(AbstractApplicationContext.java:624)
	at org.springframework.boot.web.servlet.context.ServletWebServerApplicationContext.refresh(ServletWebServerApplicationContext.java:146)
	at org.springframework.boot.SpringApplication.refresh(SpringApplication.java:754)
	at org.springframework.boot.SpringApplication.refreshContext(SpringApplication.java:456)
	at org.springframework.boot.SpringApplication.run(SpringApplication.java:335)
	at org.springframework.boot.SpringApplication.run(SpringApplication.java:1363)
	at org.springframework.boot.SpringApplication.run(SpringApplication.java:1352)
	at com.apidesign.ApiDesignApplication.main(ApiDesignApplication.java:26)
	at java.base/jdk.internal.reflect.DirectMethodHandleAccessor.invoke(DirectMethodHandleAccessor.java:103)
	at java.base/java.lang.reflect.Method.invoke(Method.java:580)
	at org.springframework.boot.devtools.restart.RestartLauncher.run(RestartLauncher.java:50)
Caused by: java.sql.SQLSyntaxErrorException: ORA-01758: table must be empty to add mandatory (NOT NULL) column

https://docs.oracle.com/error-help/db/ora-01758/
	at oracle.jdbc.driver.T4CTTIoer11.processError(T4CTTIoer11.java:709)
	at oracle.jdbc.driver.T4CTTIoer11.processError(T4CTTIoer11.java:609)
	at oracle.jdbc.driver.T4C8Oall.processError(T4C8Oall.java:1347)
	at oracle.jdbc.driver.T4CTTIfun.receive(T4CTTIfun.java:1101)
	at oracle.jdbc.driver.T4CTTIfun.doRPC(T4CTTIfun.java:409)
	at oracle.jdbc.driver.T4C8Oall.doOALL(T4C8Oall.java:499)
	at oracle.jdbc.driver.T4CStatement.doOall8(T4CStatement.java:190)
	at oracle.jdbc.driver.T4CStatement.executeForRows(T4CStatement.java:1384)
	at oracle.jdbc.driver.OracleStatement.executeSQLStatement(OracleStatement.java:1995)
	at oracle.jdbc.driver.OracleStatement.doExecuteWithTimeout(OracleStatement.java:1608)
	at oracle.jdbc.driver.OracleStatement.executeInternal(OracleStatement.java:2673)
	at oracle.jdbc.driver.OracleStatement.execute(OracleStatement.java:2622)
	at oracle.jdbc.driver.OracleStatementWrapper.execute(OracleStatementWrapper.java:336)
	at com.zaxxer.hikari.pool.ProxyStatement.execute(ProxyStatement.java:94)
	at com.zaxxer.hikari.pool.HikariProxyStatement.execute(HikariProxyStatement.java)
	at org.hibernate.tool.schema.internal.exec.GenerationTargetToDatabase.accept(GenerationTargetToDatabase.java:80)
	... 40 common frames omitted
Caused by: oracle.jdbc.OracleDatabaseException: ORA-01758: table must be empty to add mandatory (NOT NULL) column

	at oracle.jdbc.driver.T4CTTIoer11.processError(T4CTTIoer11.java:717)
	... 55 common frames omitted
2026-05-28 09:46:47 [restartedMain] DEBUG org.hibernate.SQL - alter table if exists order_items add created_at timestamp(6) not null
2026-05-28 09:46:47 [restartedMain] WARN  o.h.t.s.i.ExceptionHandlerLoggedImpl - GenerationTarget encountered exception accepting command : Error executing DDL "alter table if exists order_items add created_at timestamp(6) not null" via JDBC [ORA-01758: table must be empty to add mandatory (NOT NULL) column

https://docs.oracle.com/error-help/db/ora-01758/]
org.hibernate.tool.schema.spi.CommandAcceptanceException: Error executing DDL "alter table if exists order_items add created_at timestamp(6) not null" via JDBC [ORA-01758: table must be empty to add mandatory (NOT NULL) column

https://docs.oracle.com/error-help/db/ora-01758/]
	at org.hibernate.tool.schema.internal.exec.GenerationTargetToDatabase.accept(GenerationTargetToDatabase.java:94)
	at org.hibernate.tool.schema.internal.AbstractSchemaMigrator.applySqlString(AbstractSchemaMigrator.java:575)
	at org.hibernate.tool.schema.internal.AbstractSchemaMigrator.applySqlStrings(AbstractSchemaMigrator.java:515)
	at org.hibernate.tool.schema.internal.AbstractSchemaMigrator.migrateTable(AbstractSchemaMigrator.java:333)
	at org.hibernate.tool.schema.internal.GroupedSchemaMigratorImpl.performTablesMigration(GroupedSchemaMigratorImpl.java:84)
	at org.hibernate.tool.schema.internal.AbstractSchemaMigrator.performMigration(AbstractSchemaMigrator.java:232)
	at org.hibernate.tool.schema.internal.AbstractSchemaMigrator.doMigration(AbstractSchemaMigrator.java:117)
	at org.hibernate.tool.schema.spi.SchemaManagementToolCoordinator.performDatabaseAction(SchemaManagementToolCoordinator.java:280)
	at org.hibernate.tool.schema.spi.SchemaManagementToolCoordinator.lambda$process$5(SchemaManagementToolCoordinator.java:144)
	at java.base/java.util.HashMap.forEach(HashMap.java:1429)
	at org.hibernate.tool.schema.spi.SchemaManagementToolCoordinator.process(SchemaManagementToolCoordinator.java:141)
	at org.hibernate.boot.internal.SessionFactoryObserverForSchemaExport.sessionFactoryCreated(SessionFactoryObserverForSchemaExport.java:37)
	at org.hibernate.internal.SessionFactoryObserverChain.sessionFactoryCreated(SessionFactoryObserverChain.java:35)
	at org.hibernate.internal.SessionFactoryImpl.<init>(SessionFactoryImpl.java:322)
	at org.hibernate.boot.internal.SessionFactoryBuilderImpl.build(SessionFactoryBuilderImpl.java:457)
	at org.hibernate.jpa.boot.internal.EntityManagerFactoryBuilderImpl.build(EntityManagerFactoryBuilderImpl.java:1506)
	at org.springframework.orm.jpa.vendor.SpringHibernateJpaPersistenceProvider.createContainerEntityManagerFactory(SpringHibernateJpaPersistenceProvider.java:75)
	at org.springframework.orm.jpa.LocalContainerEntityManagerFactoryBean.createNativeEntityManagerFactory(LocalContainerEntityManagerFactoryBean.java:390)
	at org.springframework.orm.jpa.AbstractEntityManagerFactoryBean.buildNativeEntityManagerFactory(AbstractEntityManagerFactoryBean.java:409)
	at org.springframework.orm.jpa.AbstractEntityManagerFactoryBean.afterPropertiesSet(AbstractEntityManagerFactoryBean.java:396)
	at org.springframework.orm.jpa.LocalContainerEntityManagerFactoryBean.afterPropertiesSet(LocalContainerEntityManagerFactoryBean.java:366)
	at org.springframework.beans.factory.support.AbstractAutowireCapableBeanFactory.invokeInitMethods(AbstractAutowireCapableBeanFactory.java:1835)
	at org.springframework.beans.factory.support.AbstractAutowireCapableBeanFactory.initializeBean(AbstractAutowireCapableBeanFactory.java:1784)
	at org.springframework.beans.factory.support.AbstractAutowireCapableBeanFactory.doCreateBean(AbstractAutowireCapableBeanFactory.java:600)
	at org.springframework.beans.factory.support.AbstractAutowireCapableBeanFactory.createBean(AbstractAutowireCapableBeanFactory.java:522)
	at org.springframework.beans.factory.support.AbstractBeanFactory.lambda$doGetBean$0(AbstractBeanFactory.java:337)
	at org.springframework.beans.factory.support.DefaultSingletonBeanRegistry.getSingleton(DefaultSingletonBeanRegistry.java:234)
	at org.springframework.beans.factory.support.AbstractBeanFactory.doGetBean(AbstractBeanFactory.java:335)
	at org.springframework.beans.factory.support.AbstractBeanFactory.getBean(AbstractBeanFactory.java:205)
	at org.springframework.context.support.AbstractApplicationContext.finishBeanFactoryInitialization(AbstractApplicationContext.java:952)
	at org.springframework.context.support.AbstractApplicationContext.refresh(AbstractApplicationContext.java:624)
	at org.springframework.boot.web.servlet.context.ServletWebServerApplicationContext.refresh(ServletWebServerApplicationContext.java:146)
	at org.springframework.boot.SpringApplication.refresh(SpringApplication.java:754)
	at org.springframework.boot.SpringApplication.refreshContext(SpringApplication.java:456)
	at org.springframework.boot.SpringApplication.run(SpringApplication.java:335)
	at org.springframework.boot.SpringApplication.run(SpringApplication.java:1363)
	at org.springframework.boot.SpringApplication.run(SpringApplication.java:1352)
	at com.apidesign.ApiDesignApplication.main(ApiDesignApplication.java:26)
	at java.base/jdk.internal.reflect.DirectMethodHandleAccessor.invoke(DirectMethodHandleAccessor.java:103)
	at java.base/java.lang.reflect.Method.invoke(Method.java:580)
	at org.springframework.boot.devtools.restart.RestartLauncher.run(RestartLauncher.java:50)
Caused by: java.sql.SQLSyntaxErrorException: ORA-01758: table must be empty to add mandatory (NOT NULL) column

https://docs.oracle.com/error-help/db/ora-01758/
	at oracle.jdbc.driver.T4CTTIoer11.processError(T4CTTIoer11.java:709)
	at oracle.jdbc.driver.T4CTTIoer11.processError(T4CTTIoer11.java:609)
	at oracle.jdbc.driver.T4C8Oall.processError(T4C8Oall.java:1347)
	at oracle.jdbc.driver.T4CTTIfun.receive(T4CTTIfun.java:1101)
	at oracle.jdbc.driver.T4CTTIfun.doRPC(T4CTTIfun.java:409)
	at oracle.jdbc.driver.T4C8Oall.doOALL(T4C8Oall.java:499)
	at oracle.jdbc.driver.T4CStatement.doOall8(T4CStatement.java:190)
	at oracle.jdbc.driver.T4CStatement.executeForRows(T4CStatement.java:1384)
	at oracle.jdbc.driver.OracleStatement.executeSQLStatement(OracleStatement.java:1995)
	at oracle.jdbc.driver.OracleStatement.doExecuteWithTimeout(OracleStatement.java:1608)
	at oracle.jdbc.driver.OracleStatement.executeInternal(OracleStatement.java:2673)
	at oracle.jdbc.driver.OracleStatement.execute(OracleStatement.java:2622)
	at oracle.jdbc.driver.OracleStatementWrapper.execute(OracleStatementWrapper.java:336)
	at com.zaxxer.hikari.pool.ProxyStatement.execute(ProxyStatement.java:94)
	at com.zaxxer.hikari.pool.HikariProxyStatement.execute(HikariProxyStatement.java)
	at org.hibernate.tool.schema.internal.exec.GenerationTargetToDatabase.accept(GenerationTargetToDatabase.java:80)
	... 40 common frames omitted
Caused by: oracle.jdbc.OracleDatabaseException: ORA-01758: table must be empty to add mandatory (NOT NULL) column

	at oracle.jdbc.driver.T4CTTIoer11.processError(T4CTTIoer11.java:717)
	... 55 common frames omitted
2026-05-28 09:46:47 [restartedMain] DEBUG org.hibernate.SQL - alter table if exists order_items add product_name varchar2(100 char) not null
2026-05-28 09:46:47 [restartedMain] WARN  o.h.t.s.i.ExceptionHandlerLoggedImpl - GenerationTarget encountered exception accepting command : Error executing DDL "alter table if exists order_items add product_name varchar2(100 char) not null" via JDBC [ORA-01758: table must be empty to add mandatory (NOT NULL) column

https://docs.oracle.com/error-help/db/ora-01758/]
org.hibernate.tool.schema.spi.CommandAcceptanceException: Error executing DDL "alter table if exists order_items add product_name varchar2(100 char) not null" via JDBC [ORA-01758: table must be empty to add mandatory (NOT NULL) column

https://docs.oracle.com/error-help/db/ora-01758/]
	at org.hibernate.tool.schema.internal.exec.GenerationTargetToDatabase.accept(GenerationTargetToDatabase.java:94)
	at org.hibernate.tool.schema.internal.AbstractSchemaMigrator.applySqlString(AbstractSchemaMigrator.java:575)
	at org.hibernate.tool.schema.internal.AbstractSchemaMigrator.applySqlStrings(AbstractSchemaMigrator.java:515)
	at org.hibernate.tool.schema.internal.AbstractSchemaMigrator.migrateTable(AbstractSchemaMigrator.java:333)
	at org.hibernate.tool.schema.internal.GroupedSchemaMigratorImpl.performTablesMigration(GroupedSchemaMigratorImpl.java:84)
	at org.hibernate.tool.schema.internal.AbstractSchemaMigrator.performMigration(AbstractSchemaMigrator.java:232)
	at org.hibernate.tool.schema.internal.AbstractSchemaMigrator.doMigration(AbstractSchemaMigrator.java:117)
	at org.hibernate.tool.schema.spi.SchemaManagementToolCoordinator.performDatabaseAction(SchemaManagementToolCoordinator.java:280)
	at org.hibernate.tool.schema.spi.SchemaManagementToolCoordinator.lambda$process$5(SchemaManagementToolCoordinator.java:144)
	at java.base/java.util.HashMap.forEach(HashMap.java:1429)
	at org.hibernate.tool.schema.spi.SchemaManagementToolCoordinator.process(SchemaManagementToolCoordinator.java:141)
	at org.hibernate.boot.internal.SessionFactoryObserverForSchemaExport.sessionFactoryCreated(SessionFactoryObserverForSchemaExport.java:37)
	at org.hibernate.internal.SessionFactoryObserverChain.sessionFactoryCreated(SessionFactoryObserverChain.java:35)
	at org.hibernate.internal.SessionFactoryImpl.<init>(SessionFactoryImpl.java:322)
	at org.hibernate.boot.internal.SessionFactoryBuilderImpl.build(SessionFactoryBuilderImpl.java:457)
	at org.hibernate.jpa.boot.internal.EntityManagerFactoryBuilderImpl.build(EntityManagerFactoryBuilderImpl.java:1506)
	at org.springframework.orm.jpa.vendor.SpringHibernateJpaPersistenceProvider.createContainerEntityManagerFactory(SpringHibernateJpaPersistenceProvider.java:75)
	at org.springframework.orm.jpa.LocalContainerEntityManagerFactoryBean.createNativeEntityManagerFactory(LocalContainerEntityManagerFactoryBean.java:390)
	at org.springframework.orm.jpa.AbstractEntityManagerFactoryBean.buildNativeEntityManagerFactory(AbstractEntityManagerFactoryBean.java:409)
	at org.springframework.orm.jpa.AbstractEntityManagerFactoryBean.afterPropertiesSet(AbstractEntityManagerFactoryBean.java:396)
	at org.springframework.orm.jpa.LocalContainerEntityManagerFactoryBean.afterPropertiesSet(LocalContainerEntityManagerFactoryBean.java:366)
	at org.springframework.beans.factory.support.AbstractAutowireCapableBeanFactory.invokeInitMethods(AbstractAutowireCapableBeanFactory.java:1835)
	at org.springframework.beans.factory.support.AbstractAutowireCapableBeanFactory.initializeBean(AbstractAutowireCapableBeanFactory.java:1784)
	at org.springframework.beans.factory.support.AbstractAutowireCapableBeanFactory.doCreateBean(AbstractAutowireCapableBeanFactory.java:600)
	at org.springframework.beans.factory.support.AbstractAutowireCapableBeanFactory.createBean(AbstractAutowireCapableBeanFactory.java:522)
	at org.springframework.beans.factory.support.AbstractBeanFactory.lambda$doGetBean$0(AbstractBeanFactory.java:337)
	at org.springframework.beans.factory.support.DefaultSingletonBeanRegistry.getSingleton(DefaultSingletonBeanRegistry.java:234)
	at org.springframework.beans.factory.support.AbstractBeanFactory.doGetBean(AbstractBeanFactory.java:335)
	at org.springframework.beans.factory.support.AbstractBeanFactory.getBean(AbstractBeanFactory.java:205)
	at org.springframework.context.support.AbstractApplicationContext.finishBeanFactoryInitialization(AbstractApplicationContext.java:952)
	at org.springframework.context.support.AbstractApplicationContext.refresh(AbstractApplicationContext.java:624)
	at org.springframework.boot.web.servlet.context.ServletWebServerApplicationContext.refresh(ServletWebServerApplicationContext.java:146)
	at org.springframework.boot.SpringApplication.refresh(SpringApplication.java:754)
	at org.springframework.boot.SpringApplication.refreshContext(SpringApplication.java:456)
	at org.springframework.boot.SpringApplication.run(SpringApplication.java:335)
	at org.springframework.boot.SpringApplication.run(SpringApplication.java:1363)
	at org.springframework.boot.SpringApplication.run(SpringApplication.java:1352)
	at com.apidesign.ApiDesignApplication.main(ApiDesignApplication.java:26)
	at java.base/jdk.internal.reflect.DirectMethodHandleAccessor.invoke(DirectMethodHandleAccessor.java:103)
	at java.base/java.lang.reflect.Method.invoke(Method.java:580)
	at org.springframework.boot.devtools.restart.RestartLauncher.run(RestartLauncher.java:50)
Caused by: java.sql.SQLSyntaxErrorException: ORA-01758: table must be empty to add mandatory (NOT NULL) column

https://docs.oracle.com/error-help/db/ora-01758/
	at oracle.jdbc.driver.T4CTTIoer11.processError(T4CTTIoer11.java:709)
	at oracle.jdbc.driver.T4CTTIoer11.processError(T4CTTIoer11.java:609)
	at oracle.jdbc.driver.T4C8Oall.processError(T4C8Oall.java:1347)
	at oracle.jdbc.driver.T4CTTIfun.receive(T4CTTIfun.java:1101)
	at oracle.jdbc.driver.T4CTTIfun.doRPC(T4CTTIfun.java:409)
	at oracle.jdbc.driver.T4C8Oall.doOALL(T4C8Oall.java:499)
	at oracle.jdbc.driver.T4CStatement.doOall8(T4CStatement.java:190)
	at oracle.jdbc.driver.T4CStatement.executeForRows(T4CStatement.java:1384)
	at oracle.jdbc.driver.OracleStatement.executeSQLStatement(OracleStatement.java:1995)
	at oracle.jdbc.driver.OracleStatement.doExecuteWithTimeout(OracleStatement.java:1608)
	at oracle.jdbc.driver.OracleStatement.executeInternal(OracleStatement.java:2673)
	at oracle.jdbc.driver.OracleStatement.execute(OracleStatement.java:2622)
	at oracle.jdbc.driver.OracleStatementWrapper.execute(OracleStatementWrapper.java:336)
	at com.zaxxer.hikari.pool.ProxyStatement.execute(ProxyStatement.java:94)
	at com.zaxxer.hikari.pool.HikariProxyStatement.execute(HikariProxyStatement.java)
	at org.hibernate.tool.schema.internal.exec.GenerationTargetToDatabase.accept(GenerationTargetToDatabase.java:80)
	... 40 common frames omitted
Caused by: oracle.jdbc.OracleDatabaseException: ORA-01758: table must be empty to add mandatory (NOT NULL) column

	at oracle.jdbc.driver.T4CTTIoer11.processError(T4CTTIoer11.java:717)
	... 55 common frames omitted
2026-05-28 09:46:47 [restartedMain] DEBUG org.hibernate.SQL - alter table if exists order_items add product_sku varchar2(50 char) not null
2026-05-28 09:46:47 [restartedMain] WARN  o.h.t.s.i.ExceptionHandlerLoggedImpl - GenerationTarget encountered exception accepting command : Error executing DDL "alter table if exists order_items add product_sku varchar2(50 char) not null" via JDBC [ORA-01758: table must be empty to add mandatory (NOT NULL) column

https://docs.oracle.com/error-help/db/ora-01758/]
org.hibernate.tool.schema.spi.CommandAcceptanceException: Error executing DDL "alter table if exists order_items add product_sku varchar2(50 char) not null" via JDBC [ORA-01758: table must be empty to add mandatory (NOT NULL) column

https://docs.oracle.com/error-help/db/ora-01758/]
	at org.hibernate.tool.schema.internal.exec.GenerationTargetToDatabase.accept(GenerationTargetToDatabase.java:94)
	at org.hibernate.tool.schema.internal.AbstractSchemaMigrator.applySqlString(AbstractSchemaMigrator.java:575)
	at org.hibernate.tool.schema.internal.AbstractSchemaMigrator.applySqlStrings(AbstractSchemaMigrator.java:515)
	at org.hibernate.tool.schema.internal.AbstractSchemaMigrator.migrateTable(AbstractSchemaMigrator.java:333)
	at org.hibernate.tool.schema.internal.GroupedSchemaMigratorImpl.performTablesMigration(GroupedSchemaMigratorImpl.java:84)
	at org.hibernate.tool.schema.internal.AbstractSchemaMigrator.performMigration(AbstractSchemaMigrator.java:232)
	at org.hibernate.tool.schema.internal.AbstractSchemaMigrator.doMigration(AbstractSchemaMigrator.java:117)
	at org.hibernate.tool.schema.spi.SchemaManagementToolCoordinator.performDatabaseAction(SchemaManagementToolCoordinator.java:280)
	at org.hibernate.tool.schema.spi.SchemaManagementToolCoordinator.lambda$process$5(SchemaManagementToolCoordinator.java:144)
	at java.base/java.util.HashMap.forEach(HashMap.java:1429)
	at org.hibernate.tool.schema.spi.SchemaManagementToolCoordinator.process(SchemaManagementToolCoordinator.java:141)
	at org.hibernate.boot.internal.SessionFactoryObserverForSchemaExport.sessionFactoryCreated(SessionFactoryObserverForSchemaExport.java:37)
	at org.hibernate.internal.SessionFactoryObserverChain.sessionFactoryCreated(SessionFactoryObserverChain.java:35)
	at org.hibernate.internal.SessionFactoryImpl.<init>(SessionFactoryImpl.java:322)
	at org.hibernate.boot.internal.SessionFactoryBuilderImpl.build(SessionFactoryBuilderImpl.java:457)
	at org.hibernate.jpa.boot.internal.EntityManagerFactoryBuilderImpl.build(EntityManagerFactoryBuilderImpl.java:1506)
	at org.springframework.orm.jpa.vendor.SpringHibernateJpaPersistenceProvider.createContainerEntityManagerFactory(SpringHibernateJpaPersistenceProvider.java:75)
	at org.springframework.orm.jpa.LocalContainerEntityManagerFactoryBean.createNativeEntityManagerFactory(LocalContainerEntityManagerFactoryBean.java:390)
	at org.springframework.orm.jpa.AbstractEntityManagerFactoryBean.buildNativeEntityManagerFactory(AbstractEntityManagerFactoryBean.java:409)
	at org.springframework.orm.jpa.AbstractEntityManagerFactoryBean.afterPropertiesSet(AbstractEntityManagerFactoryBean.java:396)
	at org.springframework.orm.jpa.LocalContainerEntityManagerFactoryBean.afterPropertiesSet(LocalContainerEntityManagerFactoryBean.java:366)
	at org.springframework.beans.factory.support.AbstractAutowireCapableBeanFactory.invokeInitMethods(AbstractAutowireCapableBeanFactory.java:1835)
	at org.springframework.beans.factory.support.AbstractAutowireCapableBeanFactory.initializeBean(AbstractAutowireCapableBeanFactory.java:1784)
	at org.springframework.beans.factory.support.AbstractAutowireCapableBeanFactory.doCreateBean(AbstractAutowireCapableBeanFactory.java:600)
	at org.springframework.beans.factory.support.AbstractAutowireCapableBeanFactory.createBean(AbstractAutowireCapableBeanFactory.java:522)
	at org.springframework.beans.factory.support.AbstractBeanFactory.lambda$doGetBean$0(AbstractBeanFactory.java:337)
	at org.springframework.beans.factory.support.DefaultSingletonBeanRegistry.getSingleton(DefaultSingletonBeanRegistry.java:234)
	at org.springframework.beans.factory.support.AbstractBeanFactory.doGetBean(AbstractBeanFactory.java:335)
	at org.springframework.beans.factory.support.AbstractBeanFactory.getBean(AbstractBeanFactory.java:205)
	at org.springframework.context.support.AbstractApplicationContext.finishBeanFactoryInitialization(AbstractApplicationContext.java:952)
	at org.springframework.context.support.AbstractApplicationContext.refresh(AbstractApplicationContext.java:624)
	at org.springframework.boot.web.servlet.context.ServletWebServerApplicationContext.refresh(ServletWebServerApplicationContext.java:146)
	at org.springframework.boot.SpringApplication.refresh(SpringApplication.java:754)
	at org.springframework.boot.SpringApplication.refreshContext(SpringApplication.java:456)
	at org.springframework.boot.SpringApplication.run(SpringApplication.java:335)
	at org.springframework.boot.SpringApplication.run(SpringApplication.java:1363)
	at org.springframework.boot.SpringApplication.run(SpringApplication.java:1352)
	at com.apidesign.ApiDesignApplication.main(ApiDesignApplication.java:26)
	at java.base/jdk.internal.reflect.DirectMethodHandleAccessor.invoke(DirectMethodHandleAccessor.java:103)
	at java.base/java.lang.reflect.Method.invoke(Method.java:580)
	at org.springframework.boot.devtools.restart.RestartLauncher.run(RestartLauncher.java:50)
Caused by: java.sql.SQLSyntaxErrorException: ORA-01758: table must be empty to add mandatory (NOT NULL) column

https://docs.oracle.com/error-help/db/ora-01758/
	at oracle.jdbc.driver.T4CTTIoer11.processError(T4CTTIoer11.java:709)
	at oracle.jdbc.driver.T4CTTIoer11.processError(T4CTTIoer11.java:609)
	at oracle.jdbc.driver.T4C8Oall.processError(T4C8Oall.java:1347)
	at oracle.jdbc.driver.T4CTTIfun.receive(T4CTTIfun.java:1101)
	at oracle.jdbc.driver.T4CTTIfun.doRPC(T4CTTIfun.java:409)
	at oracle.jdbc.driver.T4C8Oall.doOALL(T4C8Oall.java:499)
	at oracle.jdbc.driver.T4CStatement.doOall8(T4CStatement.java:190)
	at oracle.jdbc.driver.T4CStatement.executeForRows(T4CStatement.java:1384)
	at oracle.jdbc.driver.OracleStatement.executeSQLStatement(OracleStatement.java:1995)
	at oracle.jdbc.driver.OracleStatement.doExecuteWithTimeout(OracleStatement.java:1608)
	at oracle.jdbc.driver.OracleStatement.executeInternal(OracleStatement.java:2673)
	at oracle.jdbc.driver.OracleStatement.execute(OracleStatement.java:2622)
	at oracle.jdbc.driver.OracleStatementWrapper.execute(OracleStatementWrapper.java:336)
	at com.zaxxer.hikari.pool.ProxyStatement.execute(ProxyStatement.java:94)
	at com.zaxxer.hikari.pool.HikariProxyStatement.execute(HikariProxyStatement.java)
	at org.hibernate.tool.schema.internal.exec.GenerationTargetToDatabase.accept(GenerationTargetToDatabase.java:80)
	... 40 common frames omitted
Caused by: oracle.jdbc.OracleDatabaseException: ORA-01758: table must be empty to add mandatory (NOT NULL) column

	at oracle.jdbc.driver.T4CTTIoer11.processError(T4CTTIoer11.java:717)
	... 55 common frames omitted
2026-05-28 09:46:47 [restartedMain] DEBUG org.hibernate.SQL - alter table if exists orders add id number(19,0) not null
2026-05-28 09:46:47 [restartedMain] WARN  o.h.t.s.i.ExceptionHandlerLoggedImpl - GenerationTarget encountered exception accepting command : Error executing DDL "alter table if exists orders add id number(19,0) not null" via JDBC [ORA-01758: table must be empty to add mandatory (NOT NULL) column

https://docs.oracle.com/error-help/db/ora-01758/]
org.hibernate.tool.schema.spi.CommandAcceptanceException: Error executing DDL "alter table if exists orders add id number(19,0) not null" via JDBC [ORA-01758: table must be empty to add mandatory (NOT NULL) column

https://docs.oracle.com/error-help/db/ora-01758/]
	at org.hibernate.tool.schema.internal.exec.GenerationTargetToDatabase.accept(GenerationTargetToDatabase.java:94)
	at org.hibernate.tool.schema.internal.AbstractSchemaMigrator.applySqlString(AbstractSchemaMigrator.java:575)
	at org.hibernate.tool.schema.internal.AbstractSchemaMigrator.applySqlStrings(AbstractSchemaMigrator.java:515)
	at org.hibernate.tool.schema.internal.AbstractSchemaMigrator.migrateTable(AbstractSchemaMigrator.java:333)
	at org.hibernate.tool.schema.internal.GroupedSchemaMigratorImpl.performTablesMigration(GroupedSchemaMigratorImpl.java:84)
	at org.hibernate.tool.schema.internal.AbstractSchemaMigrator.performMigration(AbstractSchemaMigrator.java:232)
	at org.hibernate.tool.schema.internal.AbstractSchemaMigrator.doMigration(AbstractSchemaMigrator.java:117)
	at org.hibernate.tool.schema.spi.SchemaManagementToolCoordinator.performDatabaseAction(SchemaManagementToolCoordinator.java:280)
	at org.hibernate.tool.schema.spi.SchemaManagementToolCoordinator.lambda$process$5(SchemaManagementToolCoordinator.java:144)
	at java.base/java.util.HashMap.forEach(HashMap.java:1429)
	at org.hibernate.tool.schema.spi.SchemaManagementToolCoordinator.process(SchemaManagementToolCoordinator.java:141)
	at org.hibernate.boot.internal.SessionFactoryObserverForSchemaExport.sessionFactoryCreated(SessionFactoryObserverForSchemaExport.java:37)
	at org.hibernate.internal.SessionFactoryObserverChain.sessionFactoryCreated(SessionFactoryObserverChain.java:35)
	at org.hibernate.internal.SessionFactoryImpl.<init>(SessionFactoryImpl.java:322)
	at org.hibernate.boot.internal.SessionFactoryBuilderImpl.build(SessionFactoryBuilderImpl.java:457)
	at org.hibernate.jpa.boot.internal.EntityManagerFactoryBuilderImpl.build(EntityManagerFactoryBuilderImpl.java:1506)
	at org.springframework.orm.jpa.vendor.SpringHibernateJpaPersistenceProvider.createContainerEntityManagerFactory(SpringHibernateJpaPersistenceProvider.java:75)
	at org.springframework.orm.jpa.LocalContainerEntityManagerFactoryBean.createNativeEntityManagerFactory(LocalContainerEntityManagerFactoryBean.java:390)
	at org.springframework.orm.jpa.AbstractEntityManagerFactoryBean.buildNativeEntityManagerFactory(AbstractEntityManagerFactoryBean.java:409)
	at org.springframework.orm.jpa.AbstractEntityManagerFactoryBean.afterPropertiesSet(AbstractEntityManagerFactoryBean.java:396)
	at org.springframework.orm.jpa.LocalContainerEntityManagerFactoryBean.afterPropertiesSet(LocalContainerEntityManagerFactoryBean.java:366)
	at org.springframework.beans.factory.support.AbstractAutowireCapableBeanFactory.invokeInitMethods(AbstractAutowireCapableBeanFactory.java:1835)
	at org.springframework.beans.factory.support.AbstractAutowireCapableBeanFactory.initializeBean(AbstractAutowireCapableBeanFactory.java:1784)
	at org.springframework.beans.factory.support.AbstractAutowireCapableBeanFactory.doCreateBean(AbstractAutowireCapableBeanFactory.java:600)
	at org.springframework.beans.factory.support.AbstractAutowireCapableBeanFactory.createBean(AbstractAutowireCapableBeanFactory.java:522)
	at org.springframework.beans.factory.support.AbstractBeanFactory.lambda$doGetBean$0(AbstractBeanFactory.java:337)
	at org.springframework.beans.factory.support.DefaultSingletonBeanRegistry.getSingleton(DefaultSingletonBeanRegistry.java:234)
	at org.springframework.beans.factory.support.AbstractBeanFactory.doGetBean(AbstractBeanFactory.java:335)
	at org.springframework.beans.factory.support.AbstractBeanFactory.getBean(AbstractBeanFactory.java:205)
	at org.springframework.context.support.AbstractApplicationContext.finishBeanFactoryInitialization(AbstractApplicationContext.java:952)
	at org.springframework.context.support.AbstractApplicationContext.refresh(AbstractApplicationContext.java:624)
	at org.springframework.boot.web.servlet.context.ServletWebServerApplicationContext.refresh(ServletWebServerApplicationContext.java:146)
	at org.springframework.boot.SpringApplication.refresh(SpringApplication.java:754)
	at org.springframework.boot.SpringApplication.refreshContext(SpringApplication.java:456)
	at org.springframework.boot.SpringApplication.run(SpringApplication.java:335)
	at org.springframework.boot.SpringApplication.run(SpringApplication.java:1363)
	at org.springframework.boot.SpringApplication.run(SpringApplication.java:1352)
	at com.apidesign.ApiDesignApplication.main(ApiDesignApplication.java:26)
	at java.base/jdk.internal.reflect.DirectMethodHandleAccessor.invoke(DirectMethodHandleAccessor.java:103)
	at java.base/java.lang.reflect.Method.invoke(Method.java:580)
	at org.springframework.boot.devtools.restart.RestartLauncher.run(RestartLauncher.java:50)
Caused by: java.sql.SQLSyntaxErrorException: ORA-01758: table must be empty to add mandatory (NOT NULL) column

https://docs.oracle.com/error-help/db/ora-01758/
	at oracle.jdbc.driver.T4CTTIoer11.processError(T4CTTIoer11.java:709)
	at oracle.jdbc.driver.T4CTTIoer11.processError(T4CTTIoer11.java:609)
	at oracle.jdbc.driver.T4C8Oall.processError(T4C8Oall.java:1347)
	at oracle.jdbc.driver.T4CTTIfun.receive(T4CTTIfun.java:1101)
	at oracle.jdbc.driver.T4CTTIfun.doRPC(T4CTTIfun.java:409)
	at oracle.jdbc.driver.T4C8Oall.doOALL(T4C8Oall.java:499)
	at oracle.jdbc.driver.T4CStatement.doOall8(T4CStatement.java:190)
	at oracle.jdbc.driver.T4CStatement.executeForRows(T4CStatement.java:1384)
	at oracle.jdbc.driver.OracleStatement.executeSQLStatement(OracleStatement.java:1995)
	at oracle.jdbc.driver.OracleStatement.doExecuteWithTimeout(OracleStatement.java:1608)
	at oracle.jdbc.driver.OracleStatement.executeInternal(OracleStatement.java:2673)
	at oracle.jdbc.driver.OracleStatement.execute(OracleStatement.java:2622)
	at oracle.jdbc.driver.OracleStatementWrapper.execute(OracleStatementWrapper.java:336)
	at com.zaxxer.hikari.pool.ProxyStatement.execute(ProxyStatement.java:94)
	at com.zaxxer.hikari.pool.HikariProxyStatement.execute(HikariProxyStatement.java)
	at org.hibernate.tool.schema.internal.exec.GenerationTargetToDatabase.accept(GenerationTargetToDatabase.java:80)
	... 40 common frames omitted
Caused by: oracle.jdbc.OracleDatabaseException: ORA-01758: table must be empty to add mandatory (NOT NULL) column

	at oracle.jdbc.driver.T4CTTIoer11.processError(T4CTTIoer11.java:717)
	... 55 common frames omitted
2026-05-28 09:46:47 [restartedMain] DEBUG org.hibernate.SQL - alter table if exists orders add created_at timestamp(6) not null
2026-05-28 09:46:47 [restartedMain] WARN  o.h.t.s.i.ExceptionHandlerLoggedImpl - GenerationTarget encountered exception accepting command : Error executing DDL "alter table if exists orders add created_at timestamp(6) not null" via JDBC [ORA-01758: table must be empty to add mandatory (NOT NULL) column

https://docs.oracle.com/error-help/db/ora-01758/]
org.hibernate.tool.schema.spi.CommandAcceptanceException: Error executing DDL "alter table if exists orders add created_at timestamp(6) not null" via JDBC [ORA-01758: table must be empty to add mandatory (NOT NULL) column

https://docs.oracle.com/error-help/db/ora-01758/]
	at org.hibernate.tool.schema.internal.exec.GenerationTargetToDatabase.accept(GenerationTargetToDatabase.java:94)
	at org.hibernate.tool.schema.internal.AbstractSchemaMigrator.applySqlString(AbstractSchemaMigrator.java:575)
	at org.hibernate.tool.schema.internal.AbstractSchemaMigrator.applySqlStrings(AbstractSchemaMigrator.java:515)
	at org.hibernate.tool.schema.internal.AbstractSchemaMigrator.migrateTable(AbstractSchemaMigrator.java:333)
	at org.hibernate.tool.schema.internal.GroupedSchemaMigratorImpl.performTablesMigration(GroupedSchemaMigratorImpl.java:84)
	at org.hibernate.tool.schema.internal.AbstractSchemaMigrator.performMigration(AbstractSchemaMigrator.java:232)
	at org.hibernate.tool.schema.internal.AbstractSchemaMigrator.doMigration(AbstractSchemaMigrator.java:117)
	at org.hibernate.tool.schema.spi.SchemaManagementToolCoordinator.performDatabaseAction(SchemaManagementToolCoordinator.java:280)
	at org.hibernate.tool.schema.spi.SchemaManagementToolCoordinator.lambda$process$5(SchemaManagementToolCoordinator.java:144)
	at java.base/java.util.HashMap.forEach(HashMap.java:1429)
	at org.hibernate.tool.schema.spi.SchemaManagementToolCoordinator.process(SchemaManagementToolCoordinator.java:141)
	at org.hibernate.boot.internal.SessionFactoryObserverForSchemaExport.sessionFactoryCreated(SessionFactoryObserverForSchemaExport.java:37)
	at org.hibernate.internal.SessionFactoryObserverChain.sessionFactoryCreated(SessionFactoryObserverChain.java:35)
	at org.hibernate.internal.SessionFactoryImpl.<init>(SessionFactoryImpl.java:322)
	at org.hibernate.boot.internal.SessionFactoryBuilderImpl.build(SessionFactoryBuilderImpl.java:457)
	at org.hibernate.jpa.boot.internal.EntityManagerFactoryBuilderImpl.build(EntityManagerFactoryBuilderImpl.java:1506)
	at org.springframework.orm.jpa.vendor.SpringHibernateJpaPersistenceProvider.createContainerEntityManagerFactory(SpringHibernateJpaPersistenceProvider.java:75)
	at org.springframework.orm.jpa.LocalContainerEntityManagerFactoryBean.createNativeEntityManagerFactory(LocalContainerEntityManagerFactoryBean.java:390)
	at org.springframework.orm.jpa.AbstractEntityManagerFactoryBean.buildNativeEntityManagerFactory(AbstractEntityManagerFactoryBean.java:409)
	at org.springframework.orm.jpa.AbstractEntityManagerFactoryBean.afterPropertiesSet(AbstractEntityManagerFactoryBean.java:396)
	at org.springframework.orm.jpa.LocalContainerEntityManagerFactoryBean.afterPropertiesSet(LocalContainerEntityManagerFactoryBean.java:366)
	at org.springframework.beans.factory.support.AbstractAutowireCapableBeanFactory.invokeInitMethods(AbstractAutowireCapableBeanFactory.java:1835)
	at org.springframework.beans.factory.support.AbstractAutowireCapableBeanFactory.initializeBean(AbstractAutowireCapableBeanFactory.java:1784)
	at org.springframework.beans.factory.support.AbstractAutowireCapableBeanFactory.doCreateBean(AbstractAutowireCapableBeanFactory.java:600)
	at org.springframework.beans.factory.support.AbstractAutowireCapableBeanFactory.createBean(AbstractAutowireCapableBeanFactory.java:522)
	at org.springframework.beans.factory.support.AbstractBeanFactory.lambda$doGetBean$0(AbstractBeanFactory.java:337)
	at org.springframework.beans.factory.support.DefaultSingletonBeanRegistry.getSingleton(DefaultSingletonBeanRegistry.java:234)
	at org.springframework.beans.factory.support.AbstractBeanFactory.doGetBean(AbstractBeanFactory.java:335)
	at org.springframework.beans.factory.support.AbstractBeanFactory.getBean(AbstractBeanFactory.java:205)
	at org.springframework.context.support.AbstractApplicationContext.finishBeanFactoryInitialization(AbstractApplicationContext.java:952)
	at org.springframework.context.support.AbstractApplicationContext.refresh(AbstractApplicationContext.java:624)
	at org.springframework.boot.web.servlet.context.ServletWebServerApplicationContext.refresh(ServletWebServerApplicationContext.java:146)
	at org.springframework.boot.SpringApplication.refresh(SpringApplication.java:754)
	at org.springframework.boot.SpringApplication.refreshContext(SpringApplication.java:456)
	at org.springframework.boot.SpringApplication.run(SpringApplication.java:335)
	at org.springframework.boot.SpringApplication.run(SpringApplication.java:1363)
	at org.springframework.boot.SpringApplication.run(SpringApplication.java:1352)
	at com.apidesign.ApiDesignApplication.main(ApiDesignApplication.java:26)
	at java.base/jdk.internal.reflect.DirectMethodHandleAccessor.invoke(DirectMethodHandleAccessor.java:103)
	at java.base/java.lang.reflect.Method.invoke(Method.java:580)
	at org.springframework.boot.devtools.restart.RestartLauncher.run(RestartLauncher.java:50)
Caused by: java.sql.SQLSyntaxErrorException: ORA-01758: table must be empty to add mandatory (NOT NULL) column

https://docs.oracle.com/error-help/db/ora-01758/
	at oracle.jdbc.driver.T4CTTIoer11.processError(T4CTTIoer11.java:709)
	at oracle.jdbc.driver.T4CTTIoer11.processError(T4CTTIoer11.java:609)
	at oracle.jdbc.driver.T4C8Oall.processError(T4C8Oall.java:1347)
	at oracle.jdbc.driver.T4CTTIfun.receive(T4CTTIfun.java:1101)
	at oracle.jdbc.driver.T4CTTIfun.doRPC(T4CTTIfun.java:409)
	at oracle.jdbc.driver.T4C8Oall.doOALL(T4C8Oall.java:499)
	at oracle.jdbc.driver.T4CStatement.doOall8(T4CStatement.java:190)
	at oracle.jdbc.driver.T4CStatement.executeForRows(T4CStatement.java:1384)
	at oracle.jdbc.driver.OracleStatement.executeSQLStatement(OracleStatement.java:1995)
	at oracle.jdbc.driver.OracleStatement.doExecuteWithTimeout(OracleStatement.java:1608)
	at oracle.jdbc.driver.OracleStatement.executeInternal(OracleStatement.java:2673)
	at oracle.jdbc.driver.OracleStatement.execute(OracleStatement.java:2622)
	at oracle.jdbc.driver.OracleStatementWrapper.execute(OracleStatementWrapper.java:336)
	at com.zaxxer.hikari.pool.ProxyStatement.execute(ProxyStatement.java:94)
	at com.zaxxer.hikari.pool.HikariProxyStatement.execute(HikariProxyStatement.java)
	at org.hibernate.tool.schema.internal.exec.GenerationTargetToDatabase.accept(GenerationTargetToDatabase.java:80)
	... 40 common frames omitted
Caused by: oracle.jdbc.OracleDatabaseException: ORA-01758: table must be empty to add mandatory (NOT NULL) column

	at oracle.jdbc.driver.T4CTTIoer11.processError(T4CTTIoer11.java:717)
	... 55 common frames omitted
2026-05-28 09:46:47 [restartedMain] DEBUG org.hibernate.SQL - alter table if exists orders add order_number varchar2(50 char) not null
2026-05-28 09:46:47 [restartedMain] WARN  o.h.t.s.i.ExceptionHandlerLoggedImpl - GenerationTarget encountered exception accepting command : Error executing DDL "alter table if exists orders add order_number varchar2(50 char) not null" via JDBC [ORA-01758: table must be empty to add mandatory (NOT NULL) column

https://docs.oracle.com/error-help/db/ora-01758/]
org.hibernate.tool.schema.spi.CommandAcceptanceException: Error executing DDL "alter table if exists orders add order_number varchar2(50 char) not null" via JDBC [ORA-01758: table must be empty to add mandatory (NOT NULL) column

https://docs.oracle.com/error-help/db/ora-01758/]
	at org.hibernate.tool.schema.internal.exec.GenerationTargetToDatabase.accept(GenerationTargetToDatabase.java:94)
	at org.hibernate.tool.schema.internal.AbstractSchemaMigrator.applySqlString(AbstractSchemaMigrator.java:575)
	at org.hibernate.tool.schema.internal.AbstractSchemaMigrator.applySqlStrings(AbstractSchemaMigrator.java:515)
	at org.hibernate.tool.schema.internal.AbstractSchemaMigrator.migrateTable(AbstractSchemaMigrator.java:333)
	at org.hibernate.tool.schema.internal.GroupedSchemaMigratorImpl.performTablesMigration(GroupedSchemaMigratorImpl.java:84)
	at org.hibernate.tool.schema.internal.AbstractSchemaMigrator.performMigration(AbstractSchemaMigrator.java:232)
	at org.hibernate.tool.schema.internal.AbstractSchemaMigrator.doMigration(AbstractSchemaMigrator.java:117)
	at org.hibernate.tool.schema.spi.SchemaManagementToolCoordinator.performDatabaseAction(SchemaManagementToolCoordinator.java:280)
	at org.hibernate.tool.schema.spi.SchemaManagementToolCoordinator.lambda$process$5(SchemaManagementToolCoordinator.java:144)
	at java.base/java.util.HashMap.forEach(HashMap.java:1429)
	at org.hibernate.tool.schema.spi.SchemaManagementToolCoordinator.process(SchemaManagementToolCoordinator.java:141)
	at org.hibernate.boot.internal.SessionFactoryObserverForSchemaExport.sessionFactoryCreated(SessionFactoryObserverForSchemaExport.java:37)
	at org.hibernate.internal.SessionFactoryObserverChain.sessionFactoryCreated(SessionFactoryObserverChain.java:35)
	at org.hibernate.internal.SessionFactoryImpl.<init>(SessionFactoryImpl.java:322)
	at org.hibernate.boot.internal.SessionFactoryBuilderImpl.build(SessionFactoryBuilderImpl.java:457)
	at org.hibernate.jpa.boot.internal.EntityManagerFactoryBuilderImpl.build(EntityManagerFactoryBuilderImpl.java:1506)
	at org.springframework.orm.jpa.vendor.SpringHibernateJpaPersistenceProvider.createContainerEntityManagerFactory(SpringHibernateJpaPersistenceProvider.java:75)
	at org.springframework.orm.jpa.LocalContainerEntityManagerFactoryBean.createNativeEntityManagerFactory(LocalContainerEntityManagerFactoryBean.java:390)
	at org.springframework.orm.jpa.AbstractEntityManagerFactoryBean.buildNativeEntityManagerFactory(AbstractEntityManagerFactoryBean.java:409)
	at org.springframework.orm.jpa.AbstractEntityManagerFactoryBean.afterPropertiesSet(AbstractEntityManagerFactoryBean.java:396)
	at org.springframework.orm.jpa.LocalContainerEntityManagerFactoryBean.afterPropertiesSet(LocalContainerEntityManagerFactoryBean.java:366)
	at org.springframework.beans.factory.support.AbstractAutowireCapableBeanFactory.invokeInitMethods(AbstractAutowireCapableBeanFactory.java:1835)
	at org.springframework.beans.factory.support.AbstractAutowireCapableBeanFactory.initializeBean(AbstractAutowireCapableBeanFactory.java:1784)
	at org.springframework.beans.factory.support.AbstractAutowireCapableBeanFactory.doCreateBean(AbstractAutowireCapableBeanFactory.java:600)
	at org.springframework.beans.factory.support.AbstractAutowireCapableBeanFactory.createBean(AbstractAutowireCapableBeanFactory.java:522)
	at org.springframework.beans.factory.support.AbstractBeanFactory.lambda$doGetBean$0(AbstractBeanFactory.java:337)
	at org.springframework.beans.factory.support.DefaultSingletonBeanRegistry.getSingleton(DefaultSingletonBeanRegistry.java:234)
	at org.springframework.beans.factory.support.AbstractBeanFactory.doGetBean(AbstractBeanFactory.java:335)
	at org.springframework.beans.factory.support.AbstractBeanFactory.getBean(AbstractBeanFactory.java:205)
	at org.springframework.context.support.AbstractApplicationContext.finishBeanFactoryInitialization(AbstractApplicationContext.java:952)
	at org.springframework.context.support.AbstractApplicationContext.refresh(AbstractApplicationContext.java:624)
	at org.springframework.boot.web.servlet.context.ServletWebServerApplicationContext.refresh(ServletWebServerApplicationContext.java:146)
	at org.springframework.boot.SpringApplication.refresh(SpringApplication.java:754)
	at org.springframework.boot.SpringApplication.refreshContext(SpringApplication.java:456)
	at org.springframework.boot.SpringApplication.run(SpringApplication.java:335)
	at org.springframework.boot.SpringApplication.run(SpringApplication.java:1363)
	at org.springframework.boot.SpringApplication.run(SpringApplication.java:1352)
	at com.apidesign.ApiDesignApplication.main(ApiDesignApplication.java:26)
	at java.base/jdk.internal.reflect.DirectMethodHandleAccessor.invoke(DirectMethodHandleAccessor.java:103)
	at java.base/java.lang.reflect.Method.invoke(Method.java:580)
	at org.springframework.boot.devtools.restart.RestartLauncher.run(RestartLauncher.java:50)
Caused by: java.sql.SQLSyntaxErrorException: ORA-01758: table must be empty to add mandatory (NOT NULL) column

https://docs.oracle.com/error-help/db/ora-01758/
	at oracle.jdbc.driver.T4CTTIoer11.processError(T4CTTIoer11.java:709)
	at oracle.jdbc.driver.T4CTTIoer11.processError(T4CTTIoer11.java:609)
	at oracle.jdbc.driver.T4C8Oall.processError(T4C8Oall.java:1347)
	at oracle.jdbc.driver.T4CTTIfun.receive(T4CTTIfun.java:1101)
	at oracle.jdbc.driver.T4CTTIfun.doRPC(T4CTTIfun.java:409)
	at oracle.jdbc.driver.T4C8Oall.doOALL(T4C8Oall.java:499)
	at oracle.jdbc.driver.T4CStatement.doOall8(T4CStatement.java:190)
	at oracle.jdbc.driver.T4CStatement.executeForRows(T4CStatement.java:1384)
	at oracle.jdbc.driver.OracleStatement.executeSQLStatement(OracleStatement.java:1995)
	at oracle.jdbc.driver.OracleStatement.doExecuteWithTimeout(OracleStatement.java:1608)
	at oracle.jdbc.driver.OracleStatement.executeInternal(OracleStatement.java:2673)
	at oracle.jdbc.driver.OracleStatement.execute(OracleStatement.java:2622)
	at oracle.jdbc.driver.OracleStatementWrapper.execute(OracleStatementWrapper.java:336)
	at com.zaxxer.hikari.pool.ProxyStatement.execute(ProxyStatement.java:94)
	at com.zaxxer.hikari.pool.HikariProxyStatement.execute(HikariProxyStatement.java)
	at org.hibernate.tool.schema.internal.exec.GenerationTargetToDatabase.accept(GenerationTargetToDatabase.java:80)
	... 40 common frames omitted
Caused by: oracle.jdbc.OracleDatabaseException: ORA-01758: table must be empty to add mandatory (NOT NULL) column

	at oracle.jdbc.driver.T4CTTIoer11.processError(T4CTTIoer11.java:717)
	... 55 common frames omitted
2026-05-28 09:46:47 [restartedMain] DEBUG org.hibernate.SQL - alter table if exists orders add order_status varchar2(20 char) not null
2026-05-28 09:46:47 [restartedMain] WARN  o.h.t.s.i.ExceptionHandlerLoggedImpl - GenerationTarget encountered exception accepting command : Error executing DDL "alter table if exists orders add order_status varchar2(20 char) not null" via JDBC [ORA-01758: table must be empty to add mandatory (NOT NULL) column

https://docs.oracle.com/error-help/db/ora-01758/]
org.hibernate.tool.schema.spi.CommandAcceptanceException: Error executing DDL "alter table if exists orders add order_status varchar2(20 char) not null" via JDBC [ORA-01758: table must be empty to add mandatory (NOT NULL) column

https://docs.oracle.com/error-help/db/ora-01758/]
	at org.hibernate.tool.schema.internal.exec.GenerationTargetToDatabase.accept(GenerationTargetToDatabase.java:94)
	at org.hibernate.tool.schema.internal.AbstractSchemaMigrator.applySqlString(AbstractSchemaMigrator.java:575)
	at org.hibernate.tool.schema.internal.AbstractSchemaMigrator.applySqlStrings(AbstractSchemaMigrator.java:515)
	at org.hibernate.tool.schema.internal.AbstractSchemaMigrator.migrateTable(AbstractSchemaMigrator.java:333)
	at org.hibernate.tool.schema.internal.GroupedSchemaMigratorImpl.performTablesMigration(GroupedSchemaMigratorImpl.java:84)
	at org.hibernate.tool.schema.internal.AbstractSchemaMigrator.performMigration(AbstractSchemaMigrator.java:232)
	at org.hibernate.tool.schema.internal.AbstractSchemaMigrator.doMigration(AbstractSchemaMigrator.java:117)
	at org.hibernate.tool.schema.spi.SchemaManagementToolCoordinator.performDatabaseAction(SchemaManagementToolCoordinator.java:280)
	at org.hibernate.tool.schema.spi.SchemaManagementToolCoordinator.lambda$process$5(SchemaManagementToolCoordinator.java:144)
	at java.base/java.util.HashMap.forEach(HashMap.java:1429)
	at org.hibernate.tool.schema.spi.SchemaManagementToolCoordinator.process(SchemaManagementToolCoordinator.java:141)
	at org.hibernate.boot.internal.SessionFactoryObserverForSchemaExport.sessionFactoryCreated(SessionFactoryObserverForSchemaExport.java:37)
	at org.hibernate.internal.SessionFactoryObserverChain.sessionFactoryCreated(SessionFactoryObserverChain.java:35)
	at org.hibernate.internal.SessionFactoryImpl.<init>(SessionFactoryImpl.java:322)
	at org.hibernate.boot.internal.SessionFactoryBuilderImpl.build(SessionFactoryBuilderImpl.java:457)
	at org.hibernate.jpa.boot.internal.EntityManagerFactoryBuilderImpl.build(EntityManagerFactoryBuilderImpl.java:1506)
	at org.springframework.orm.jpa.vendor.SpringHibernateJpaPersistenceProvider.createContainerEntityManagerFactory(SpringHibernateJpaPersistenceProvider.java:75)
	at org.springframework.orm.jpa.LocalContainerEntityManagerFactoryBean.createNativeEntityManagerFactory(LocalContainerEntityManagerFactoryBean.java:390)
	at org.springframework.orm.jpa.AbstractEntityManagerFactoryBean.buildNativeEntityManagerFactory(AbstractEntityManagerFactoryBean.java:409)
	at org.springframework.orm.jpa.AbstractEntityManagerFactoryBean.afterPropertiesSet(AbstractEntityManagerFactoryBean.java:396)
	at org.springframework.orm.jpa.LocalContainerEntityManagerFactoryBean.afterPropertiesSet(LocalContainerEntityManagerFactoryBean.java:366)
	at org.springframework.beans.factory.support.AbstractAutowireCapableBeanFactory.invokeInitMethods(AbstractAutowireCapableBeanFactory.java:1835)
	at org.springframework.beans.factory.support.AbstractAutowireCapableBeanFactory.initializeBean(AbstractAutowireCapableBeanFactory.java:1784)
	at org.springframework.beans.factory.support.AbstractAutowireCapableBeanFactory.doCreateBean(AbstractAutowireCapableBeanFactory.java:600)
	at org.springframework.beans.factory.support.AbstractAutowireCapableBeanFactory.createBean(AbstractAutowireCapableBeanFactory.java:522)
	at org.springframework.beans.factory.support.AbstractBeanFactory.lambda$doGetBean$0(AbstractBeanFactory.java:337)
	at org.springframework.beans.factory.support.DefaultSingletonBeanRegistry.getSingleton(DefaultSingletonBeanRegistry.java:234)
	at org.springframework.beans.factory.support.AbstractBeanFactory.doGetBean(AbstractBeanFactory.java:335)
	at org.springframework.beans.factory.support.AbstractBeanFactory.getBean(AbstractBeanFactory.java:205)
	at org.springframework.context.support.AbstractApplicationContext.finishBeanFactoryInitialization(AbstractApplicationContext.java:952)
	at org.springframework.context.support.AbstractApplicationContext.refresh(AbstractApplicationContext.java:624)
	at org.springframework.boot.web.servlet.context.ServletWebServerApplicationContext.refresh(ServletWebServerApplicationContext.java:146)
	at org.springframework.boot.SpringApplication.refresh(SpringApplication.java:754)
	at org.springframework.boot.SpringApplication.refreshContext(SpringApplication.java:456)
	at org.springframework.boot.SpringApplication.run(SpringApplication.java:335)
	at org.springframework.boot.SpringApplication.run(SpringApplication.java:1363)
	at org.springframework.boot.SpringApplication.run(SpringApplication.java:1352)
	at com.apidesign.ApiDesignApplication.main(ApiDesignApplication.java:26)
	at java.base/jdk.internal.reflect.DirectMethodHandleAccessor.invoke(DirectMethodHandleAccessor.java:103)
	at java.base/java.lang.reflect.Method.invoke(Method.java:580)
	at org.springframework.boot.devtools.restart.RestartLauncher.run(RestartLauncher.java:50)
Caused by: java.sql.SQLSyntaxErrorException: ORA-01758: table must be empty to add mandatory (NOT NULL) column

https://docs.oracle.com/error-help/db/ora-01758/
	at oracle.jdbc.driver.T4CTTIoer11.processError(T4CTTIoer11.java:709)
	at oracle.jdbc.driver.T4CTTIoer11.processError(T4CTTIoer11.java:609)
	at oracle.jdbc.driver.T4C8Oall.processError(T4C8Oall.java:1347)
	at oracle.jdbc.driver.T4CTTIfun.receive(T4CTTIfun.java:1101)
	at oracle.jdbc.driver.T4CTTIfun.doRPC(T4CTTIfun.java:409)
	at oracle.jdbc.driver.T4C8Oall.doOALL(T4C8Oall.java:499)
	at oracle.jdbc.driver.T4CStatement.doOall8(T4CStatement.java:190)
	at oracle.jdbc.driver.T4CStatement.executeForRows(T4CStatement.java:1384)
	at oracle.jdbc.driver.OracleStatement.executeSQLStatement(OracleStatement.java:1995)
	at oracle.jdbc.driver.OracleStatement.doExecuteWithTimeout(OracleStatement.java:1608)
	at oracle.jdbc.driver.OracleStatement.executeInternal(OracleStatement.java:2673)
	at oracle.jdbc.driver.OracleStatement.execute(OracleStatement.java:2622)
	at oracle.jdbc.driver.OracleStatementWrapper.execute(OracleStatementWrapper.java:336)
	at com.zaxxer.hikari.pool.ProxyStatement.execute(ProxyStatement.java:94)
	at com.zaxxer.hikari.pool.HikariProxyStatement.execute(HikariProxyStatement.java)
	at org.hibernate.tool.schema.internal.exec.GenerationTargetToDatabase.accept(GenerationTargetToDatabase.java:80)
	... 40 common frames omitted
Caused by: oracle.jdbc.OracleDatabaseException: ORA-01758: table must be empty to add mandatory (NOT NULL) column

	at oracle.jdbc.driver.T4CTTIoer11.processError(T4CTTIoer11.java:717)
	... 55 common frames omitted
2026-05-28 09:46:47 [restartedMain] DEBUG org.hibernate.SQL - alter table if exists orders add total_amount number(12,2) not null
2026-05-28 09:46:47 [restartedMain] WARN  o.h.t.s.i.ExceptionHandlerLoggedImpl - GenerationTarget encountered exception accepting command : Error executing DDL "alter table if exists orders add total_amount number(12,2) not null" via JDBC [ORA-01758: table must be empty to add mandatory (NOT NULL) column

https://docs.oracle.com/error-help/db/ora-01758/]
org.hibernate.tool.schema.spi.CommandAcceptanceException: Error executing DDL "alter table if exists orders add total_amount number(12,2) not null" via JDBC [ORA-01758: table must be empty to add mandatory (NOT NULL) column

https://docs.oracle.com/error-help/db/ora-01758/]
	at org.hibernate.tool.schema.internal.exec.GenerationTargetToDatabase.accept(GenerationTargetToDatabase.java:94)
	at org.hibernate.tool.schema.internal.AbstractSchemaMigrator.applySqlString(AbstractSchemaMigrator.java:575)
	at org.hibernate.tool.schema.internal.AbstractSchemaMigrator.applySqlStrings(AbstractSchemaMigrator.java:515)
	at org.hibernate.tool.schema.internal.AbstractSchemaMigrator.migrateTable(AbstractSchemaMigrator.java:333)
	at org.hibernate.tool.schema.internal.GroupedSchemaMigratorImpl.performTablesMigration(GroupedSchemaMigratorImpl.java:84)
	at org.hibernate.tool.schema.internal.AbstractSchemaMigrator.performMigration(AbstractSchemaMigrator.java:232)
	at org.hibernate.tool.schema.internal.AbstractSchemaMigrator.doMigration(AbstractSchemaMigrator.java:117)
	at org.hibernate.tool.schema.spi.SchemaManagementToolCoordinator.performDatabaseAction(SchemaManagementToolCoordinator.java:280)
	at org.hibernate.tool.schema.spi.SchemaManagementToolCoordinator.lambda$process$5(SchemaManagementToolCoordinator.java:144)
	at java.base/java.util.HashMap.forEach(HashMap.java:1429)
	at org.hibernate.tool.schema.spi.SchemaManagementToolCoordinator.process(SchemaManagementToolCoordinator.java:141)
	at org.hibernate.boot.internal.SessionFactoryObserverForSchemaExport.sessionFactoryCreated(SessionFactoryObserverForSchemaExport.java:37)
	at org.hibernate.internal.SessionFactoryObserverChain.sessionFactoryCreated(SessionFactoryObserverChain.java:35)
	at org.hibernate.internal.SessionFactoryImpl.<init>(SessionFactoryImpl.java:322)
	at org.hibernate.boot.internal.SessionFactoryBuilderImpl.build(SessionFactoryBuilderImpl.java:457)
	at org.hibernate.jpa.boot.internal.EntityManagerFactoryBuilderImpl.build(EntityManagerFactoryBuilderImpl.java:1506)
	at org.springframework.orm.jpa.vendor.SpringHibernateJpaPersistenceProvider.createContainerEntityManagerFactory(SpringHibernateJpaPersistenceProvider.java:75)
	at org.springframework.orm.jpa.LocalContainerEntityManagerFactoryBean.createNativeEntityManagerFactory(LocalContainerEntityManagerFactoryBean.java:390)
	at org.springframework.orm.jpa.AbstractEntityManagerFactoryBean.buildNativeEntityManagerFactory(AbstractEntityManagerFactoryBean.java:409)
	at org.springframework.orm.jpa.AbstractEntityManagerFactoryBean.afterPropertiesSet(AbstractEntityManagerFactoryBean.java:396)
	at org.springframework.orm.jpa.LocalContainerEntityManagerFactoryBean.afterPropertiesSet(LocalContainerEntityManagerFactoryBean.java:366)
	at org.springframework.beans.factory.support.AbstractAutowireCapableBeanFactory.invokeInitMethods(AbstractAutowireCapableBeanFactory.java:1835)
	at org.springframework.beans.factory.support.AbstractAutowireCapableBeanFactory.initializeBean(AbstractAutowireCapableBeanFactory.java:1784)
	at org.springframework.beans.factory.support.AbstractAutowireCapableBeanFactory.doCreateBean(AbstractAutowireCapableBeanFactory.java:600)
	at org.springframework.beans.factory.support.AbstractAutowireCapableBeanFactory.createBean(AbstractAutowireCapableBeanFactory.java:522)
	at org.springframework.beans.factory.support.AbstractBeanFactory.lambda$doGetBean$0(AbstractBeanFactory.java:337)
	at org.springframework.beans.factory.support.DefaultSingletonBeanRegistry.getSingleton(DefaultSingletonBeanRegistry.java:234)
	at org.springframework.beans.factory.support.AbstractBeanFactory.doGetBean(AbstractBeanFactory.java:335)
	at org.springframework.beans.factory.support.AbstractBeanFactory.getBean(AbstractBeanFactory.java:205)
	at org.springframework.context.support.AbstractApplicationContext.finishBeanFactoryInitialization(AbstractApplicationContext.java:952)
	at org.springframework.context.support.AbstractApplicationContext.refresh(AbstractApplicationContext.java:624)
	at org.springframework.boot.web.servlet.context.ServletWebServerApplicationContext.refresh(ServletWebServerApplicationContext.java:146)
	at org.springframework.boot.SpringApplication.refresh(SpringApplication.java:754)
	at org.springframework.boot.SpringApplication.refreshContext(SpringApplication.java:456)
	at org.springframework.boot.SpringApplication.run(SpringApplication.java:335)
	at org.springframework.boot.SpringApplication.run(SpringApplication.java:1363)
	at org.springframework.boot.SpringApplication.run(SpringApplication.java:1352)
	at com.apidesign.ApiDesignApplication.main(ApiDesignApplication.java:26)
	at java.base/jdk.internal.reflect.DirectMethodHandleAccessor.invoke(DirectMethodHandleAccessor.java:103)
	at java.base/java.lang.reflect.Method.invoke(Method.java:580)
	at org.springframework.boot.devtools.restart.RestartLauncher.run(RestartLauncher.java:50)
Caused by: java.sql.SQLSyntaxErrorException: ORA-01758: table must be empty to add mandatory (NOT NULL) column

https://docs.oracle.com/error-help/db/ora-01758/
	at oracle.jdbc.driver.T4CTTIoer11.processError(T4CTTIoer11.java:709)
	at oracle.jdbc.driver.T4CTTIoer11.processError(T4CTTIoer11.java:609)
	at oracle.jdbc.driver.T4C8Oall.processError(T4C8Oall.java:1347)
	at oracle.jdbc.driver.T4CTTIfun.receive(T4CTTIfun.java:1101)
	at oracle.jdbc.driver.T4CTTIfun.doRPC(T4CTTIfun.java:409)
	at oracle.jdbc.driver.T4C8Oall.doOALL(T4C8Oall.java:499)
	at oracle.jdbc.driver.T4CStatement.doOall8(T4CStatement.java:190)
	at oracle.jdbc.driver.T4CStatement.executeForRows(T4CStatement.java:1384)
	at oracle.jdbc.driver.OracleStatement.executeSQLStatement(OracleStatement.java:1995)
	at oracle.jdbc.driver.OracleStatement.doExecuteWithTimeout(OracleStatement.java:1608)
	at oracle.jdbc.driver.OracleStatement.executeInternal(OracleStatement.java:2673)
	at oracle.jdbc.driver.OracleStatement.execute(OracleStatement.java:2622)
	at oracle.jdbc.driver.OracleStatementWrapper.execute(OracleStatementWrapper.java:336)
	at com.zaxxer.hikari.pool.ProxyStatement.execute(ProxyStatement.java:94)
	at com.zaxxer.hikari.pool.HikariProxyStatement.execute(HikariProxyStatement.java)
	at org.hibernate.tool.schema.internal.exec.GenerationTargetToDatabase.accept(GenerationTargetToDatabase.java:80)
	... 40 common frames omitted
Caused by: oracle.jdbc.OracleDatabaseException: ORA-01758: table must be empty to add mandatory (NOT NULL) column

	at oracle.jdbc.driver.T4CTTIoer11.processError(T4CTTIoer11.java:717)
	... 55 common frames omitted
2026-05-28 09:46:47 [restartedMain] DEBUG org.hibernate.SQL - alter table if exists orders add user_id number(19,0) not null
2026-05-28 09:46:47 [restartedMain] WARN  o.h.t.s.i.ExceptionHandlerLoggedImpl - GenerationTarget encountered exception accepting command : Error executing DDL "alter table if exists orders add user_id number(19,0) not null" via JDBC [ORA-01758: table must be empty to add mandatory (NOT NULL) column

https://docs.oracle.com/error-help/db/ora-01758/]
org.hibernate.tool.schema.spi.CommandAcceptanceException: Error executing DDL "alter table if exists orders add user_id number(19,0) not null" via JDBC [ORA-01758: table must be empty to add mandatory (NOT NULL) column

https://docs.oracle.com/error-help/db/ora-01758/]
	at org.hibernate.tool.schema.internal.exec.GenerationTargetToDatabase.accept(GenerationTargetToDatabase.java:94)
	at org.hibernate.tool.schema.internal.AbstractSchemaMigrator.applySqlString(AbstractSchemaMigrator.java:575)
	at org.hibernate.tool.schema.internal.AbstractSchemaMigrator.applySqlStrings(AbstractSchemaMigrator.java:515)
	at org.hibernate.tool.schema.internal.AbstractSchemaMigrator.migrateTable(AbstractSchemaMigrator.java:333)
	at org.hibernate.tool.schema.internal.GroupedSchemaMigratorImpl.performTablesMigration(GroupedSchemaMigratorImpl.java:84)
	at org.hibernate.tool.schema.internal.AbstractSchemaMigrator.performMigration(AbstractSchemaMigrator.java:232)
	at org.hibernate.tool.schema.internal.AbstractSchemaMigrator.doMigration(AbstractSchemaMigrator.java:117)
	at org.hibernate.tool.schema.spi.SchemaManagementToolCoordinator.performDatabaseAction(SchemaManagementToolCoordinator.java:280)
	at org.hibernate.tool.schema.spi.SchemaManagementToolCoordinator.lambda$process$5(SchemaManagementToolCoordinator.java:144)
	at java.base/java.util.HashMap.forEach(HashMap.java:1429)
	at org.hibernate.tool.schema.spi.SchemaManagementToolCoordinator.process(SchemaManagementToolCoordinator.java:141)
	at org.hibernate.boot.internal.SessionFactoryObserverForSchemaExport.sessionFactoryCreated(SessionFactoryObserverForSchemaExport.java:37)
	at org.hibernate.internal.SessionFactoryObserverChain.sessionFactoryCreated(SessionFactoryObserverChain.java:35)
	at org.hibernate.internal.SessionFactoryImpl.<init>(SessionFactoryImpl.java:322)
	at org.hibernate.boot.internal.SessionFactoryBuilderImpl.build(SessionFactoryBuilderImpl.java:457)
	at org.hibernate.jpa.boot.internal.EntityManagerFactoryBuilderImpl.build(EntityManagerFactoryBuilderImpl.java:1506)
	at org.springframework.orm.jpa.vendor.SpringHibernateJpaPersistenceProvider.createContainerEntityManagerFactory(SpringHibernateJpaPersistenceProvider.java:75)
	at org.springframework.orm.jpa.LocalContainerEntityManagerFactoryBean.createNativeEntityManagerFactory(LocalContainerEntityManagerFactoryBean.java:390)
	at org.springframework.orm.jpa.AbstractEntityManagerFactoryBean.buildNativeEntityManagerFactory(AbstractEntityManagerFactoryBean.java:409)
	at org.springframework.orm.jpa.AbstractEntityManagerFactoryBean.afterPropertiesSet(AbstractEntityManagerFactoryBean.java:396)
	at org.springframework.orm.jpa.LocalContainerEntityManagerFactoryBean.afterPropertiesSet(LocalContainerEntityManagerFactoryBean.java:366)
	at org.springframework.beans.factory.support.AbstractAutowireCapableBeanFactory.invokeInitMethods(AbstractAutowireCapableBeanFactory.java:1835)
	at org.springframework.beans.factory.support.AbstractAutowireCapableBeanFactory.initializeBean(AbstractAutowireCapableBeanFactory.java:1784)
	at org.springframework.beans.factory.support.AbstractAutowireCapableBeanFactory.doCreateBean(AbstractAutowireCapableBeanFactory.java:600)
	at org.springframework.beans.factory.support.AbstractAutowireCapableBeanFactory.createBean(AbstractAutowireCapableBeanFactory.java:522)
	at org.springframework.beans.factory.support.AbstractBeanFactory.lambda$doGetBean$0(AbstractBeanFactory.java:337)
	at org.springframework.beans.factory.support.DefaultSingletonBeanRegistry.getSingleton(DefaultSingletonBeanRegistry.java:234)
	at org.springframework.beans.factory.support.AbstractBeanFactory.doGetBean(AbstractBeanFactory.java:335)
	at org.springframework.beans.factory.support.AbstractBeanFactory.getBean(AbstractBeanFactory.java:205)
	at org.springframework.context.support.AbstractApplicationContext.finishBeanFactoryInitialization(AbstractApplicationContext.java:952)
	at org.springframework.context.support.AbstractApplicationContext.refresh(AbstractApplicationContext.java:624)
	at org.springframework.boot.web.servlet.context.ServletWebServerApplicationContext.refresh(ServletWebServerApplicationContext.java:146)
	at org.springframework.boot.SpringApplication.refresh(SpringApplication.java:754)
	at org.springframework.boot.SpringApplication.refreshContext(SpringApplication.java:456)
	at org.springframework.boot.SpringApplication.run(SpringApplication.java:335)
	at org.springframework.boot.SpringApplication.run(SpringApplication.java:1363)
	at org.springframework.boot.SpringApplication.run(SpringApplication.java:1352)
	at com.apidesign.ApiDesignApplication.main(ApiDesignApplication.java:26)
	at java.base/jdk.internal.reflect.DirectMethodHandleAccessor.invoke(DirectMethodHandleAccessor.java:103)
	at java.base/java.lang.reflect.Method.invoke(Method.java:580)
	at org.springframework.boot.devtools.restart.RestartLauncher.run(RestartLauncher.java:50)
Caused by: java.sql.SQLSyntaxErrorException: ORA-01758: table must be empty to add mandatory (NOT NULL) column

https://docs.oracle.com/error-help/db/ora-01758/
	at oracle.jdbc.driver.T4CTTIoer11.processError(T4CTTIoer11.java:709)
	at oracle.jdbc.driver.T4CTTIoer11.processError(T4CTTIoer11.java:609)
	at oracle.jdbc.driver.T4C8Oall.processError(T4C8Oall.java:1347)
	at oracle.jdbc.driver.T4CTTIfun.receive(T4CTTIfun.java:1101)
	at oracle.jdbc.driver.T4CTTIfun.doRPC(T4CTTIfun.java:409)
	at oracle.jdbc.driver.T4C8Oall.doOALL(T4C8Oall.java:499)
	at oracle.jdbc.driver.T4CStatement.doOall8(T4CStatement.java:190)
	at oracle.jdbc.driver.T4CStatement.executeForRows(T4CStatement.java:1384)
	at oracle.jdbc.driver.OracleStatement.executeSQLStatement(OracleStatement.java:1995)
	at oracle.jdbc.driver.OracleStatement.doExecuteWithTimeout(OracleStatement.java:1608)
	at oracle.jdbc.driver.OracleStatement.executeInternal(OracleStatement.java:2673)
	at oracle.jdbc.driver.OracleStatement.execute(OracleStatement.java:2622)
	at oracle.jdbc.driver.OracleStatementWrapper.execute(OracleStatementWrapper.java:336)
	at com.zaxxer.hikari.pool.ProxyStatement.execute(ProxyStatement.java:94)
	at com.zaxxer.hikari.pool.HikariProxyStatement.execute(HikariProxyStatement.java)
	at org.hibernate.tool.schema.internal.exec.GenerationTargetToDatabase.accept(GenerationTargetToDatabase.java:80)
	... 40 common frames omitted
Caused by: oracle.jdbc.OracleDatabaseException: ORA-01758: table must be empty to add mandatory (NOT NULL) column

	at oracle.jdbc.driver.T4CTTIoer11.processError(T4CTTIoer11.java:717)
	... 55 common frames omitted
2026-05-28 09:46:47 [restartedMain] DEBUG org.hibernate.SQL - alter table if exists products add id number(19,0) not null
2026-05-28 09:46:47 [restartedMain] WARN  o.h.t.s.i.ExceptionHandlerLoggedImpl - GenerationTarget encountered exception accepting command : Error executing DDL "alter table if exists products add id number(19,0) not null" via JDBC [ORA-01758: table must be empty to add mandatory (NOT NULL) column

https://docs.oracle.com/error-help/db/ora-01758/]
org.hibernate.tool.schema.spi.CommandAcceptanceException: Error executing DDL "alter table if exists products add id number(19,0) not null" via JDBC [ORA-01758: table must be empty to add mandatory (NOT NULL) column

https://docs.oracle.com/error-help/db/ora-01758/]
	at org.hibernate.tool.schema.internal.exec.GenerationTargetToDatabase.accept(GenerationTargetToDatabase.java:94)
	at org.hibernate.tool.schema.internal.AbstractSchemaMigrator.applySqlString(AbstractSchemaMigrator.java:575)
	at org.hibernate.tool.schema.internal.AbstractSchemaMigrator.applySqlStrings(AbstractSchemaMigrator.java:515)
	at org.hibernate.tool.schema.internal.AbstractSchemaMigrator.migrateTable(AbstractSchemaMigrator.java:333)
	at org.hibernate.tool.schema.internal.GroupedSchemaMigratorImpl.performTablesMigration(GroupedSchemaMigratorImpl.java:84)
	at org.hibernate.tool.schema.internal.AbstractSchemaMigrator.performMigration(AbstractSchemaMigrator.java:232)
	at org.hibernate.tool.schema.internal.AbstractSchemaMigrator.doMigration(AbstractSchemaMigrator.java:117)
	at org.hibernate.tool.schema.spi.SchemaManagementToolCoordinator.performDatabaseAction(SchemaManagementToolCoordinator.java:280)
	at org.hibernate.tool.schema.spi.SchemaManagementToolCoordinator.lambda$process$5(SchemaManagementToolCoordinator.java:144)
	at java.base/java.util.HashMap.forEach(HashMap.java:1429)
	at org.hibernate.tool.schema.spi.SchemaManagementToolCoordinator.process(SchemaManagementToolCoordinator.java:141)
	at org.hibernate.boot.internal.SessionFactoryObserverForSchemaExport.sessionFactoryCreated(SessionFactoryObserverForSchemaExport.java:37)
	at org.hibernate.internal.SessionFactoryObserverChain.sessionFactoryCreated(SessionFactoryObserverChain.java:35)
	at org.hibernate.internal.SessionFactoryImpl.<init>(SessionFactoryImpl.java:322)
	at org.hibernate.boot.internal.SessionFactoryBuilderImpl.build(SessionFactoryBuilderImpl.java:457)
	at org.hibernate.jpa.boot.internal.EntityManagerFactoryBuilderImpl.build(EntityManagerFactoryBuilderImpl.java:1506)
	at org.springframework.orm.jpa.vendor.SpringHibernateJpaPersistenceProvider.createContainerEntityManagerFactory(SpringHibernateJpaPersistenceProvider.java:75)
	at org.springframework.orm.jpa.LocalContainerEntityManagerFactoryBean.createNativeEntityManagerFactory(LocalContainerEntityManagerFactoryBean.java:390)
	at org.springframework.orm.jpa.AbstractEntityManagerFactoryBean.buildNativeEntityManagerFactory(AbstractEntityManagerFactoryBean.java:409)
	at org.springframework.orm.jpa.AbstractEntityManagerFactoryBean.afterPropertiesSet(AbstractEntityManagerFactoryBean.java:396)
	at org.springframework.orm.jpa.LocalContainerEntityManagerFactoryBean.afterPropertiesSet(LocalContainerEntityManagerFactoryBean.java:366)
	at org.springframework.beans.factory.support.AbstractAutowireCapableBeanFactory.invokeInitMethods(AbstractAutowireCapableBeanFactory.java:1835)
	at org.springframework.beans.factory.support.AbstractAutowireCapableBeanFactory.initializeBean(AbstractAutowireCapableBeanFactory.java:1784)
	at org.springframework.beans.factory.support.AbstractAutowireCapableBeanFactory.doCreateBean(AbstractAutowireCapableBeanFactory.java:600)
	at org.springframework.beans.factory.support.AbstractAutowireCapableBeanFactory.createBean(AbstractAutowireCapableBeanFactory.java:522)
	at org.springframework.beans.factory.support.AbstractBeanFactory.lambda$doGetBean$0(AbstractBeanFactory.java:337)
	at org.springframework.beans.factory.support.DefaultSingletonBeanRegistry.getSingleton(DefaultSingletonBeanRegistry.java:234)
	at org.springframework.beans.factory.support.AbstractBeanFactory.doGetBean(AbstractBeanFactory.java:335)
	at org.springframework.beans.factory.support.AbstractBeanFactory.getBean(AbstractBeanFactory.java:205)
	at org.springframework.context.support.AbstractApplicationContext.finishBeanFactoryInitialization(AbstractApplicationContext.java:952)
	at org.springframework.context.support.AbstractApplicationContext.refresh(AbstractApplicationContext.java:624)
	at org.springframework.boot.web.servlet.context.ServletWebServerApplicationContext.refresh(ServletWebServerApplicationContext.java:146)
	at org.springframework.boot.SpringApplication.refresh(SpringApplication.java:754)
	at org.springframework.boot.SpringApplication.refreshContext(SpringApplication.java:456)
	at org.springframework.boot.SpringApplication.run(SpringApplication.java:335)
	at org.springframework.boot.SpringApplication.run(SpringApplication.java:1363)
	at org.springframework.boot.SpringApplication.run(SpringApplication.java:1352)
	at com.apidesign.ApiDesignApplication.main(ApiDesignApplication.java:26)
	at java.base/jdk.internal.reflect.DirectMethodHandleAccessor.invoke(DirectMethodHandleAccessor.java:103)
	at java.base/java.lang.reflect.Method.invoke(Method.java:580)
	at org.springframework.boot.devtools.restart.RestartLauncher.run(RestartLauncher.java:50)
Caused by: java.sql.SQLSyntaxErrorException: ORA-01758: table must be empty to add mandatory (NOT NULL) column

https://docs.oracle.com/error-help/db/ora-01758/
	at oracle.jdbc.driver.T4CTTIoer11.processError(T4CTTIoer11.java:709)
	at oracle.jdbc.driver.T4CTTIoer11.processError(T4CTTIoer11.java:609)
	at oracle.jdbc.driver.T4C8Oall.processError(T4C8Oall.java:1347)
	at oracle.jdbc.driver.T4CTTIfun.receive(T4CTTIfun.java:1101)
	at oracle.jdbc.driver.T4CTTIfun.doRPC(T4CTTIfun.java:409)
	at oracle.jdbc.driver.T4C8Oall.doOALL(T4C8Oall.java:499)
	at oracle.jdbc.driver.T4CStatement.doOall8(T4CStatement.java:190)
	at oracle.jdbc.driver.T4CStatement.executeForRows(T4CStatement.java:1384)
	at oracle.jdbc.driver.OracleStatement.executeSQLStatement(OracleStatement.java:1995)
	at oracle.jdbc.driver.OracleStatement.doExecuteWithTimeout(OracleStatement.java:1608)
	at oracle.jdbc.driver.OracleStatement.executeInternal(OracleStatement.java:2673)
	at oracle.jdbc.driver.OracleStatement.execute(OracleStatement.java:2622)
	at oracle.jdbc.driver.OracleStatementWrapper.execute(OracleStatementWrapper.java:336)
	at com.zaxxer.hikari.pool.ProxyStatement.execute(ProxyStatement.java:94)
	at com.zaxxer.hikari.pool.HikariProxyStatement.execute(HikariProxyStatement.java)
	at org.hibernate.tool.schema.internal.exec.GenerationTargetToDatabase.accept(GenerationTargetToDatabase.java:80)
	... 40 common frames omitted
Caused by: oracle.jdbc.OracleDatabaseException: ORA-01758: table must be empty to add mandatory (NOT NULL) column

	at oracle.jdbc.driver.T4CTTIoer11.processError(T4CTTIoer11.java:717)
	... 55 common frames omitted
2026-05-28 09:46:47 [restartedMain] DEBUG org.hibernate.SQL - alter table if exists products add created_at timestamp(6) not null
2026-05-28 09:46:48 [restartedMain] WARN  o.h.t.s.i.ExceptionHandlerLoggedImpl - GenerationTarget encountered exception accepting command : Error executing DDL "alter table if exists products add created_at timestamp(6) not null" via JDBC [ORA-01758: table must be empty to add mandatory (NOT NULL) column

https://docs.oracle.com/error-help/db/ora-01758/]
org.hibernate.tool.schema.spi.CommandAcceptanceException: Error executing DDL "alter table if exists products add created_at timestamp(6) not null" via JDBC [ORA-01758: table must be empty to add mandatory (NOT NULL) column

https://docs.oracle.com/error-help/db/ora-01758/]
	at org.hibernate.tool.schema.internal.exec.GenerationTargetToDatabase.accept(GenerationTargetToDatabase.java:94)
	at org.hibernate.tool.schema.internal.AbstractSchemaMigrator.applySqlString(AbstractSchemaMigrator.java:575)
	at org.hibernate.tool.schema.internal.AbstractSchemaMigrator.applySqlStrings(AbstractSchemaMigrator.java:515)
	at org.hibernate.tool.schema.internal.AbstractSchemaMigrator.migrateTable(AbstractSchemaMigrator.java:333)
	at org.hibernate.tool.schema.internal.GroupedSchemaMigratorImpl.performTablesMigration(GroupedSchemaMigratorImpl.java:84)
	at org.hibernate.tool.schema.internal.AbstractSchemaMigrator.performMigration(AbstractSchemaMigrator.java:232)
	at org.hibernate.tool.schema.internal.AbstractSchemaMigrator.doMigration(AbstractSchemaMigrator.java:117)
	at org.hibernate.tool.schema.spi.SchemaManagementToolCoordinator.performDatabaseAction(SchemaManagementToolCoordinator.java:280)
	at org.hibernate.tool.schema.spi.SchemaManagementToolCoordinator.lambda$process$5(SchemaManagementToolCoordinator.java:144)
	at java.base/java.util.HashMap.forEach(HashMap.java:1429)
	at org.hibernate.tool.schema.spi.SchemaManagementToolCoordinator.process(SchemaManagementToolCoordinator.java:141)
	at org.hibernate.boot.internal.SessionFactoryObserverForSchemaExport.sessionFactoryCreated(SessionFactoryObserverForSchemaExport.java:37)
	at org.hibernate.internal.SessionFactoryObserverChain.sessionFactoryCreated(SessionFactoryObserverChain.java:35)
	at org.hibernate.internal.SessionFactoryImpl.<init>(SessionFactoryImpl.java:322)
	at org.hibernate.boot.internal.SessionFactoryBuilderImpl.build(SessionFactoryBuilderImpl.java:457)
	at org.hibernate.jpa.boot.internal.EntityManagerFactoryBuilderImpl.build(EntityManagerFactoryBuilderImpl.java:1506)
	at org.springframework.orm.jpa.vendor.SpringHibernateJpaPersistenceProvider.createContainerEntityManagerFactory(SpringHibernateJpaPersistenceProvider.java:75)
	at org.springframework.orm.jpa.LocalContainerEntityManagerFactoryBean.createNativeEntityManagerFactory(LocalContainerEntityManagerFactoryBean.java:390)
	at org.springframework.orm.jpa.AbstractEntityManagerFactoryBean.buildNativeEntityManagerFactory(AbstractEntityManagerFactoryBean.java:409)
	at org.springframework.orm.jpa.AbstractEntityManagerFactoryBean.afterPropertiesSet(AbstractEntityManagerFactoryBean.java:396)
	at org.springframework.orm.jpa.LocalContainerEntityManagerFactoryBean.afterPropertiesSet(LocalContainerEntityManagerFactoryBean.java:366)
	at org.springframework.beans.factory.support.AbstractAutowireCapableBeanFactory.invokeInitMethods(AbstractAutowireCapableBeanFactory.java:1835)
	at org.springframework.beans.factory.support.AbstractAutowireCapableBeanFactory.initializeBean(AbstractAutowireCapableBeanFactory.java:1784)
	at org.springframework.beans.factory.support.AbstractAutowireCapableBeanFactory.doCreateBean(AbstractAutowireCapableBeanFactory.java:600)
	at org.springframework.beans.factory.support.AbstractAutowireCapableBeanFactory.createBean(AbstractAutowireCapableBeanFactory.java:522)
	at org.springframework.beans.factory.support.AbstractBeanFactory.lambda$doGetBean$0(AbstractBeanFactory.java:337)
	at org.springframework.beans.factory.support.DefaultSingletonBeanRegistry.getSingleton(DefaultSingletonBeanRegistry.java:234)
	at org.springframework.beans.factory.support.AbstractBeanFactory.doGetBean(AbstractBeanFactory.java:335)
	at org.springframework.beans.factory.support.AbstractBeanFactory.getBean(AbstractBeanFactory.java:205)
	at org.springframework.context.support.AbstractApplicationContext.finishBeanFactoryInitialization(AbstractApplicationContext.java:952)
	at org.springframework.context.support.AbstractApplicationContext.refresh(AbstractApplicationContext.java:624)
	at org.springframework.boot.web.servlet.context.ServletWebServerApplicationContext.refresh(ServletWebServerApplicationContext.java:146)
	at org.springframework.boot.SpringApplication.refresh(SpringApplication.java:754)
	at org.springframework.boot.SpringApplication.refreshContext(SpringApplication.java:456)
	at org.springframework.boot.SpringApplication.run(SpringApplication.java:335)
	at org.springframework.boot.SpringApplication.run(SpringApplication.java:1363)
	at org.springframework.boot.SpringApplication.run(SpringApplication.java:1352)
	at com.apidesign.ApiDesignApplication.main(ApiDesignApplication.java:26)
	at java.base/jdk.internal.reflect.DirectMethodHandleAccessor.invoke(DirectMethodHandleAccessor.java:103)
	at java.base/java.lang.reflect.Method.invoke(Method.java:580)
	at org.springframework.boot.devtools.restart.RestartLauncher.run(RestartLauncher.java:50)
Caused by: java.sql.SQLSyntaxErrorException: ORA-01758: table must be empty to add mandatory (NOT NULL) column

https://docs.oracle.com/error-help/db/ora-01758/
	at oracle.jdbc.driver.T4CTTIoer11.processError(T4CTTIoer11.java:709)
	at oracle.jdbc.driver.T4CTTIoer11.processError(T4CTTIoer11.java:609)
	at oracle.jdbc.driver.T4C8Oall.processError(T4C8Oall.java:1347)
	at oracle.jdbc.driver.T4CTTIfun.receive(T4CTTIfun.java:1101)
	at oracle.jdbc.driver.T4CTTIfun.doRPC(T4CTTIfun.java:409)
	at oracle.jdbc.driver.T4C8Oall.doOALL(T4C8Oall.java:499)
	at oracle.jdbc.driver.T4CStatement.doOall8(T4CStatement.java:190)
	at oracle.jdbc.driver.T4CStatement.executeForRows(T4CStatement.java:1384)
	at oracle.jdbc.driver.OracleStatement.executeSQLStatement(OracleStatement.java:1995)
	at oracle.jdbc.driver.OracleStatement.doExecuteWithTimeout(OracleStatement.java:1608)
	at oracle.jdbc.driver.OracleStatement.executeInternal(OracleStatement.java:2673)
	at oracle.jdbc.driver.OracleStatement.execute(OracleStatement.java:2622)
	at oracle.jdbc.driver.OracleStatementWrapper.execute(OracleStatementWrapper.java:336)
	at com.zaxxer.hikari.pool.ProxyStatement.execute(ProxyStatement.java:94)
	at com.zaxxer.hikari.pool.HikariProxyStatement.execute(HikariProxyStatement.java)
	at org.hibernate.tool.schema.internal.exec.GenerationTargetToDatabase.accept(GenerationTargetToDatabase.java:80)
	... 40 common frames omitted
Caused by: oracle.jdbc.OracleDatabaseException: ORA-01758: table must be empty to add mandatory (NOT NULL) column

	at oracle.jdbc.driver.T4CTTIoer11.processError(T4CTTIoer11.java:717)
	... 55 common frames omitted
2026-05-28 09:46:48 [restartedMain] DEBUG org.hibernate.SQL - alter table if exists products add is_available number(1,0) not null check (is_available in (0,1))
2026-05-28 09:46:48 [restartedMain] WARN  o.h.t.s.i.ExceptionHandlerLoggedImpl - GenerationTarget encountered exception accepting command : Error executing DDL "alter table if exists products add is_available number(1,0) not null check (is_available in (0,1))" via JDBC [ORA-01758: table must be empty to add mandatory (NOT NULL) column

https://docs.oracle.com/error-help/db/ora-01758/]
org.hibernate.tool.schema.spi.CommandAcceptanceException: Error executing DDL "alter table if exists products add is_available number(1,0) not null check (is_available in (0,1))" via JDBC [ORA-01758: table must be empty to add mandatory (NOT NULL) column

https://docs.oracle.com/error-help/db/ora-01758/]
	at org.hibernate.tool.schema.internal.exec.GenerationTargetToDatabase.accept(GenerationTargetToDatabase.java:94)
	at org.hibernate.tool.schema.internal.AbstractSchemaMigrator.applySqlString(AbstractSchemaMigrator.java:575)
	at org.hibernate.tool.schema.internal.AbstractSchemaMigrator.applySqlStrings(AbstractSchemaMigrator.java:515)
	at org.hibernate.tool.schema.internal.AbstractSchemaMigrator.migrateTable(AbstractSchemaMigrator.java:333)
	at org.hibernate.tool.schema.internal.GroupedSchemaMigratorImpl.performTablesMigration(GroupedSchemaMigratorImpl.java:84)
	at org.hibernate.tool.schema.internal.AbstractSchemaMigrator.performMigration(AbstractSchemaMigrator.java:232)
	at org.hibernate.tool.schema.internal.AbstractSchemaMigrator.doMigration(AbstractSchemaMigrator.java:117)
	at org.hibernate.tool.schema.spi.SchemaManagementToolCoordinator.performDatabaseAction(SchemaManagementToolCoordinator.java:280)
	at org.hibernate.tool.schema.spi.SchemaManagementToolCoordinator.lambda$process$5(SchemaManagementToolCoordinator.java:144)
	at java.base/java.util.HashMap.forEach(HashMap.java:1429)
	at org.hibernate.tool.schema.spi.SchemaManagementToolCoordinator.process(SchemaManagementToolCoordinator.java:141)
	at org.hibernate.boot.internal.SessionFactoryObserverForSchemaExport.sessionFactoryCreated(SessionFactoryObserverForSchemaExport.java:37)
	at org.hibernate.internal.SessionFactoryObserverChain.sessionFactoryCreated(SessionFactoryObserverChain.java:35)
	at org.hibernate.internal.SessionFactoryImpl.<init>(SessionFactoryImpl.java:322)
	at org.hibernate.boot.internal.SessionFactoryBuilderImpl.build(SessionFactoryBuilderImpl.java:457)
	at org.hibernate.jpa.boot.internal.EntityManagerFactoryBuilderImpl.build(EntityManagerFactoryBuilderImpl.java:1506)
	at org.springframework.orm.jpa.vendor.SpringHibernateJpaPersistenceProvider.createContainerEntityManagerFactory(SpringHibernateJpaPersistenceProvider.java:75)
	at org.springframework.orm.jpa.LocalContainerEntityManagerFactoryBean.createNativeEntityManagerFactory(LocalContainerEntityManagerFactoryBean.java:390)
	at org.springframework.orm.jpa.AbstractEntityManagerFactoryBean.buildNativeEntityManagerFactory(AbstractEntityManagerFactoryBean.java:409)
	at org.springframework.orm.jpa.AbstractEntityManagerFactoryBean.afterPropertiesSet(AbstractEntityManagerFactoryBean.java:396)
	at org.springframework.orm.jpa.LocalContainerEntityManagerFactoryBean.afterPropertiesSet(LocalContainerEntityManagerFactoryBean.java:366)
	at org.springframework.beans.factory.support.AbstractAutowireCapableBeanFactory.invokeInitMethods(AbstractAutowireCapableBeanFactory.java:1835)
	at org.springframework.beans.factory.support.AbstractAutowireCapableBeanFactory.initializeBean(AbstractAutowireCapableBeanFactory.java:1784)
	at org.springframework.beans.factory.support.AbstractAutowireCapableBeanFactory.doCreateBean(AbstractAutowireCapableBeanFactory.java:600)
	at org.springframework.beans.factory.support.AbstractAutowireCapableBeanFactory.createBean(AbstractAutowireCapableBeanFactory.java:522)
	at org.springframework.beans.factory.support.AbstractBeanFactory.lambda$doGetBean$0(AbstractBeanFactory.java:337)
	at org.springframework.beans.factory.support.DefaultSingletonBeanRegistry.getSingleton(DefaultSingletonBeanRegistry.java:234)
	at org.springframework.beans.factory.support.AbstractBeanFactory.doGetBean(AbstractBeanFactory.java:335)
	at org.springframework.beans.factory.support.AbstractBeanFactory.getBean(AbstractBeanFactory.java:205)
	at org.springframework.context.support.AbstractApplicationContext.finishBeanFactoryInitialization(AbstractApplicationContext.java:952)
	at org.springframework.context.support.AbstractApplicationContext.refresh(AbstractApplicationContext.java:624)
	at org.springframework.boot.web.servlet.context.ServletWebServerApplicationContext.refresh(ServletWebServerApplicationContext.java:146)
	at org.springframework.boot.SpringApplication.refresh(SpringApplication.java:754)
	at org.springframework.boot.SpringApplication.refreshContext(SpringApplication.java:456)
	at org.springframework.boot.SpringApplication.run(SpringApplication.java:335)
	at org.springframework.boot.SpringApplication.run(SpringApplication.java:1363)
	at org.springframework.boot.SpringApplication.run(SpringApplication.java:1352)
	at com.apidesign.ApiDesignApplication.main(ApiDesignApplication.java:26)
	at java.base/jdk.internal.reflect.DirectMethodHandleAccessor.invoke(DirectMethodHandleAccessor.java:103)
	at java.base/java.lang.reflect.Method.invoke(Method.java:580)
	at org.springframework.boot.devtools.restart.RestartLauncher.run(RestartLauncher.java:50)
Caused by: java.sql.SQLSyntaxErrorException: ORA-01758: table must be empty to add mandatory (NOT NULL) column

https://docs.oracle.com/error-help/db/ora-01758/
	at oracle.jdbc.driver.T4CTTIoer11.processError(T4CTTIoer11.java:709)
	at oracle.jdbc.driver.T4CTTIoer11.processError(T4CTTIoer11.java:609)
	at oracle.jdbc.driver.T4C8Oall.processError(T4C8Oall.java:1347)
	at oracle.jdbc.driver.T4CTTIfun.receive(T4CTTIfun.java:1101)
	at oracle.jdbc.driver.T4CTTIfun.doRPC(T4CTTIfun.java:409)
	at oracle.jdbc.driver.T4C8Oall.doOALL(T4C8Oall.java:499)
	at oracle.jdbc.driver.T4CStatement.doOall8(T4CStatement.java:190)
	at oracle.jdbc.driver.T4CStatement.executeForRows(T4CStatement.java:1384)
	at oracle.jdbc.driver.OracleStatement.executeSQLStatement(OracleStatement.java:1995)
	at oracle.jdbc.driver.OracleStatement.doExecuteWithTimeout(OracleStatement.java:1608)
	at oracle.jdbc.driver.OracleStatement.executeInternal(OracleStatement.java:2673)
	at oracle.jdbc.driver.OracleStatement.execute(OracleStatement.java:2622)
	at oracle.jdbc.driver.OracleStatementWrapper.execute(OracleStatementWrapper.java:336)
	at com.zaxxer.hikari.pool.ProxyStatement.execute(ProxyStatement.java:94)
	at com.zaxxer.hikari.pool.HikariProxyStatement.execute(HikariProxyStatement.java)
	at org.hibernate.tool.schema.internal.exec.GenerationTargetToDatabase.accept(GenerationTargetToDatabase.java:80)
	... 40 common frames omitted
Caused by: oracle.jdbc.OracleDatabaseException: ORA-01758: table must be empty to add mandatory (NOT NULL) column

	at oracle.jdbc.driver.T4CTTIoer11.processError(T4CTTIoer11.java:717)
	... 55 common frames omitted
2026-05-28 09:46:48 [restartedMain] DEBUG org.hibernate.SQL - alter table if exists products add name varchar2(100 char) not null
2026-05-28 09:46:48 [restartedMain] WARN  o.h.t.s.i.ExceptionHandlerLoggedImpl - GenerationTarget encountered exception accepting command : Error executing DDL "alter table if exists products add name varchar2(100 char) not null" via JDBC [ORA-01758: table must be empty to add mandatory (NOT NULL) column

https://docs.oracle.com/error-help/db/ora-01758/]
org.hibernate.tool.schema.spi.CommandAcceptanceException: Error executing DDL "alter table if exists products add name varchar2(100 char) not null" via JDBC [ORA-01758: table must be empty to add mandatory (NOT NULL) column

https://docs.oracle.com/error-help/db/ora-01758/]
	at org.hibernate.tool.schema.internal.exec.GenerationTargetToDatabase.accept(GenerationTargetToDatabase.java:94)
	at org.hibernate.tool.schema.internal.AbstractSchemaMigrator.applySqlString(AbstractSchemaMigrator.java:575)
	at org.hibernate.tool.schema.internal.AbstractSchemaMigrator.applySqlStrings(AbstractSchemaMigrator.java:515)
	at org.hibernate.tool.schema.internal.AbstractSchemaMigrator.migrateTable(AbstractSchemaMigrator.java:333)
	at org.hibernate.tool.schema.internal.GroupedSchemaMigratorImpl.performTablesMigration(GroupedSchemaMigratorImpl.java:84)
	at org.hibernate.tool.schema.internal.AbstractSchemaMigrator.performMigration(AbstractSchemaMigrator.java:232)
	at org.hibernate.tool.schema.internal.AbstractSchemaMigrator.doMigration(AbstractSchemaMigrator.java:117)
	at org.hibernate.tool.schema.spi.SchemaManagementToolCoordinator.performDatabaseAction(SchemaManagementToolCoordinator.java:280)
	at org.hibernate.tool.schema.spi.SchemaManagementToolCoordinator.lambda$process$5(SchemaManagementToolCoordinator.java:144)
	at java.base/java.util.HashMap.forEach(HashMap.java:1429)
	at org.hibernate.tool.schema.spi.SchemaManagementToolCoordinator.process(SchemaManagementToolCoordinator.java:141)
	at org.hibernate.boot.internal.SessionFactoryObserverForSchemaExport.sessionFactoryCreated(SessionFactoryObserverForSchemaExport.java:37)
	at org.hibernate.internal.SessionFactoryObserverChain.sessionFactoryCreated(SessionFactoryObserverChain.java:35)
	at org.hibernate.internal.SessionFactoryImpl.<init>(SessionFactoryImpl.java:322)
	at org.hibernate.boot.internal.SessionFactoryBuilderImpl.build(SessionFactoryBuilderImpl.java:457)
	at org.hibernate.jpa.boot.internal.EntityManagerFactoryBuilderImpl.build(EntityManagerFactoryBuilderImpl.java:1506)
	at org.springframework.orm.jpa.vendor.SpringHibernateJpaPersistenceProvider.createContainerEntityManagerFactory(SpringHibernateJpaPersistenceProvider.java:75)
	at org.springframework.orm.jpa.LocalContainerEntityManagerFactoryBean.createNativeEntityManagerFactory(LocalContainerEntityManagerFactoryBean.java:390)
	at org.springframework.orm.jpa.AbstractEntityManagerFactoryBean.buildNativeEntityManagerFactory(AbstractEntityManagerFactoryBean.java:409)
	at org.springframework.orm.jpa.AbstractEntityManagerFactoryBean.afterPropertiesSet(AbstractEntityManagerFactoryBean.java:396)
	at org.springframework.orm.jpa.LocalContainerEntityManagerFactoryBean.afterPropertiesSet(LocalContainerEntityManagerFactoryBean.java:366)
	at org.springframework.beans.factory.support.AbstractAutowireCapableBeanFactory.invokeInitMethods(AbstractAutowireCapableBeanFactory.java:1835)
	at org.springframework.beans.factory.support.AbstractAutowireCapableBeanFactory.initializeBean(AbstractAutowireCapableBeanFactory.java:1784)
	at org.springframework.beans.factory.support.AbstractAutowireCapableBeanFactory.doCreateBean(AbstractAutowireCapableBeanFactory.java:600)
	at org.springframework.beans.factory.support.AbstractAutowireCapableBeanFactory.createBean(AbstractAutowireCapableBeanFactory.java:522)
	at org.springframework.beans.factory.support.AbstractBeanFactory.lambda$doGetBean$0(AbstractBeanFactory.java:337)
	at org.springframework.beans.factory.support.DefaultSingletonBeanRegistry.getSingleton(DefaultSingletonBeanRegistry.java:234)
	at org.springframework.beans.factory.support.AbstractBeanFactory.doGetBean(AbstractBeanFactory.java:335)
	at org.springframework.beans.factory.support.AbstractBeanFactory.getBean(AbstractBeanFactory.java:205)
	at org.springframework.context.support.AbstractApplicationContext.finishBeanFactoryInitialization(AbstractApplicationContext.java:952)
	at org.springframework.context.support.AbstractApplicationContext.refresh(AbstractApplicationContext.java:624)
	at org.springframework.boot.web.servlet.context.ServletWebServerApplicationContext.refresh(ServletWebServerApplicationContext.java:146)
	at org.springframework.boot.SpringApplication.refresh(SpringApplication.java:754)
	at org.springframework.boot.SpringApplication.refreshContext(SpringApplication.java:456)
	at org.springframework.boot.SpringApplication.run(SpringApplication.java:335)
	at org.springframework.boot.SpringApplication.run(SpringApplication.java:1363)
	at org.springframework.boot.SpringApplication.run(SpringApplication.java:1352)
	at com.apidesign.ApiDesignApplication.main(ApiDesignApplication.java:26)
	at java.base/jdk.internal.reflect.DirectMethodHandleAccessor.invoke(DirectMethodHandleAccessor.java:103)
	at java.base/java.lang.reflect.Method.invoke(Method.java:580)
	at org.springframework.boot.devtools.restart.RestartLauncher.run(RestartLauncher.java:50)
Caused by: java.sql.SQLSyntaxErrorException: ORA-01758: table must be empty to add mandatory (NOT NULL) column

https://docs.oracle.com/error-help/db/ora-01758/
	at oracle.jdbc.driver.T4CTTIoer11.processError(T4CTTIoer11.java:709)
	at oracle.jdbc.driver.T4CTTIoer11.processError(T4CTTIoer11.java:609)
	at oracle.jdbc.driver.T4C8Oall.processError(T4C8Oall.java:1347)
	at oracle.jdbc.driver.T4CTTIfun.receive(T4CTTIfun.java:1101)
	at oracle.jdbc.driver.T4CTTIfun.doRPC(T4CTTIfun.java:409)
	at oracle.jdbc.driver.T4C8Oall.doOALL(T4C8Oall.java:499)
	at oracle.jdbc.driver.T4CStatement.doOall8(T4CStatement.java:190)
	at oracle.jdbc.driver.T4CStatement.executeForRows(T4CStatement.java:1384)
	at oracle.jdbc.driver.OracleStatement.executeSQLStatement(OracleStatement.java:1995)
	at oracle.jdbc.driver.OracleStatement.doExecuteWithTimeout(OracleStatement.java:1608)
	at oracle.jdbc.driver.OracleStatement.executeInternal(OracleStatement.java:2673)
	at oracle.jdbc.driver.OracleStatement.execute(OracleStatement.java:2622)
	at oracle.jdbc.driver.OracleStatementWrapper.execute(OracleStatementWrapper.java:336)
	at com.zaxxer.hikari.pool.ProxyStatement.execute(ProxyStatement.java:94)
	at com.zaxxer.hikari.pool.HikariProxyStatement.execute(HikariProxyStatement.java)
	at org.hibernate.tool.schema.internal.exec.GenerationTargetToDatabase.accept(GenerationTargetToDatabase.java:80)
	... 40 common frames omitted
Caused by: oracle.jdbc.OracleDatabaseException: ORA-01758: table must be empty to add mandatory (NOT NULL) column

	at oracle.jdbc.driver.T4CTTIoer11.processError(T4CTTIoer11.java:717)
	... 55 common frames omitted
2026-05-28 09:46:48 [restartedMain] DEBUG org.hibernate.SQL - alter table if exists products add price number(10,2) not null
2026-05-28 09:46:48 [restartedMain] WARN  o.h.t.s.i.ExceptionHandlerLoggedImpl - GenerationTarget encountered exception accepting command : Error executing DDL "alter table if exists products add price number(10,2) not null" via JDBC [ORA-01758: table must be empty to add mandatory (NOT NULL) column

https://docs.oracle.com/error-help/db/ora-01758/]
org.hibernate.tool.schema.spi.CommandAcceptanceException: Error executing DDL "alter table if exists products add price number(10,2) not null" via JDBC [ORA-01758: table must be empty to add mandatory (NOT NULL) column

https://docs.oracle.com/error-help/db/ora-01758/]
	at org.hibernate.tool.schema.internal.exec.GenerationTargetToDatabase.accept(GenerationTargetToDatabase.java:94)
	at org.hibernate.tool.schema.internal.AbstractSchemaMigrator.applySqlString(AbstractSchemaMigrator.java:575)
	at org.hibernate.tool.schema.internal.AbstractSchemaMigrator.applySqlStrings(AbstractSchemaMigrator.java:515)
	at org.hibernate.tool.schema.internal.AbstractSchemaMigrator.migrateTable(AbstractSchemaMigrator.java:333)
	at org.hibernate.tool.schema.internal.GroupedSchemaMigratorImpl.performTablesMigration(GroupedSchemaMigratorImpl.java:84)
	at org.hibernate.tool.schema.internal.AbstractSchemaMigrator.performMigration(AbstractSchemaMigrator.java:232)
	at org.hibernate.tool.schema.internal.AbstractSchemaMigrator.doMigration(AbstractSchemaMigrator.java:117)
	at org.hibernate.tool.schema.spi.SchemaManagementToolCoordinator.performDatabaseAction(SchemaManagementToolCoordinator.java:280)
	at org.hibernate.tool.schema.spi.SchemaManagementToolCoordinator.lambda$process$5(SchemaManagementToolCoordinator.java:144)
	at java.base/java.util.HashMap.forEach(HashMap.java:1429)
	at org.hibernate.tool.schema.spi.SchemaManagementToolCoordinator.process(SchemaManagementToolCoordinator.java:141)
	at org.hibernate.boot.internal.SessionFactoryObserverForSchemaExport.sessionFactoryCreated(SessionFactoryObserverForSchemaExport.java:37)
	at org.hibernate.internal.SessionFactoryObserverChain.sessionFactoryCreated(SessionFactoryObserverChain.java:35)
	at org.hibernate.internal.SessionFactoryImpl.<init>(SessionFactoryImpl.java:322)
	at org.hibernate.boot.internal.SessionFactoryBuilderImpl.build(SessionFactoryBuilderImpl.java:457)
	at org.hibernate.jpa.boot.internal.EntityManagerFactoryBuilderImpl.build(EntityManagerFactoryBuilderImpl.java:1506)
	at org.springframework.orm.jpa.vendor.SpringHibernateJpaPersistenceProvider.createContainerEntityManagerFactory(SpringHibernateJpaPersistenceProvider.java:75)
	at org.springframework.orm.jpa.LocalContainerEntityManagerFactoryBean.createNativeEntityManagerFactory(LocalContainerEntityManagerFactoryBean.java:390)
	at org.springframework.orm.jpa.AbstractEntityManagerFactoryBean.buildNativeEntityManagerFactory(AbstractEntityManagerFactoryBean.java:409)
	at org.springframework.orm.jpa.AbstractEntityManagerFactoryBean.afterPropertiesSet(AbstractEntityManagerFactoryBean.java:396)
	at org.springframework.orm.jpa.LocalContainerEntityManagerFactoryBean.afterPropertiesSet(LocalContainerEntityManagerFactoryBean.java:366)
	at org.springframework.beans.factory.support.AbstractAutowireCapableBeanFactory.invokeInitMethods(AbstractAutowireCapableBeanFactory.java:1835)
	at org.springframework.beans.factory.support.AbstractAutowireCapableBeanFactory.initializeBean(AbstractAutowireCapableBeanFactory.java:1784)
	at org.springframework.beans.factory.support.AbstractAutowireCapableBeanFactory.doCreateBean(AbstractAutowireCapableBeanFactory.java:600)
	at org.springframework.beans.factory.support.AbstractAutowireCapableBeanFactory.createBean(AbstractAutowireCapableBeanFactory.java:522)
	at org.springframework.beans.factory.support.AbstractBeanFactory.lambda$doGetBean$0(AbstractBeanFactory.java:337)
	at org.springframework.beans.factory.support.DefaultSingletonBeanRegistry.getSingleton(DefaultSingletonBeanRegistry.java:234)
	at org.springframework.beans.factory.support.AbstractBeanFactory.doGetBean(AbstractBeanFactory.java:335)
	at org.springframework.beans.factory.support.AbstractBeanFactory.getBean(AbstractBeanFactory.java:205)
	at org.springframework.context.support.AbstractApplicationContext.finishBeanFactoryInitialization(AbstractApplicationContext.java:952)
	at org.springframework.context.support.AbstractApplicationContext.refresh(AbstractApplicationContext.java:624)
	at org.springframework.boot.web.servlet.context.ServletWebServerApplicationContext.refresh(ServletWebServerApplicationContext.java:146)
	at org.springframework.boot.SpringApplication.refresh(SpringApplication.java:754)
	at org.springframework.boot.SpringApplication.refreshContext(SpringApplication.java:456)
	at org.springframework.boot.SpringApplication.run(SpringApplication.java:335)
	at org.springframework.boot.SpringApplication.run(SpringApplication.java:1363)
	at org.springframework.boot.SpringApplication.run(SpringApplication.java:1352)
	at com.apidesign.ApiDesignApplication.main(ApiDesignApplication.java:26)
	at java.base/jdk.internal.reflect.DirectMethodHandleAccessor.invoke(DirectMethodHandleAccessor.java:103)
	at java.base/java.lang.reflect.Method.invoke(Method.java:580)
	at org.springframework.boot.devtools.restart.RestartLauncher.run(RestartLauncher.java:50)
Caused by: java.sql.SQLSyntaxErrorException: ORA-01758: table must be empty to add mandatory (NOT NULL) column

https://docs.oracle.com/error-help/db/ora-01758/
	at oracle.jdbc.driver.T4CTTIoer11.processError(T4CTTIoer11.java:709)
	at oracle.jdbc.driver.T4CTTIoer11.processError(T4CTTIoer11.java:609)
	at oracle.jdbc.driver.T4C8Oall.processError(T4C8Oall.java:1347)
	at oracle.jdbc.driver.T4CTTIfun.receive(T4CTTIfun.java:1101)
	at oracle.jdbc.driver.T4CTTIfun.doRPC(T4CTTIfun.java:409)
	at oracle.jdbc.driver.T4C8Oall.doOALL(T4C8Oall.java:499)
	at oracle.jdbc.driver.T4CStatement.doOall8(T4CStatement.java:190)
	at oracle.jdbc.driver.T4CStatement.executeForRows(T4CStatement.java:1384)
	at oracle.jdbc.driver.OracleStatement.executeSQLStatement(OracleStatement.java:1995)
	at oracle.jdbc.driver.OracleStatement.doExecuteWithTimeout(OracleStatement.java:1608)
	at oracle.jdbc.driver.OracleStatement.executeInternal(OracleStatement.java:2673)
	at oracle.jdbc.driver.OracleStatement.execute(OracleStatement.java:2622)
	at oracle.jdbc.driver.OracleStatementWrapper.execute(OracleStatementWrapper.java:336)
	at com.zaxxer.hikari.pool.ProxyStatement.execute(ProxyStatement.java:94)
	at com.zaxxer.hikari.pool.HikariProxyStatement.execute(HikariProxyStatement.java)
	at org.hibernate.tool.schema.internal.exec.GenerationTargetToDatabase.accept(GenerationTargetToDatabase.java:80)
	... 40 common frames omitted
Caused by: oracle.jdbc.OracleDatabaseException: ORA-01758: table must be empty to add mandatory (NOT NULL) column

	at oracle.jdbc.driver.T4CTTIoer11.processError(T4CTTIoer11.java:717)
	... 55 common frames omitted
2026-05-28 09:46:48 [restartedMain] DEBUG org.hibernate.SQL - alter table if exists products add sku varchar2(50 char) not null
2026-05-28 09:46:48 [restartedMain] WARN  o.h.t.s.i.ExceptionHandlerLoggedImpl - GenerationTarget encountered exception accepting command : Error executing DDL "alter table if exists products add sku varchar2(50 char) not null" via JDBC [ORA-01758: table must be empty to add mandatory (NOT NULL) column

https://docs.oracle.com/error-help/db/ora-01758/]
org.hibernate.tool.schema.spi.CommandAcceptanceException: Error executing DDL "alter table if exists products add sku varchar2(50 char) not null" via JDBC [ORA-01758: table must be empty to add mandatory (NOT NULL) column

https://docs.oracle.com/error-help/db/ora-01758/]
	at org.hibernate.tool.schema.internal.exec.GenerationTargetToDatabase.accept(GenerationTargetToDatabase.java:94)
	at org.hibernate.tool.schema.internal.AbstractSchemaMigrator.applySqlString(AbstractSchemaMigrator.java:575)
	at org.hibernate.tool.schema.internal.AbstractSchemaMigrator.applySqlStrings(AbstractSchemaMigrator.java:515)
	at org.hibernate.tool.schema.internal.AbstractSchemaMigrator.migrateTable(AbstractSchemaMigrator.java:333)
	at org.hibernate.tool.schema.internal.GroupedSchemaMigratorImpl.performTablesMigration(GroupedSchemaMigratorImpl.java:84)
	at org.hibernate.tool.schema.internal.AbstractSchemaMigrator.performMigration(AbstractSchemaMigrator.java:232)
	at org.hibernate.tool.schema.internal.AbstractSchemaMigrator.doMigration(AbstractSchemaMigrator.java:117)
	at org.hibernate.tool.schema.spi.SchemaManagementToolCoordinator.performDatabaseAction(SchemaManagementToolCoordinator.java:280)
	at org.hibernate.tool.schema.spi.SchemaManagementToolCoordinator.lambda$process$5(SchemaManagementToolCoordinator.java:144)
	at java.base/java.util.HashMap.forEach(HashMap.java:1429)
	at org.hibernate.tool.schema.spi.SchemaManagementToolCoordinator.process(SchemaManagementToolCoordinator.java:141)
	at org.hibernate.boot.internal.SessionFactoryObserverForSchemaExport.sessionFactoryCreated(SessionFactoryObserverForSchemaExport.java:37)
	at org.hibernate.internal.SessionFactoryObserverChain.sessionFactoryCreated(SessionFactoryObserverChain.java:35)
	at org.hibernate.internal.SessionFactoryImpl.<init>(SessionFactoryImpl.java:322)
	at org.hibernate.boot.internal.SessionFactoryBuilderImpl.build(SessionFactoryBuilderImpl.java:457)
	at org.hibernate.jpa.boot.internal.EntityManagerFactoryBuilderImpl.build(EntityManagerFactoryBuilderImpl.java:1506)
	at org.springframework.orm.jpa.vendor.SpringHibernateJpaPersistenceProvider.createContainerEntityManagerFactory(SpringHibernateJpaPersistenceProvider.java:75)
	at org.springframework.orm.jpa.LocalContainerEntityManagerFactoryBean.createNativeEntityManagerFactory(LocalContainerEntityManagerFactoryBean.java:390)
	at org.springframework.orm.jpa.AbstractEntityManagerFactoryBean.buildNativeEntityManagerFactory(AbstractEntityManagerFactoryBean.java:409)
	at org.springframework.orm.jpa.AbstractEntityManagerFactoryBean.afterPropertiesSet(AbstractEntityManagerFactoryBean.java:396)
	at org.springframework.orm.jpa.LocalContainerEntityManagerFactoryBean.afterPropertiesSet(LocalContainerEntityManagerFactoryBean.java:366)
	at org.springframework.beans.factory.support.AbstractAutowireCapableBeanFactory.invokeInitMethods(AbstractAutowireCapableBeanFactory.java:1835)
	at org.springframework.beans.factory.support.AbstractAutowireCapableBeanFactory.initializeBean(AbstractAutowireCapableBeanFactory.java:1784)
	at org.springframework.beans.factory.support.AbstractAutowireCapableBeanFactory.doCreateBean(AbstractAutowireCapableBeanFactory.java:600)
	at org.springframework.beans.factory.support.AbstractAutowireCapableBeanFactory.createBean(AbstractAutowireCapableBeanFactory.java:522)
	at org.springframework.beans.factory.support.AbstractBeanFactory.lambda$doGetBean$0(AbstractBeanFactory.java:337)
	at org.springframework.beans.factory.support.DefaultSingletonBeanRegistry.getSingleton(DefaultSingletonBeanRegistry.java:234)
	at org.springframework.beans.factory.support.AbstractBeanFactory.doGetBean(AbstractBeanFactory.java:335)
	at org.springframework.beans.factory.support.AbstractBeanFactory.getBean(AbstractBeanFactory.java:205)
	at org.springframework.context.support.AbstractApplicationContext.finishBeanFactoryInitialization(AbstractApplicationContext.java:952)
	at org.springframework.context.support.AbstractApplicationContext.refresh(AbstractApplicationContext.java:624)
	at org.springframework.boot.web.servlet.context.ServletWebServerApplicationContext.refresh(ServletWebServerApplicationContext.java:146)
	at org.springframework.boot.SpringApplication.refresh(SpringApplication.java:754)
	at org.springframework.boot.SpringApplication.refreshContext(SpringApplication.java:456)
	at org.springframework.boot.SpringApplication.run(SpringApplication.java:335)
	at org.springframework.boot.SpringApplication.run(SpringApplication.java:1363)
	at org.springframework.boot.SpringApplication.run(SpringApplication.java:1352)
	at com.apidesign.ApiDesignApplication.main(ApiDesignApplication.java:26)
	at java.base/jdk.internal.reflect.DirectMethodHandleAccessor.invoke(DirectMethodHandleAccessor.java:103)
	at java.base/java.lang.reflect.Method.invoke(Method.java:580)
	at org.springframework.boot.devtools.restart.RestartLauncher.run(RestartLauncher.java:50)
Caused by: java.sql.SQLSyntaxErrorException: ORA-01758: table must be empty to add mandatory (NOT NULL) column

https://docs.oracle.com/error-help/db/ora-01758/
	at oracle.jdbc.driver.T4CTTIoer11.processError(T4CTTIoer11.java:709)
	at oracle.jdbc.driver.T4CTTIoer11.processError(T4CTTIoer11.java:609)
	at oracle.jdbc.driver.T4C8Oall.processError(T4C8Oall.java:1347)
	at oracle.jdbc.driver.T4CTTIfun.receive(T4CTTIfun.java:1101)
	at oracle.jdbc.driver.T4CTTIfun.doRPC(T4CTTIfun.java:409)
	at oracle.jdbc.driver.T4C8Oall.doOALL(T4C8Oall.java:499)
	at oracle.jdbc.driver.T4CStatement.doOall8(T4CStatement.java:190)
	at oracle.jdbc.driver.T4CStatement.executeForRows(T4CStatement.java:1384)
	at oracle.jdbc.driver.OracleStatement.executeSQLStatement(OracleStatement.java:1995)
	at oracle.jdbc.driver.OracleStatement.doExecuteWithTimeout(OracleStatement.java:1608)
	at oracle.jdbc.driver.OracleStatement.executeInternal(OracleStatement.java:2673)
	at oracle.jdbc.driver.OracleStatement.execute(OracleStatement.java:2622)
	at oracle.jdbc.driver.OracleStatementWrapper.execute(OracleStatementWrapper.java:336)
	at com.zaxxer.hikari.pool.ProxyStatement.execute(ProxyStatement.java:94)
	at com.zaxxer.hikari.pool.HikariProxyStatement.execute(HikariProxyStatement.java)
	at org.hibernate.tool.schema.internal.exec.GenerationTargetToDatabase.accept(GenerationTargetToDatabase.java:80)
	... 40 common frames omitted
Caused by: oracle.jdbc.OracleDatabaseException: ORA-01758: table must be empty to add mandatory (NOT NULL) column

	at oracle.jdbc.driver.T4CTTIoer11.processError(T4CTTIoer11.java:717)
	... 55 common frames omitted
2026-05-28 09:46:48 [restartedMain] DEBUG org.hibernate.SQL - alter table if exists products add stock_quantity number(19,0) not null
2026-05-28 09:46:48 [restartedMain] WARN  o.h.t.s.i.ExceptionHandlerLoggedImpl - GenerationTarget encountered exception accepting command : Error executing DDL "alter table if exists products add stock_quantity number(19,0) not null" via JDBC [ORA-01758: table must be empty to add mandatory (NOT NULL) column

https://docs.oracle.com/error-help/db/ora-01758/]
org.hibernate.tool.schema.spi.CommandAcceptanceException: Error executing DDL "alter table if exists products add stock_quantity number(19,0) not null" via JDBC [ORA-01758: table must be empty to add mandatory (NOT NULL) column

https://docs.oracle.com/error-help/db/ora-01758/]
	at org.hibernate.tool.schema.internal.exec.GenerationTargetToDatabase.accept(GenerationTargetToDatabase.java:94)
	at org.hibernate.tool.schema.internal.AbstractSchemaMigrator.applySqlString(AbstractSchemaMigrator.java:575)
	at org.hibernate.tool.schema.internal.AbstractSchemaMigrator.applySqlStrings(AbstractSchemaMigrator.java:515)
	at org.hibernate.tool.schema.internal.AbstractSchemaMigrator.migrateTable(AbstractSchemaMigrator.java:333)
	at org.hibernate.tool.schema.internal.GroupedSchemaMigratorImpl.performTablesMigration(GroupedSchemaMigratorImpl.java:84)
	at org.hibernate.tool.schema.internal.AbstractSchemaMigrator.performMigration(AbstractSchemaMigrator.java:232)
	at org.hibernate.tool.schema.internal.AbstractSchemaMigrator.doMigration(AbstractSchemaMigrator.java:117)
	at org.hibernate.tool.schema.spi.SchemaManagementToolCoordinator.performDatabaseAction(SchemaManagementToolCoordinator.java:280)
	at org.hibernate.tool.schema.spi.SchemaManagementToolCoordinator.lambda$process$5(SchemaManagementToolCoordinator.java:144)
	at java.base/java.util.HashMap.forEach(HashMap.java:1429)
	at org.hibernate.tool.schema.spi.SchemaManagementToolCoordinator.process(SchemaManagementToolCoordinator.java:141)
	at org.hibernate.boot.internal.SessionFactoryObserverForSchemaExport.sessionFactoryCreated(SessionFactoryObserverForSchemaExport.java:37)
	at org.hibernate.internal.SessionFactoryObserverChain.sessionFactoryCreated(SessionFactoryObserverChain.java:35)
	at org.hibernate.internal.SessionFactoryImpl.<init>(SessionFactoryImpl.java:322)
	at org.hibernate.boot.internal.SessionFactoryBuilderImpl.build(SessionFactoryBuilderImpl.java:457)
	at org.hibernate.jpa.boot.internal.EntityManagerFactoryBuilderImpl.build(EntityManagerFactoryBuilderImpl.java:1506)
	at org.springframework.orm.jpa.vendor.SpringHibernateJpaPersistenceProvider.createContainerEntityManagerFactory(SpringHibernateJpaPersistenceProvider.java:75)
	at org.springframework.orm.jpa.LocalContainerEntityManagerFactoryBean.createNativeEntityManagerFactory(LocalContainerEntityManagerFactoryBean.java:390)
	at org.springframework.orm.jpa.AbstractEntityManagerFactoryBean.buildNativeEntityManagerFactory(AbstractEntityManagerFactoryBean.java:409)
	at org.springframework.orm.jpa.AbstractEntityManagerFactoryBean.afterPropertiesSet(AbstractEntityManagerFactoryBean.java:396)
	at org.springframework.orm.jpa.LocalContainerEntityManagerFactoryBean.afterPropertiesSet(LocalContainerEntityManagerFactoryBean.java:366)
	at org.springframework.beans.factory.support.AbstractAutowireCapableBeanFactory.invokeInitMethods(AbstractAutowireCapableBeanFactory.java:1835)
	at org.springframework.beans.factory.support.AbstractAutowireCapableBeanFactory.initializeBean(AbstractAutowireCapableBeanFactory.java:1784)
	at org.springframework.beans.factory.support.AbstractAutowireCapableBeanFactory.doCreateBean(AbstractAutowireCapableBeanFactory.java:600)
	at org.springframework.beans.factory.support.AbstractAutowireCapableBeanFactory.createBean(AbstractAutowireCapableBeanFactory.java:522)
	at org.springframework.beans.factory.support.AbstractBeanFactory.lambda$doGetBean$0(AbstractBeanFactory.java:337)
	at org.springframework.beans.factory.support.DefaultSingletonBeanRegistry.getSingleton(DefaultSingletonBeanRegistry.java:234)
	at org.springframework.beans.factory.support.AbstractBeanFactory.doGetBean(AbstractBeanFactory.java:335)
	at org.springframework.beans.factory.support.AbstractBeanFactory.getBean(AbstractBeanFactory.java:205)
	at org.springframework.context.support.AbstractApplicationContext.finishBeanFactoryInitialization(AbstractApplicationContext.java:952)
	at org.springframework.context.support.AbstractApplicationContext.refresh(AbstractApplicationContext.java:624)
	at org.springframework.boot.web.servlet.context.ServletWebServerApplicationContext.refresh(ServletWebServerApplicationContext.java:146)
	at org.springframework.boot.SpringApplication.refresh(SpringApplication.java:754)
	at org.springframework.boot.SpringApplication.refreshContext(SpringApplication.java:456)
	at org.springframework.boot.SpringApplication.run(SpringApplication.java:335)
	at org.springframework.boot.SpringApplication.run(SpringApplication.java:1363)
	at org.springframework.boot.SpringApplication.run(SpringApplication.java:1352)
	at com.apidesign.ApiDesignApplication.main(ApiDesignApplication.java:26)
	at java.base/jdk.internal.reflect.DirectMethodHandleAccessor.invoke(DirectMethodHandleAccessor.java:103)
	at java.base/java.lang.reflect.Method.invoke(Method.java:580)
	at org.springframework.boot.devtools.restart.RestartLauncher.run(RestartLauncher.java:50)
Caused by: java.sql.SQLSyntaxErrorException: ORA-01758: table must be empty to add mandatory (NOT NULL) column

https://docs.oracle.com/error-help/db/ora-01758/
	at oracle.jdbc.driver.T4CTTIoer11.processError(T4CTTIoer11.java:709)
	at oracle.jdbc.driver.T4CTTIoer11.processError(T4CTTIoer11.java:609)
	at oracle.jdbc.driver.T4C8Oall.processError(T4C8Oall.java:1347)
	at oracle.jdbc.driver.T4CTTIfun.receive(T4CTTIfun.java:1101)
	at oracle.jdbc.driver.T4CTTIfun.doRPC(T4CTTIfun.java:409)
	at oracle.jdbc.driver.T4C8Oall.doOALL(T4C8Oall.java:499)
	at oracle.jdbc.driver.T4CStatement.doOall8(T4CStatement.java:190)
	at oracle.jdbc.driver.T4CStatement.executeForRows(T4CStatement.java:1384)
	at oracle.jdbc.driver.OracleStatement.executeSQLStatement(OracleStatement.java:1995)
	at oracle.jdbc.driver.OracleStatement.doExecuteWithTimeout(OracleStatement.java:1608)
	at oracle.jdbc.driver.OracleStatement.executeInternal(OracleStatement.java:2673)
	at oracle.jdbc.driver.OracleStatement.execute(OracleStatement.java:2622)
	at oracle.jdbc.driver.OracleStatementWrapper.execute(OracleStatementWrapper.java:336)
	at com.zaxxer.hikari.pool.ProxyStatement.execute(ProxyStatement.java:94)
	at com.zaxxer.hikari.pool.HikariProxyStatement.execute(HikariProxyStatement.java)
	at org.hibernate.tool.schema.internal.exec.GenerationTargetToDatabase.accept(GenerationTargetToDatabase.java:80)
	... 40 common frames omitted
Caused by: oracle.jdbc.OracleDatabaseException: ORA-01758: table must be empty to add mandatory (NOT NULL) column

	at oracle.jdbc.driver.T4CTTIoer11.processError(T4CTTIoer11.java:717)
	... 55 common frames omitted
2026-05-28 09:46:48 [restartedMain] DEBUG org.hibernate.SQL - create index IDX_ORDER_USER on orders (user_id)
2026-05-28 09:46:48 [restartedMain] WARN  o.h.t.s.i.ExceptionHandlerLoggedImpl - GenerationTarget encountered exception accepting command : Error executing DDL "create index IDX_ORDER_USER on orders (user_id)" via JDBC [ORA-00904: "USER_ID": invalid identifier

https://docs.oracle.com/error-help/db/ora-00904/]
org.hibernate.tool.schema.spi.CommandAcceptanceException: Error executing DDL "create index IDX_ORDER_USER on orders (user_id)" via JDBC [ORA-00904: "USER_ID": invalid identifier

https://docs.oracle.com/error-help/db/ora-00904/]
	at org.hibernate.tool.schema.internal.exec.GenerationTargetToDatabase.accept(GenerationTargetToDatabase.java:94)
	at org.hibernate.tool.schema.internal.AbstractSchemaMigrator.applySqlString(AbstractSchemaMigrator.java:575)
	at org.hibernate.tool.schema.internal.AbstractSchemaMigrator.applySqlStrings(AbstractSchemaMigrator.java:515)
	at org.hibernate.tool.schema.internal.AbstractSchemaMigrator.applyIndexes(AbstractSchemaMigrator.java:360)
	at org.hibernate.tool.schema.internal.GroupedSchemaMigratorImpl.performTablesMigration(GroupedSchemaMigratorImpl.java:96)
	at org.hibernate.tool.schema.internal.AbstractSchemaMigrator.performMigration(AbstractSchemaMigrator.java:232)
	at org.hibernate.tool.schema.internal.AbstractSchemaMigrator.doMigration(AbstractSchemaMigrator.java:117)
	at org.hibernate.tool.schema.spi.SchemaManagementToolCoordinator.performDatabaseAction(SchemaManagementToolCoordinator.java:280)
	at org.hibernate.tool.schema.spi.SchemaManagementToolCoordinator.lambda$process$5(SchemaManagementToolCoordinator.java:144)
	at java.base/java.util.HashMap.forEach(HashMap.java:1429)
	at org.hibernate.tool.schema.spi.SchemaManagementToolCoordinator.process(SchemaManagementToolCoordinator.java:141)
	at org.hibernate.boot.internal.SessionFactoryObserverForSchemaExport.sessionFactoryCreated(SessionFactoryObserverForSchemaExport.java:37)
	at org.hibernate.internal.SessionFactoryObserverChain.sessionFactoryCreated(SessionFactoryObserverChain.java:35)
	at org.hibernate.internal.SessionFactoryImpl.<init>(SessionFactoryImpl.java:322)
	at org.hibernate.boot.internal.SessionFactoryBuilderImpl.build(SessionFactoryBuilderImpl.java:457)
	at org.hibernate.jpa.boot.internal.EntityManagerFactoryBuilderImpl.build(EntityManagerFactoryBuilderImpl.java:1506)
	at org.springframework.orm.jpa.vendor.SpringHibernateJpaPersistenceProvider.createContainerEntityManagerFactory(SpringHibernateJpaPersistenceProvider.java:75)
	at org.springframework.orm.jpa.LocalContainerEntityManagerFactoryBean.createNativeEntityManagerFactory(LocalContainerEntityManagerFactoryBean.java:390)
	at org.springframework.orm.jpa.AbstractEntityManagerFactoryBean.buildNativeEntityManagerFactory(AbstractEntityManagerFactoryBean.java:409)
	at org.springframework.orm.jpa.AbstractEntityManagerFactoryBean.afterPropertiesSet(AbstractEntityManagerFactoryBean.java:396)
	at org.springframework.orm.jpa.LocalContainerEntityManagerFactoryBean.afterPropertiesSet(LocalContainerEntityManagerFactoryBean.java:366)
	at org.springframework.beans.factory.support.AbstractAutowireCapableBeanFactory.invokeInitMethods(AbstractAutowireCapableBeanFactory.java:1835)
	at org.springframework.beans.factory.support.AbstractAutowireCapableBeanFactory.initializeBean(AbstractAutowireCapableBeanFactory.java:1784)
	at org.springframework.beans.factory.support.AbstractAutowireCapableBeanFactory.doCreateBean(AbstractAutowireCapableBeanFactory.java:600)
	at org.springframework.beans.factory.support.AbstractAutowireCapableBeanFactory.createBean(AbstractAutowireCapableBeanFactory.java:522)
	at org.springframework.beans.factory.support.AbstractBeanFactory.lambda$doGetBean$0(AbstractBeanFactory.java:337)
	at org.springframework.beans.factory.support.DefaultSingletonBeanRegistry.getSingleton(DefaultSingletonBeanRegistry.java:234)
	at org.springframework.beans.factory.support.AbstractBeanFactory.doGetBean(AbstractBeanFactory.java:335)
	at org.springframework.beans.factory.support.AbstractBeanFactory.getBean(AbstractBeanFactory.java:205)
	at org.springframework.context.support.AbstractApplicationContext.finishBeanFactoryInitialization(AbstractApplicationContext.java:952)
	at org.springframework.context.support.AbstractApplicationContext.refresh(AbstractApplicationContext.java:624)
	at org.springframework.boot.web.servlet.context.ServletWebServerApplicationContext.refresh(ServletWebServerApplicationContext.java:146)
	at org.springframework.boot.SpringApplication.refresh(SpringApplication.java:754)
	at org.springframework.boot.SpringApplication.refreshContext(SpringApplication.java:456)
	at org.springframework.boot.SpringApplication.run(SpringApplication.java:335)
	at org.springframework.boot.SpringApplication.run(SpringApplication.java:1363)
	at org.springframework.boot.SpringApplication.run(SpringApplication.java:1352)
	at com.apidesign.ApiDesignApplication.main(ApiDesignApplication.java:26)
	at java.base/jdk.internal.reflect.DirectMethodHandleAccessor.invoke(DirectMethodHandleAccessor.java:103)
	at java.base/java.lang.reflect.Method.invoke(Method.java:580)
	at org.springframework.boot.devtools.restart.RestartLauncher.run(RestartLauncher.java:50)
Caused by: java.sql.SQLSyntaxErrorException: ORA-00904: "USER_ID": invalid identifier

https://docs.oracle.com/error-help/db/ora-00904/
	at oracle.jdbc.driver.T4CTTIoer11.processError(T4CTTIoer11.java:709)
	at oracle.jdbc.driver.T4CTTIoer11.processError(T4CTTIoer11.java:609)
	at oracle.jdbc.driver.T4C8Oall.processError(T4C8Oall.java:1347)
	at oracle.jdbc.driver.T4CTTIfun.receive(T4CTTIfun.java:1101)
	at oracle.jdbc.driver.T4CTTIfun.doRPC(T4CTTIfun.java:409)
	at oracle.jdbc.driver.T4C8Oall.doOALL(T4C8Oall.java:499)
	at oracle.jdbc.driver.T4CStatement.doOall8(T4CStatement.java:190)
	at oracle.jdbc.driver.T4CStatement.executeForRows(T4CStatement.java:1384)
	at oracle.jdbc.driver.OracleStatement.executeSQLStatement(OracleStatement.java:1995)
	at oracle.jdbc.driver.OracleStatement.doExecuteWithTimeout(OracleStatement.java:1608)
	at oracle.jdbc.driver.OracleStatement.executeInternal(OracleStatement.java:2673)
	at oracle.jdbc.driver.OracleStatement.execute(OracleStatement.java:2622)
	at oracle.jdbc.driver.OracleStatementWrapper.execute(OracleStatementWrapper.java:336)
	at com.zaxxer.hikari.pool.ProxyStatement.execute(ProxyStatement.java:94)
	at com.zaxxer.hikari.pool.HikariProxyStatement.execute(HikariProxyStatement.java)
	at org.hibernate.tool.schema.internal.exec.GenerationTargetToDatabase.accept(GenerationTargetToDatabase.java:80)
	... 40 common frames omitted
Caused by: oracle.jdbc.OracleDatabaseException: ORA-00904: "USER_ID": invalid identifier

	at oracle.jdbc.driver.T4CTTIoer11.processError(T4CTTIoer11.java:717)
	... 55 common frames omitted
2026-05-28 09:46:48 [restartedMain] DEBUG org.hibernate.SQL - create index IDX_ORDER_STATUS on orders (order_status)
2026-05-28 09:46:48 [restartedMain] WARN  o.h.t.s.i.ExceptionHandlerLoggedImpl - GenerationTarget encountered exception accepting command : Error executing DDL "create index IDX_ORDER_STATUS on orders (order_status)" via JDBC [ORA-00904: "ORDER_STATUS": invalid identifier

https://docs.oracle.com/error-help/db/ora-00904/]
org.hibernate.tool.schema.spi.CommandAcceptanceException: Error executing DDL "create index IDX_ORDER_STATUS on orders (order_status)" via JDBC [ORA-00904: "ORDER_STATUS": invalid identifier

https://docs.oracle.com/error-help/db/ora-00904/]
	at org.hibernate.tool.schema.internal.exec.GenerationTargetToDatabase.accept(GenerationTargetToDatabase.java:94)
	at org.hibernate.tool.schema.internal.AbstractSchemaMigrator.applySqlString(AbstractSchemaMigrator.java:575)
	at org.hibernate.tool.schema.internal.AbstractSchemaMigrator.applySqlStrings(AbstractSchemaMigrator.java:515)
	at org.hibernate.tool.schema.internal.AbstractSchemaMigrator.applyIndexes(AbstractSchemaMigrator.java:360)
	at org.hibernate.tool.schema.internal.GroupedSchemaMigratorImpl.performTablesMigration(GroupedSchemaMigratorImpl.java:96)
	at org.hibernate.tool.schema.internal.AbstractSchemaMigrator.performMigration(AbstractSchemaMigrator.java:232)
	at org.hibernate.tool.schema.internal.AbstractSchemaMigrator.doMigration(AbstractSchemaMigrator.java:117)
	at org.hibernate.tool.schema.spi.SchemaManagementToolCoordinator.performDatabaseAction(SchemaManagementToolCoordinator.java:280)
	at org.hibernate.tool.schema.spi.SchemaManagementToolCoordinator.lambda$process$5(SchemaManagementToolCoordinator.java:144)
	at java.base/java.util.HashMap.forEach(HashMap.java:1429)
	at org.hibernate.tool.schema.spi.SchemaManagementToolCoordinator.process(SchemaManagementToolCoordinator.java:141)
	at org.hibernate.boot.internal.SessionFactoryObserverForSchemaExport.sessionFactoryCreated(SessionFactoryObserverForSchemaExport.java:37)
	at org.hibernate.internal.SessionFactoryObserverChain.sessionFactoryCreated(SessionFactoryObserverChain.java:35)
	at org.hibernate.internal.SessionFactoryImpl.<init>(SessionFactoryImpl.java:322)
	at org.hibernate.boot.internal.SessionFactoryBuilderImpl.build(SessionFactoryBuilderImpl.java:457)
	at org.hibernate.jpa.boot.internal.EntityManagerFactoryBuilderImpl.build(EntityManagerFactoryBuilderImpl.java:1506)
	at org.springframework.orm.jpa.vendor.SpringHibernateJpaPersistenceProvider.createContainerEntityManagerFactory(SpringHibernateJpaPersistenceProvider.java:75)
	at org.springframework.orm.jpa.LocalContainerEntityManagerFactoryBean.createNativeEntityManagerFactory(LocalContainerEntityManagerFactoryBean.java:390)
	at org.springframework.orm.jpa.AbstractEntityManagerFactoryBean.buildNativeEntityManagerFactory(AbstractEntityManagerFactoryBean.java:409)
	at org.springframework.orm.jpa.AbstractEntityManagerFactoryBean.afterPropertiesSet(AbstractEntityManagerFactoryBean.java:396)
	at org.springframework.orm.jpa.LocalContainerEntityManagerFactoryBean.afterPropertiesSet(LocalContainerEntityManagerFactoryBean.java:366)
	at org.springframework.beans.factory.support.AbstractAutowireCapableBeanFactory.invokeInitMethods(AbstractAutowireCapableBeanFactory.java:1835)
	at org.springframework.beans.factory.support.AbstractAutowireCapableBeanFactory.initializeBean(AbstractAutowireCapableBeanFactory.java:1784)
	at org.springframework.beans.factory.support.AbstractAutowireCapableBeanFactory.doCreateBean(AbstractAutowireCapableBeanFactory.java:600)
	at org.springframework.beans.factory.support.AbstractAutowireCapableBeanFactory.createBean(AbstractAutowireCapableBeanFactory.java:522)
	at org.springframework.beans.factory.support.AbstractBeanFactory.lambda$doGetBean$0(AbstractBeanFactory.java:337)
	at org.springframework.beans.factory.support.DefaultSingletonBeanRegistry.getSingleton(DefaultSingletonBeanRegistry.java:234)
	at org.springframework.beans.factory.support.AbstractBeanFactory.doGetBean(AbstractBeanFactory.java:335)
	at org.springframework.beans.factory.support.AbstractBeanFactory.getBean(AbstractBeanFactory.java:205)
	at org.springframework.context.support.AbstractApplicationContext.finishBeanFactoryInitialization(AbstractApplicationContext.java:952)
	at org.springframework.context.support.AbstractApplicationContext.refresh(AbstractApplicationContext.java:624)
	at org.springframework.boot.web.servlet.context.ServletWebServerApplicationContext.refresh(ServletWebServerApplicationContext.java:146)
	at org.springframework.boot.SpringApplication.refresh(SpringApplication.java:754)
	at org.springframework.boot.SpringApplication.refreshContext(SpringApplication.java:456)
	at org.springframework.boot.SpringApplication.run(SpringApplication.java:335)
	at org.springframework.boot.SpringApplication.run(SpringApplication.java:1363)
	at org.springframework.boot.SpringApplication.run(SpringApplication.java:1352)
	at com.apidesign.ApiDesignApplication.main(ApiDesignApplication.java:26)
	at java.base/jdk.internal.reflect.DirectMethodHandleAccessor.invoke(DirectMethodHandleAccessor.java:103)
	at java.base/java.lang.reflect.Method.invoke(Method.java:580)
	at org.springframework.boot.devtools.restart.RestartLauncher.run(RestartLauncher.java:50)
Caused by: java.sql.SQLSyntaxErrorException: ORA-00904: "ORDER_STATUS": invalid identifier

https://docs.oracle.com/error-help/db/ora-00904/
	at oracle.jdbc.driver.T4CTTIoer11.processError(T4CTTIoer11.java:709)
	at oracle.jdbc.driver.T4CTTIoer11.processError(T4CTTIoer11.java:609)
	at oracle.jdbc.driver.T4C8Oall.processError(T4C8Oall.java:1347)
	at oracle.jdbc.driver.T4CTTIfun.receive(T4CTTIfun.java:1101)
	at oracle.jdbc.driver.T4CTTIfun.doRPC(T4CTTIfun.java:409)
	at oracle.jdbc.driver.T4C8Oall.doOALL(T4C8Oall.java:499)
	at oracle.jdbc.driver.T4CStatement.doOall8(T4CStatement.java:190)
	at oracle.jdbc.driver.T4CStatement.executeForRows(T4CStatement.java:1384)
	at oracle.jdbc.driver.OracleStatement.executeSQLStatement(OracleStatement.java:1995)
	at oracle.jdbc.driver.OracleStatement.doExecuteWithTimeout(OracleStatement.java:1608)
	at oracle.jdbc.driver.OracleStatement.executeInternal(OracleStatement.java:2673)
	at oracle.jdbc.driver.OracleStatement.execute(OracleStatement.java:2622)
	at oracle.jdbc.driver.OracleStatementWrapper.execute(OracleStatementWrapper.java:336)
	at com.zaxxer.hikari.pool.ProxyStatement.execute(ProxyStatement.java:94)
	at com.zaxxer.hikari.pool.HikariProxyStatement.execute(HikariProxyStatement.java)
	at org.hibernate.tool.schema.internal.exec.GenerationTargetToDatabase.accept(GenerationTargetToDatabase.java:80)
	... 40 common frames omitted
Caused by: oracle.jdbc.OracleDatabaseException: ORA-00904: "ORDER_STATUS": invalid identifier

	at oracle.jdbc.driver.T4CTTIoer11.processError(T4CTTIoer11.java:717)
	... 55 common frames omitted
2026-05-28 09:46:48 [restartedMain] DEBUG org.hibernate.SQL - create index IDX_ORDER_CREATED_AT on orders (created_at)
2026-05-28 09:46:48 [restartedMain] WARN  o.h.t.s.i.ExceptionHandlerLoggedImpl - GenerationTarget encountered exception accepting command : Error executing DDL "create index IDX_ORDER_CREATED_AT on orders (created_at)" via JDBC [ORA-00904: "CREATED_AT": invalid identifier

https://docs.oracle.com/error-help/db/ora-00904/]
org.hibernate.tool.schema.spi.CommandAcceptanceException: Error executing DDL "create index IDX_ORDER_CREATED_AT on orders (created_at)" via JDBC [ORA-00904: "CREATED_AT": invalid identifier

https://docs.oracle.com/error-help/db/ora-00904/]
	at org.hibernate.tool.schema.internal.exec.GenerationTargetToDatabase.accept(GenerationTargetToDatabase.java:94)
	at org.hibernate.tool.schema.internal.AbstractSchemaMigrator.applySqlString(AbstractSchemaMigrator.java:575)
	at org.hibernate.tool.schema.internal.AbstractSchemaMigrator.applySqlStrings(AbstractSchemaMigrator.java:515)
	at org.hibernate.tool.schema.internal.AbstractSchemaMigrator.applyIndexes(AbstractSchemaMigrator.java:360)
	at org.hibernate.tool.schema.internal.GroupedSchemaMigratorImpl.performTablesMigration(GroupedSchemaMigratorImpl.java:96)
	at org.hibernate.tool.schema.internal.AbstractSchemaMigrator.performMigration(AbstractSchemaMigrator.java:232)
	at org.hibernate.tool.schema.internal.AbstractSchemaMigrator.doMigration(AbstractSchemaMigrator.java:117)
	at org.hibernate.tool.schema.spi.SchemaManagementToolCoordinator.performDatabaseAction(SchemaManagementToolCoordinator.java:280)
	at org.hibernate.tool.schema.spi.SchemaManagementToolCoordinator.lambda$process$5(SchemaManagementToolCoordinator.java:144)
	at java.base/java.util.HashMap.forEach(HashMap.java:1429)
	at org.hibernate.tool.schema.spi.SchemaManagementToolCoordinator.process(SchemaManagementToolCoordinator.java:141)
	at org.hibernate.boot.internal.SessionFactoryObserverForSchemaExport.sessionFactoryCreated(SessionFactoryObserverForSchemaExport.java:37)
	at org.hibernate.internal.SessionFactoryObserverChain.sessionFactoryCreated(SessionFactoryObserverChain.java:35)
	at org.hibernate.internal.SessionFactoryImpl.<init>(SessionFactoryImpl.java:322)
	at org.hibernate.boot.internal.SessionFactoryBuilderImpl.build(SessionFactoryBuilderImpl.java:457)
	at org.hibernate.jpa.boot.internal.EntityManagerFactoryBuilderImpl.build(EntityManagerFactoryBuilderImpl.java:1506)
	at org.springframework.orm.jpa.vendor.SpringHibernateJpaPersistenceProvider.createContainerEntityManagerFactory(SpringHibernateJpaPersistenceProvider.java:75)
	at org.springframework.orm.jpa.LocalContainerEntityManagerFactoryBean.createNativeEntityManagerFactory(LocalContainerEntityManagerFactoryBean.java:390)
	at org.springframework.orm.jpa.AbstractEntityManagerFactoryBean.buildNativeEntityManagerFactory(AbstractEntityManagerFactoryBean.java:409)
	at org.springframework.orm.jpa.AbstractEntityManagerFactoryBean.afterPropertiesSet(AbstractEntityManagerFactoryBean.java:396)
	at org.springframework.orm.jpa.LocalContainerEntityManagerFactoryBean.afterPropertiesSet(LocalContainerEntityManagerFactoryBean.java:366)
	at org.springframework.beans.factory.support.AbstractAutowireCapableBeanFactory.invokeInitMethods(AbstractAutowireCapableBeanFactory.java:1835)
	at org.springframework.beans.factory.support.AbstractAutowireCapableBeanFactory.initializeBean(AbstractAutowireCapableBeanFactory.java:1784)
	at org.springframework.beans.factory.support.AbstractAutowireCapableBeanFactory.doCreateBean(AbstractAutowireCapableBeanFactory.java:600)
	at org.springframework.beans.factory.support.AbstractAutowireCapableBeanFactory.createBean(AbstractAutowireCapableBeanFactory.java:522)
	at org.springframework.beans.factory.support.AbstractBeanFactory.lambda$doGetBean$0(AbstractBeanFactory.java:337)
	at org.springframework.beans.factory.support.DefaultSingletonBeanRegistry.getSingleton(DefaultSingletonBeanRegistry.java:234)
	at org.springframework.beans.factory.support.AbstractBeanFactory.doGetBean(AbstractBeanFactory.java:335)
	at org.springframework.beans.factory.support.AbstractBeanFactory.getBean(AbstractBeanFactory.java:205)
	at org.springframework.context.support.AbstractApplicationContext.finishBeanFactoryInitialization(AbstractApplicationContext.java:952)
	at org.springframework.context.support.AbstractApplicationContext.refresh(AbstractApplicationContext.java:624)
	at org.springframework.boot.web.servlet.context.ServletWebServerApplicationContext.refresh(ServletWebServerApplicationContext.java:146)
	at org.springframework.boot.SpringApplication.refresh(SpringApplication.java:754)
	at org.springframework.boot.SpringApplication.refreshContext(SpringApplication.java:456)
	at org.springframework.boot.SpringApplication.run(SpringApplication.java:335)
	at org.springframework.boot.SpringApplication.run(SpringApplication.java:1363)
	at org.springframework.boot.SpringApplication.run(SpringApplication.java:1352)
	at com.apidesign.ApiDesignApplication.main(ApiDesignApplication.java:26)
	at java.base/jdk.internal.reflect.DirectMethodHandleAccessor.invoke(DirectMethodHandleAccessor.java:103)
	at java.base/java.lang.reflect.Method.invoke(Method.java:580)
	at org.springframework.boot.devtools.restart.RestartLauncher.run(RestartLauncher.java:50)
Caused by: java.sql.SQLSyntaxErrorException: ORA-00904: "CREATED_AT": invalid identifier

https://docs.oracle.com/error-help/db/ora-00904/
	at oracle.jdbc.driver.T4CTTIoer11.processError(T4CTTIoer11.java:709)
	at oracle.jdbc.driver.T4CTTIoer11.processError(T4CTTIoer11.java:609)
	at oracle.jdbc.driver.T4C8Oall.processError(T4C8Oall.java:1347)
	at oracle.jdbc.driver.T4CTTIfun.receive(T4CTTIfun.java:1101)
	at oracle.jdbc.driver.T4CTTIfun.doRPC(T4CTTIfun.java:409)
	at oracle.jdbc.driver.T4C8Oall.doOALL(T4C8Oall.java:499)
	at oracle.jdbc.driver.T4CStatement.doOall8(T4CStatement.java:190)
	at oracle.jdbc.driver.T4CStatement.executeForRows(T4CStatement.java:1384)
	at oracle.jdbc.driver.OracleStatement.executeSQLStatement(OracleStatement.java:1995)
	at oracle.jdbc.driver.OracleStatement.doExecuteWithTimeout(OracleStatement.java:1608)
	at oracle.jdbc.driver.OracleStatement.executeInternal(OracleStatement.java:2673)
	at oracle.jdbc.driver.OracleStatement.execute(OracleStatement.java:2622)
	at oracle.jdbc.driver.OracleStatementWrapper.execute(OracleStatementWrapper.java:336)
	at com.zaxxer.hikari.pool.ProxyStatement.execute(ProxyStatement.java:94)
	at com.zaxxer.hikari.pool.HikariProxyStatement.execute(HikariProxyStatement.java)
	at org.hibernate.tool.schema.internal.exec.GenerationTargetToDatabase.accept(GenerationTargetToDatabase.java:80)
	... 40 common frames omitted
Caused by: oracle.jdbc.OracleDatabaseException: ORA-00904: "CREATED_AT": invalid identifier

	at oracle.jdbc.driver.T4CTTIoer11.processError(T4CTTIoer11.java:717)
	... 55 common frames omitted
2026-05-28 09:46:48 [restartedMain] DEBUG org.hibernate.SQL - alter table if exists orders drop constraint UKnthkiu7pgmnqnu86i2jyoe2v7
2026-05-28 09:46:48 [restartedMain] DEBUG org.hibernate.SQL - alter table if exists orders add constraint UKnthkiu7pgmnqnu86i2jyoe2v7 unique (order_number)
2026-05-28 09:46:48 [restartedMain] DEBUG org.hibernate.SQL - create index IDX_PRODUCT_SKU on products (sku)
2026-05-28 09:46:48 [restartedMain] WARN  o.h.t.s.i.ExceptionHandlerLoggedImpl - GenerationTarget encountered exception accepting command : Error executing DDL "create index IDX_PRODUCT_SKU on products (sku)" via JDBC [ORA-00904: "SKU": invalid identifier

https://docs.oracle.com/error-help/db/ora-00904/]
org.hibernate.tool.schema.spi.CommandAcceptanceException: Error executing DDL "create index IDX_PRODUCT_SKU on products (sku)" via JDBC [ORA-00904: "SKU": invalid identifier

https://docs.oracle.com/error-help/db/ora-00904/]
	at org.hibernate.tool.schema.internal.exec.GenerationTargetToDatabase.accept(GenerationTargetToDatabase.java:94)
	at org.hibernate.tool.schema.internal.AbstractSchemaMigrator.applySqlString(AbstractSchemaMigrator.java:575)
	at org.hibernate.tool.schema.internal.AbstractSchemaMigrator.applySqlStrings(AbstractSchemaMigrator.java:515)
	at org.hibernate.tool.schema.internal.AbstractSchemaMigrator.applyIndexes(AbstractSchemaMigrator.java:360)
	at org.hibernate.tool.schema.internal.GroupedSchemaMigratorImpl.performTablesMigration(GroupedSchemaMigratorImpl.java:96)
	at org.hibernate.tool.schema.internal.AbstractSchemaMigrator.performMigration(AbstractSchemaMigrator.java:232)
	at org.hibernate.tool.schema.internal.AbstractSchemaMigrator.doMigration(AbstractSchemaMigrator.java:117)
	at org.hibernate.tool.schema.spi.SchemaManagementToolCoordinator.performDatabaseAction(SchemaManagementToolCoordinator.java:280)
	at org.hibernate.tool.schema.spi.SchemaManagementToolCoordinator.lambda$process$5(SchemaManagementToolCoordinator.java:144)
	at java.base/java.util.HashMap.forEach(HashMap.java:1429)
	at org.hibernate.tool.schema.spi.SchemaManagementToolCoordinator.process(SchemaManagementToolCoordinator.java:141)
	at org.hibernate.boot.internal.SessionFactoryObserverForSchemaExport.sessionFactoryCreated(SessionFactoryObserverForSchemaExport.java:37)
	at org.hibernate.internal.SessionFactoryObserverChain.sessionFactoryCreated(SessionFactoryObserverChain.java:35)
	at org.hibernate.internal.SessionFactoryImpl.<init>(SessionFactoryImpl.java:322)
	at org.hibernate.boot.internal.SessionFactoryBuilderImpl.build(SessionFactoryBuilderImpl.java:457)
	at org.hibernate.jpa.boot.internal.EntityManagerFactoryBuilderImpl.build(EntityManagerFactoryBuilderImpl.java:1506)
	at org.springframework.orm.jpa.vendor.SpringHibernateJpaPersistenceProvider.createContainerEntityManagerFactory(SpringHibernateJpaPersistenceProvider.java:75)
	at org.springframework.orm.jpa.LocalContainerEntityManagerFactoryBean.createNativeEntityManagerFactory(LocalContainerEntityManagerFactoryBean.java:390)
	at org.springframework.orm.jpa.AbstractEntityManagerFactoryBean.buildNativeEntityManagerFactory(AbstractEntityManagerFactoryBean.java:409)
	at org.springframework.orm.jpa.AbstractEntityManagerFactoryBean.afterPropertiesSet(AbstractEntityManagerFactoryBean.java:396)
	at org.springframework.orm.jpa.LocalContainerEntityManagerFactoryBean.afterPropertiesSet(LocalContainerEntityManagerFactoryBean.java:366)
	at org.springframework.beans.factory.support.AbstractAutowireCapableBeanFactory.invokeInitMethods(AbstractAutowireCapableBeanFactory.java:1835)
	at org.springframework.beans.factory.support.AbstractAutowireCapableBeanFactory.initializeBean(AbstractAutowireCapableBeanFactory.java:1784)
	at org.springframework.beans.factory.support.AbstractAutowireCapableBeanFactory.doCreateBean(AbstractAutowireCapableBeanFactory.java:600)
	at org.springframework.beans.factory.support.AbstractAutowireCapableBeanFactory.createBean(AbstractAutowireCapableBeanFactory.java:522)
	at org.springframework.beans.factory.support.AbstractBeanFactory.lambda$doGetBean$0(AbstractBeanFactory.java:337)
	at org.springframework.beans.factory.support.DefaultSingletonBeanRegistry.getSingleton(DefaultSingletonBeanRegistry.java:234)
	at org.springframework.beans.factory.support.AbstractBeanFactory.doGetBean(AbstractBeanFactory.java:335)
	at org.springframework.beans.factory.support.AbstractBeanFactory.getBean(AbstractBeanFactory.java:205)
	at org.springframework.context.support.AbstractApplicationContext.finishBeanFactoryInitialization(AbstractApplicationContext.java:952)
	at org.springframework.context.support.AbstractApplicationContext.refresh(AbstractApplicationContext.java:624)
	at org.springframework.boot.web.servlet.context.ServletWebServerApplicationContext.refresh(ServletWebServerApplicationContext.java:146)
	at org.springframework.boot.SpringApplication.refresh(SpringApplication.java:754)
	at org.springframework.boot.SpringApplication.refreshContext(SpringApplication.java:456)
	at org.springframework.boot.SpringApplication.run(SpringApplication.java:335)
	at org.springframework.boot.SpringApplication.run(SpringApplication.java:1363)
	at org.springframework.boot.SpringApplication.run(SpringApplication.java:1352)
	at com.apidesign.ApiDesignApplication.main(ApiDesignApplication.java:26)
	at java.base/jdk.internal.reflect.DirectMethodHandleAccessor.invoke(DirectMethodHandleAccessor.java:103)
	at java.base/java.lang.reflect.Method.invoke(Method.java:580)
	at org.springframework.boot.devtools.restart.RestartLauncher.run(RestartLauncher.java:50)
Caused by: java.sql.SQLSyntaxErrorException: ORA-00904: "SKU": invalid identifier

https://docs.oracle.com/error-help/db/ora-00904/
	at oracle.jdbc.driver.T4CTTIoer11.processError(T4CTTIoer11.java:709)
	at oracle.jdbc.driver.T4CTTIoer11.processError(T4CTTIoer11.java:609)
	at oracle.jdbc.driver.T4C8Oall.processError(T4C8Oall.java:1347)
	at oracle.jdbc.driver.T4CTTIfun.receive(T4CTTIfun.java:1101)
	at oracle.jdbc.driver.T4CTTIfun.doRPC(T4CTTIfun.java:409)
	at oracle.jdbc.driver.T4C8Oall.doOALL(T4C8Oall.java:499)
	at oracle.jdbc.driver.T4CStatement.doOall8(T4CStatement.java:190)
	at oracle.jdbc.driver.T4CStatement.executeForRows(T4CStatement.java:1384)
	at oracle.jdbc.driver.OracleStatement.executeSQLStatement(OracleStatement.java:1995)
	at oracle.jdbc.driver.OracleStatement.doExecuteWithTimeout(OracleStatement.java:1608)
	at oracle.jdbc.driver.OracleStatement.executeInternal(OracleStatement.java:2673)
	at oracle.jdbc.driver.OracleStatement.execute(OracleStatement.java:2622)
	at oracle.jdbc.driver.OracleStatementWrapper.execute(OracleStatementWrapper.java:336)
	at com.zaxxer.hikari.pool.ProxyStatement.execute(ProxyStatement.java:94)
	at com.zaxxer.hikari.pool.HikariProxyStatement.execute(HikariProxyStatement.java)
	at org.hibernate.tool.schema.internal.exec.GenerationTargetToDatabase.accept(GenerationTargetToDatabase.java:80)
	... 40 common frames omitted
Caused by: oracle.jdbc.OracleDatabaseException: ORA-00904: "SKU": invalid identifier

	at oracle.jdbc.driver.T4CTTIoer11.processError(T4CTTIoer11.java:717)
	... 55 common frames omitted
2026-05-28 09:46:48 [restartedMain] DEBUG org.hibernate.SQL - alter table if exists products drop constraint UKfhmd06dsmj6k0n90swsh8ie9g
2026-05-28 09:46:48 [restartedMain] DEBUG org.hibernate.SQL - alter table if exists products add constraint UKfhmd06dsmj6k0n90swsh8ie9g unique (sku)
2026-05-28 09:46:48 [restartedMain] DEBUG org.hibernate.SQL - alter table if exists order_items add constraint FK_ORDER_ITEM_PRODUCT foreign key (product_id) references products
2026-05-28 09:46:48 [restartedMain] WARN  o.h.t.s.i.ExceptionHandlerLoggedImpl - GenerationTarget encountered exception accepting command : Error executing DDL "alter table if exists order_items add constraint FK_ORDER_ITEM_PRODUCT foreign key (product_id) references products" via JDBC [ORA-02298: cannot validate (SYSTEM.FK_ORDER_ITEM_PRODUCT) - parent keys not found

https://docs.oracle.com/error-help/db/ora-02298/]
org.hibernate.tool.schema.spi.CommandAcceptanceException: Error executing DDL "alter table if exists order_items add constraint FK_ORDER_ITEM_PRODUCT foreign key (product_id) references products" via JDBC [ORA-02298: cannot validate (SYSTEM.FK_ORDER_ITEM_PRODUCT) - parent keys not found

https://docs.oracle.com/error-help/db/ora-02298/]
	at org.hibernate.tool.schema.internal.exec.GenerationTargetToDatabase.accept(GenerationTargetToDatabase.java:94)
	at org.hibernate.tool.schema.internal.AbstractSchemaMigrator.applySqlString(AbstractSchemaMigrator.java:575)
	at org.hibernate.tool.schema.internal.AbstractSchemaMigrator.applySqlStrings(AbstractSchemaMigrator.java:515)
	at org.hibernate.tool.schema.internal.AbstractSchemaMigrator.applyForeignKeys(AbstractSchemaMigrator.java:447)
	at org.hibernate.tool.schema.internal.AbstractSchemaMigrator.performMigration(AbstractSchemaMigrator.java:268)
	at org.hibernate.tool.schema.internal.AbstractSchemaMigrator.doMigration(AbstractSchemaMigrator.java:117)
	at org.hibernate.tool.schema.spi.SchemaManagementToolCoordinator.performDatabaseAction(SchemaManagementToolCoordinator.java:280)
	at org.hibernate.tool.schema.spi.SchemaManagementToolCoordinator.lambda$process$5(SchemaManagementToolCoordinator.java:144)
	at java.base/java.util.HashMap.forEach(HashMap.java:1429)
	at org.hibernate.tool.schema.spi.SchemaManagementToolCoordinator.process(SchemaManagementToolCoordinator.java:141)
	at org.hibernate.boot.internal.SessionFactoryObserverForSchemaExport.sessionFactoryCreated(SessionFactoryObserverForSchemaExport.java:37)
	at org.hibernate.internal.SessionFactoryObserverChain.sessionFactoryCreated(SessionFactoryObserverChain.java:35)
	at org.hibernate.internal.SessionFactoryImpl.<init>(SessionFactoryImpl.java:322)
	at org.hibernate.boot.internal.SessionFactoryBuilderImpl.build(SessionFactoryBuilderImpl.java:457)
	at org.hibernate.jpa.boot.internal.EntityManagerFactoryBuilderImpl.build(EntityManagerFactoryBuilderImpl.java:1506)
	at org.springframework.orm.jpa.vendor.SpringHibernateJpaPersistenceProvider.createContainerEntityManagerFactory(SpringHibernateJpaPersistenceProvider.java:75)
	at org.springframework.orm.jpa.LocalContainerEntityManagerFactoryBean.createNativeEntityManagerFactory(LocalContainerEntityManagerFactoryBean.java:390)
	at org.springframework.orm.jpa.AbstractEntityManagerFactoryBean.buildNativeEntityManagerFactory(AbstractEntityManagerFactoryBean.java:409)
	at org.springframework.orm.jpa.AbstractEntityManagerFactoryBean.afterPropertiesSet(AbstractEntityManagerFactoryBean.java:396)
	at org.springframework.orm.jpa.LocalContainerEntityManagerFactoryBean.afterPropertiesSet(LocalContainerEntityManagerFactoryBean.java:366)
	at org.springframework.beans.factory.support.AbstractAutowireCapableBeanFactory.invokeInitMethods(AbstractAutowireCapableBeanFactory.java:1835)
	at org.springframework.beans.factory.support.AbstractAutowireCapableBeanFactory.initializeBean(AbstractAutowireCapableBeanFactory.java:1784)
	at org.springframework.beans.factory.support.AbstractAutowireCapableBeanFactory.doCreateBean(AbstractAutowireCapableBeanFactory.java:600)
	at org.springframework.beans.factory.support.AbstractAutowireCapableBeanFactory.createBean(AbstractAutowireCapableBeanFactory.java:522)
	at org.springframework.beans.factory.support.AbstractBeanFactory.lambda$doGetBean$0(AbstractBeanFactory.java:337)
	at org.springframework.beans.factory.support.DefaultSingletonBeanRegistry.getSingleton(DefaultSingletonBeanRegistry.java:234)
	at org.springframework.beans.factory.support.AbstractBeanFactory.doGetBean(AbstractBeanFactory.java:335)
	at org.springframework.beans.factory.support.AbstractBeanFactory.getBean(AbstractBeanFactory.java:205)
	at org.springframework.context.support.AbstractApplicationContext.finishBeanFactoryInitialization(AbstractApplicationContext.java:952)
	at org.springframework.context.support.AbstractApplicationContext.refresh(AbstractApplicationContext.java:624)
	at org.springframework.boot.web.servlet.context.ServletWebServerApplicationContext.refresh(ServletWebServerApplicationContext.java:146)
	at org.springframework.boot.SpringApplication.refresh(SpringApplication.java:754)
	at org.springframework.boot.SpringApplication.refreshContext(SpringApplication.java:456)
	at org.springframework.boot.SpringApplication.run(SpringApplication.java:335)
	at org.springframework.boot.SpringApplication.run(SpringApplication.java:1363)
	at org.springframework.boot.SpringApplication.run(SpringApplication.java:1352)
	at com.apidesign.ApiDesignApplication.main(ApiDesignApplication.java:26)
	at java.base/jdk.internal.reflect.DirectMethodHandleAccessor.invoke(DirectMethodHandleAccessor.java:103)
	at java.base/java.lang.reflect.Method.invoke(Method.java:580)
	at org.springframework.boot.devtools.restart.RestartLauncher.run(RestartLauncher.java:50)
Caused by: java.sql.SQLIntegrityConstraintViolationException: ORA-02298: cannot validate (SYSTEM.FK_ORDER_ITEM_PRODUCT) - parent keys not found

https://docs.oracle.com/error-help/db/ora-02298/
	at oracle.jdbc.driver.T4CTTIoer11.processError(T4CTTIoer11.java:709)
	at oracle.jdbc.driver.T4CTTIoer11.processError(T4CTTIoer11.java:609)
	at oracle.jdbc.driver.T4C8Oall.processError(T4C8Oall.java:1347)
	at oracle.jdbc.driver.T4CTTIfun.receive(T4CTTIfun.java:1101)
	at oracle.jdbc.driver.T4CTTIfun.doRPC(T4CTTIfun.java:409)
	at oracle.jdbc.driver.T4C8Oall.doOALL(T4C8Oall.java:499)
	at oracle.jdbc.driver.T4CStatement.doOall8(T4CStatement.java:190)
	at oracle.jdbc.driver.T4CStatement.executeForRows(T4CStatement.java:1384)
	at oracle.jdbc.driver.OracleStatement.executeSQLStatement(OracleStatement.java:1995)
	at oracle.jdbc.driver.OracleStatement.doExecuteWithTimeout(OracleStatement.java:1608)
	at oracle.jdbc.driver.OracleStatement.executeInternal(OracleStatement.java:2673)
	at oracle.jdbc.driver.OracleStatement.execute(OracleStatement.java:2622)
	at oracle.jdbc.driver.OracleStatementWrapper.execute(OracleStatementWrapper.java:336)
	at com.zaxxer.hikari.pool.ProxyStatement.execute(ProxyStatement.java:94)
	at com.zaxxer.hikari.pool.HikariProxyStatement.execute(HikariProxyStatement.java)
	at org.hibernate.tool.schema.internal.exec.GenerationTargetToDatabase.accept(GenerationTargetToDatabase.java:80)
	... 39 common frames omitted
Caused by: oracle.jdbc.OracleDatabaseException: ORA-02298: cannot validate (SYSTEM.FK_ORDER_ITEM_PRODUCT) - parent keys not found

	at oracle.jdbc.driver.T4CTTIoer11.processError(T4CTTIoer11.java:717)
	... 54 common frames omitted
2026-05-28 09:46:48 [restartedMain] DEBUG org.hibernate.SQL - alter table if exists orders add constraint FK_ORDER_USER foreign key (user_id) references users
2026-05-28 09:46:48 [restartedMain] WARN  o.h.t.s.i.ExceptionHandlerLoggedImpl - GenerationTarget encountered exception accepting command : Error executing DDL "alter table if exists orders add constraint FK_ORDER_USER foreign key (user_id) references users" via JDBC [ORA-00904: "USER_ID": invalid identifier

https://docs.oracle.com/error-help/db/ora-00904/]
org.hibernate.tool.schema.spi.CommandAcceptanceException: Error executing DDL "alter table if exists orders add constraint FK_ORDER_USER foreign key (user_id) references users" via JDBC [ORA-00904: "USER_ID": invalid identifier

https://docs.oracle.com/error-help/db/ora-00904/]
	at org.hibernate.tool.schema.internal.exec.GenerationTargetToDatabase.accept(GenerationTargetToDatabase.java:94)
	at org.hibernate.tool.schema.internal.AbstractSchemaMigrator.applySqlString(AbstractSchemaMigrator.java:575)
	at org.hibernate.tool.schema.internal.AbstractSchemaMigrator.applySqlStrings(AbstractSchemaMigrator.java:515)
	at org.hibernate.tool.schema.internal.AbstractSchemaMigrator.applyForeignKeys(AbstractSchemaMigrator.java:447)
	at org.hibernate.tool.schema.internal.AbstractSchemaMigrator.performMigration(AbstractSchemaMigrator.java:268)
	at org.hibernate.tool.schema.internal.AbstractSchemaMigrator.doMigration(AbstractSchemaMigrator.java:117)
	at org.hibernate.tool.schema.spi.SchemaManagementToolCoordinator.performDatabaseAction(SchemaManagementToolCoordinator.java:280)
	at org.hibernate.tool.schema.spi.SchemaManagementToolCoordinator.lambda$process$5(SchemaManagementToolCoordinator.java:144)
	at java.base/java.util.HashMap.forEach(HashMap.java:1429)
	at org.hibernate.tool.schema.spi.SchemaManagementToolCoordinator.process(SchemaManagementToolCoordinator.java:141)
	at org.hibernate.boot.internal.SessionFactoryObserverForSchemaExport.sessionFactoryCreated(SessionFactoryObserverForSchemaExport.java:37)
	at org.hibernate.internal.SessionFactoryObserverChain.sessionFactoryCreated(SessionFactoryObserverChain.java:35)
	at org.hibernate.internal.SessionFactoryImpl.<init>(SessionFactoryImpl.java:322)
	at org.hibernate.boot.internal.SessionFactoryBuilderImpl.build(SessionFactoryBuilderImpl.java:457)
	at org.hibernate.jpa.boot.internal.EntityManagerFactoryBuilderImpl.build(EntityManagerFactoryBuilderImpl.java:1506)
	at org.springframework.orm.jpa.vendor.SpringHibernateJpaPersistenceProvider.createContainerEntityManagerFactory(SpringHibernateJpaPersistenceProvider.java:75)
	at org.springframework.orm.jpa.LocalContainerEntityManagerFactoryBean.createNativeEntityManagerFactory(LocalContainerEntityManagerFactoryBean.java:390)
	at org.springframework.orm.jpa.AbstractEntityManagerFactoryBean.buildNativeEntityManagerFactory(AbstractEntityManagerFactoryBean.java:409)
	at org.springframework.orm.jpa.AbstractEntityManagerFactoryBean.afterPropertiesSet(AbstractEntityManagerFactoryBean.java:396)
	at org.springframework.orm.jpa.LocalContainerEntityManagerFactoryBean.afterPropertiesSet(LocalContainerEntityManagerFactoryBean.java:366)
	at org.springframework.beans.factory.support.AbstractAutowireCapableBeanFactory.invokeInitMethods(AbstractAutowireCapableBeanFactory.java:1835)
	at org.springframework.beans.factory.support.AbstractAutowireCapableBeanFactory.initializeBean(AbstractAutowireCapableBeanFactory.java:1784)
	at org.springframework.beans.factory.support.AbstractAutowireCapableBeanFactory.doCreateBean(AbstractAutowireCapableBeanFactory.java:600)
	at org.springframework.beans.factory.support.AbstractAutowireCapableBeanFactory.createBean(AbstractAutowireCapableBeanFactory.java:522)
	at org.springframework.beans.factory.support.AbstractBeanFactory.lambda$doGetBean$0(AbstractBeanFactory.java:337)
	at org.springframework.beans.factory.support.DefaultSingletonBeanRegistry.getSingleton(DefaultSingletonBeanRegistry.java:234)
	at org.springframework.beans.factory.support.AbstractBeanFactory.doGetBean(AbstractBeanFactory.java:335)
	at org.springframework.beans.factory.support.AbstractBeanFactory.getBean(AbstractBeanFactory.java:205)
	at org.springframework.context.support.AbstractApplicationContext.finishBeanFactoryInitialization(AbstractApplicationContext.java:952)
	at org.springframework.context.support.AbstractApplicationContext.refresh(AbstractApplicationContext.java:624)
	at org.springframework.boot.web.servlet.context.ServletWebServerApplicationContext.refresh(ServletWebServerApplicationContext.java:146)
	at org.springframework.boot.SpringApplication.refresh(SpringApplication.java:754)
	at org.springframework.boot.SpringApplication.refreshContext(SpringApplication.java:456)
	at org.springframework.boot.SpringApplication.run(SpringApplication.java:335)
	at org.springframework.boot.SpringApplication.run(SpringApplication.java:1363)
	at org.springframework.boot.SpringApplication.run(SpringApplication.java:1352)
	at com.apidesign.ApiDesignApplication.main(ApiDesignApplication.java:26)
	at java.base/jdk.internal.reflect.DirectMethodHandleAccessor.invoke(DirectMethodHandleAccessor.java:103)
	at java.base/java.lang.reflect.Method.invoke(Method.java:580)
	at org.springframework.boot.devtools.restart.RestartLauncher.run(RestartLauncher.java:50)
Caused by: java.sql.SQLSyntaxErrorException: ORA-00904: "USER_ID": invalid identifier

https://docs.oracle.com/error-help/db/ora-00904/
	at oracle.jdbc.driver.T4CTTIoer11.processError(T4CTTIoer11.java:709)
	at oracle.jdbc.driver.T4CTTIoer11.processError(T4CTTIoer11.java:609)
	at oracle.jdbc.driver.T4C8Oall.processError(T4C8Oall.java:1347)
	at oracle.jdbc.driver.T4CTTIfun.receive(T4CTTIfun.java:1101)
	at oracle.jdbc.driver.T4CTTIfun.doRPC(T4CTTIfun.java:409)
	at oracle.jdbc.driver.T4C8Oall.doOALL(T4C8Oall.java:499)
	at oracle.jdbc.driver.T4CStatement.doOall8(T4CStatement.java:190)
	at oracle.jdbc.driver.T4CStatement.executeForRows(T4CStatement.java:1384)
	at oracle.jdbc.driver.OracleStatement.executeSQLStatement(OracleStatement.java:1995)
	at oracle.jdbc.driver.OracleStatement.doExecuteWithTimeout(OracleStatement.java:1608)
	at oracle.jdbc.driver.OracleStatement.executeInternal(OracleStatement.java:2673)
	at oracle.jdbc.driver.OracleStatement.execute(OracleStatement.java:2622)
	at oracle.jdbc.driver.OracleStatementWrapper.execute(OracleStatementWrapper.java:336)
	at com.zaxxer.hikari.pool.ProxyStatement.execute(ProxyStatement.java:94)
	at com.zaxxer.hikari.pool.HikariProxyStatement.execute(HikariProxyStatement.java)
	at org.hibernate.tool.schema.internal.exec.GenerationTargetToDatabase.accept(GenerationTargetToDatabase.java:80)
	... 39 common frames omitted
Caused by: oracle.jdbc.OracleDatabaseException: ORA-00904: "USER_ID": invalid identifier

	at oracle.jdbc.driver.T4CTTIoer11.processError(T4CTTIoer11.java:717)
	... 54 common frames omitted
2026-05-28 09:46:48 [restartedMain] INFO  o.s.o.j.LocalContainerEntityManagerFactoryBean - Initialized JPA EntityManagerFactory for persistence unit 'default'
2026-05-28 09:46:48 [restartedMain] INFO  o.s.d.j.r.query.QueryEnhancerFactory - Hibernate is in classpath; If applicable, HQL parser will be used.
2026-05-28 09:46:49 [restartedMain] DEBUG o.s.w.s.m.m.a.RequestMappingHandlerMapping - 24 mappings in 'requestMappingHandlerMapping'
2026-05-28 09:46:49 [restartedMain] DEBUG o.s.w.s.h.SimpleUrlHandlerMapping - Patterns [/webjars/**, /**] in 'resourceHandlerMapping'
2026-05-28 09:46:49 [restartedMain] DEBUG o.s.w.s.m.m.a.RequestMappingHandlerAdapter - ControllerAdvice beans: 0 @ModelAttribute, 0 @InitBinder, 1 RequestBodyAdvice, 1 ResponseBodyAdvice
2026-05-28 09:46:49 [restartedMain] DEBUG o.s.w.s.m.m.a.ExceptionHandlerExceptionResolver - ControllerAdvice beans: 1 @ExceptionHandler, 1 ResponseBodyAdvice
2026-05-28 09:46:50 [restartedMain] INFO  o.s.b.d.a.OptionalLiveReloadServer - LiveReload server is running on port 35729
2026-05-28 09:46:50 [restartedMain] INFO  o.s.b.w.e.tomcat.TomcatWebServer - Tomcat started on port 8080 (http) with context path '/api/v1'
2026-05-28 09:46:50 [restartedMain] INFO  com.apidesign.ApiDesignApplication - Started ApiDesignApplication in 5.854 seconds (process running for 6.168)
2026-05-28 09:48:32 [File Watcher] INFO  o.s.b.d.a.LocalDevToolsAutoConfiguration$RestartingClassPathChangeChangedEventListener - Restarting due to 1 class path change (0 additions, 0 deletions, 1 modification)
2026-05-28 09:48:32 [Thread-7] INFO  o.s.o.j.LocalContainerEntityManagerFactoryBean - Closing JPA EntityManagerFactory for persistence unit 'default'
2026-05-28 09:48:32 [Thread-7] INFO  com.zaxxer.hikari.HikariDataSource - HikariPool-1 - Shutdown initiated...
2026-05-28 09:48:32 [Thread-7] INFO  com.zaxxer.hikari.HikariDataSource - HikariPool-1 - Shutdown completed.
2026-05-28 09:48:32 [restartedMain] INFO  com.apidesign.ApiDesignApplication - Starting ApiDesignApplication using Java 21.0.8 with PID 13240 (D:\DevZone\repository\springrepo\APIDesign\target\classes started by Cardinal in D:\DevZone\repository\springrepo\APIDesign)
2026-05-28 09:48:32 [restartedMain] DEBUG com.apidesign.ApiDesignApplication - Running with Spring Boot v3.3.0, Spring v6.1.8
2026-05-28 09:48:32 [restartedMain] INFO  com.apidesign.ApiDesignApplication - The following 1 profile is active: "local"
2026-05-28 09:48:32 [restartedMain] INFO  o.s.d.r.c.RepositoryConfigurationDelegate - Bootstrapping Spring Data JPA repositories in DEFAULT mode.
2026-05-28 09:48:32 [restartedMain] INFO  o.s.d.r.c.RepositoryConfigurationDelegate - Finished Spring Data repository scanning in 17 ms. Found 4 JPA repository interfaces.
2026-05-28 09:48:33 [restartedMain] INFO  o.s.b.w.e.tomcat.TomcatWebServer - Tomcat initialized with port 8080 (http)
2026-05-28 09:48:33 [restartedMain] INFO  o.a.catalina.core.StandardService - Starting service [Tomcat]
2026-05-28 09:48:33 [restartedMain] INFO  o.a.catalina.core.StandardEngine - Starting Servlet engine: [Apache Tomcat/10.1.24]
2026-05-28 09:48:33 [restartedMain] INFO  o.a.c.c.C.[.[localhost].[/api/v1] - Initializing Spring embedded WebApplicationContext
2026-05-28 09:48:33 [restartedMain] INFO  o.s.b.w.s.c.ServletWebServerApplicationContext - Root WebApplicationContext: initialization completed in 500 ms
2026-05-28 09:48:33 [restartedMain] INFO  o.h.jpa.internal.util.LogHelper - HHH000204: Processing PersistenceUnitInfo [name: default]
2026-05-28 09:48:33 [restartedMain] INFO  o.h.c.i.RegionFactoryInitiator - HHH000026: Second-level cache disabled
2026-05-28 09:48:33 [restartedMain] INFO  o.s.o.j.p.SpringPersistenceUnitInfo - No LoadTimeWeaver setup: ignoring JPA class transformer
2026-05-28 09:48:33 [restartedMain] INFO  com.zaxxer.hikari.HikariDataSource - HikariPool-2 - Starting...
2026-05-28 09:48:33 [restartedMain] INFO  com.zaxxer.hikari.pool.HikariPool - HikariPool-2 - Added connection oracle.jdbc.driver.T4CConnection@4fa32a09
2026-05-28 09:48:33 [restartedMain] INFO  com.zaxxer.hikari.HikariDataSource - HikariPool-2 - Start completed.
2026-05-28 09:48:33 [restartedMain] WARN  org.hibernate.orm.deprecation - HHH90000025: OracleDialect does not need to be specified explicitly using 'hibernate.dialect' (remove the property setting and it will be selected by default)
2026-05-28 09:48:33 [restartedMain] INFO  o.h.e.t.j.p.i.JtaPlatformInitiator - HHH000489: No JTA platform available (set 'hibernate.transaction.jta.platform' to enable JTA platform integration)
2026-05-28 09:48:33 [restartedMain] DEBUG org.hibernate.SQL - drop table if exists order_items cascade constraints
2026-05-28 09:48:33 [restartedMain] INFO  o.hibernate.orm.connections.access - HHH10001501: Connection obtained from JdbcConnectionAccess [org.hibernate.engine.jdbc.env.internal.JdbcEnvironmentInitiator$ConnectionProviderJdbcConnectionAccess@378331ec] for (non-JTA) DDL execution was not in auto-commit mode; the Connection 'local transaction' will be committed and the Connection will be set into auto-commit mode.
2026-05-28 09:48:34 [restartedMain] DEBUG org.hibernate.SQL - drop table if exists orders cascade constraints
2026-05-28 09:48:34 [restartedMain] DEBUG org.hibernate.SQL - drop table if exists products cascade constraints
2026-05-28 09:48:34 [restartedMain] DEBUG org.hibernate.SQL - drop table if exists users cascade constraints
2026-05-28 09:48:34 [restartedMain] DEBUG org.hibernate.SQL - drop sequence id_seq
2026-05-28 09:48:34 [restartedMain] DEBUG org.hibernate.SQL - create sequence id_seq start with 1 increment by 1
2026-05-28 09:48:34 [restartedMain] INFO  o.hibernate.orm.connections.access - HHH10001501: Connection obtained from JdbcConnectionAccess [org.hibernate.engine.jdbc.env.internal.JdbcEnvironmentInitiator$ConnectionProviderJdbcConnectionAccess@7c69b857] for (non-JTA) DDL execution was not in auto-commit mode; the Connection 'local transaction' will be committed and the Connection will be set into auto-commit mode.
2026-05-28 09:48:34 [restartedMain] DEBUG org.hibernate.SQL - create table order_items (discount number(10,2), unit_price number(10,2) not null, created_at timestamp(6) not null, id number(19,0) not null, order_id number(19,0) not null, product_id number(19,0) not null, quantity number(19,0) not null, updated_at timestamp(6), created_by varchar2(50 char), product_sku varchar2(50 char) not null, updated_by varchar2(50 char), product_name varchar2(100 char) not null, notes varchar2(200 char), primary key (id))
2026-05-28 09:48:34 [restartedMain] DEBUG org.hibernate.SQL - create table orders (total_amount number(12,2) not null, created_at timestamp(6) not null, estimated_delivery timestamp(6), id number(19,0) not null, updated_at timestamp(6), user_id number(19,0) not null, order_status varchar2(20 char) not null, created_by varchar2(50 char), order_number varchar2(50 char) not null unique, updated_by varchar2(50 char), notes varchar2(500 char), shipping_address varchar2(255 char), primary key (id))
2026-05-28 09:48:34 [restartedMain] DEBUG org.hibernate.SQL - create table products (is_available number(1,0) not null check (is_available in (0,1)), price number(10,2) not null, created_at timestamp(6) not null, id number(19,0) not null, min_stock_level number(19,0), stock_quantity number(19,0) not null, updated_at timestamp(6), category varchar2(50 char), created_by varchar2(50 char), sku varchar2(50 char) not null unique, updated_by varchar2(50 char), name varchar2(100 char) not null, supplier varchar2(100 char), description varchar2(500 char), primary key (id))
2026-05-28 09:48:34 [restartedMain] DEBUG org.hibernate.SQL - create table users (is_active number(1,0) not null check (is_active in (0,1)), created_at timestamp(6) not null, id number(19,0) not null, updated_at timestamp(6), phone_number varchar2(20 char) not null, user_type varchar2(20 char), zipcode varchar2(20 char), city varchar2(50 char), created_by varchar2(50 char), first_name varchar2(50 char) not null, last_name varchar2(50 char) not null, state varchar2(50 char), updated_by varchar2(50 char), email varchar2(100 char) not null unique, address varchar2(255 char), primary key (id))
2026-05-28 09:48:34 [restartedMain] DEBUG org.hibernate.SQL - create index IDX_ORDER_ITEM_ORDER on order_items (order_id)
2026-05-28 09:48:34 [restartedMain] DEBUG org.hibernate.SQL - create index IDX_ORDER_ITEM_PRODUCT on order_items (product_id)
2026-05-28 09:48:34 [restartedMain] DEBUG org.hibernate.SQL - create index IDX_ORDER_USER on orders (user_id)
2026-05-28 09:48:34 [restartedMain] DEBUG org.hibernate.SQL - create index IDX_ORDER_STATUS on orders (order_status)
2026-05-28 09:48:34 [restartedMain] DEBUG org.hibernate.SQL - create index IDX_ORDER_CREATED_AT on orders (created_at)
2026-05-28 09:48:34 [restartedMain] DEBUG org.hibernate.SQL - create index IDX_PRODUCT_CATEGORY on products (category)
2026-05-28 09:48:34 [restartedMain] DEBUG org.hibernate.SQL - create index IDX_PRODUCT_SKU on products (sku)
2026-05-28 09:48:34 [restartedMain] WARN  o.h.t.s.i.ExceptionHandlerLoggedImpl - GenerationTarget encountered exception accepting command : Error executing DDL "create index IDX_PRODUCT_SKU on products (sku)" via JDBC [ORA-01408: such column list already indexed

https://docs.oracle.com/error-help/db/ora-01408/]
org.hibernate.tool.schema.spi.CommandAcceptanceException: Error executing DDL "create index IDX_PRODUCT_SKU on products (sku)" via JDBC [ORA-01408: such column list already indexed

https://docs.oracle.com/error-help/db/ora-01408/]
	at org.hibernate.tool.schema.internal.exec.GenerationTargetToDatabase.accept(GenerationTargetToDatabase.java:94) ~[hibernate-core-6.5.2.Final.jar:6.5.2.Final]
	at org.hibernate.tool.schema.internal.Helper.applySqlString(Helper.java:233) ~[hibernate-core-6.5.2.Final.jar:6.5.2.Final]
	at org.hibernate.tool.schema.internal.Helper.applySqlStrings(Helper.java:217) ~[hibernate-core-6.5.2.Final.jar:6.5.2.Final]
	at org.hibernate.tool.schema.internal.SchemaCreatorImpl.createTableConstraints(SchemaCreatorImpl.java:390) ~[hibernate-core-6.5.2.Final.jar:6.5.2.Final]
	at org.hibernate.tool.schema.internal.SchemaCreatorImpl.createSequencesTablesConstraints(SchemaCreatorImpl.java:356) ~[hibernate-core-6.5.2.Final.jar:6.5.2.Final]
	at org.hibernate.tool.schema.internal.SchemaCreatorImpl.createFromMetadata(SchemaCreatorImpl.java:239) ~[hibernate-core-6.5.2.Final.jar:6.5.2.Final]
	at org.hibernate.tool.schema.internal.SchemaCreatorImpl.performCreation(SchemaCreatorImpl.java:172) ~[hibernate-core-6.5.2.Final.jar:6.5.2.Final]
	at org.hibernate.tool.schema.internal.SchemaCreatorImpl.doCreation(SchemaCreatorImpl.java:142) ~[hibernate-core-6.5.2.Final.jar:6.5.2.Final]
	at org.hibernate.tool.schema.internal.SchemaCreatorImpl.doCreation(SchemaCreatorImpl.java:118) ~[hibernate-core-6.5.2.Final.jar:6.5.2.Final]
	at org.hibernate.tool.schema.spi.SchemaManagementToolCoordinator.performDatabaseAction(SchemaManagementToolCoordinator.java:250) ~[hibernate-core-6.5.2.Final.jar:6.5.2.Final]
	at org.hibernate.tool.schema.spi.SchemaManagementToolCoordinator.lambda$process$5(SchemaManagementToolCoordinator.java:144) ~[hibernate-core-6.5.2.Final.jar:6.5.2.Final]
	at java.base/java.util.HashMap.forEach(HashMap.java:1429) ~[na:na]
	at org.hibernate.tool.schema.spi.SchemaManagementToolCoordinator.process(SchemaManagementToolCoordinator.java:141) ~[hibernate-core-6.5.2.Final.jar:6.5.2.Final]
	at org.hibernate.boot.internal.SessionFactoryObserverForSchemaExport.sessionFactoryCreated(SessionFactoryObserverForSchemaExport.java:37) ~[hibernate-core-6.5.2.Final.jar:6.5.2.Final]
	at org.hibernate.internal.SessionFactoryObserverChain.sessionFactoryCreated(SessionFactoryObserverChain.java:35) ~[hibernate-core-6.5.2.Final.jar:6.5.2.Final]
	at org.hibernate.internal.SessionFactoryImpl.<init>(SessionFactoryImpl.java:322) ~[hibernate-core-6.5.2.Final.jar:6.5.2.Final]
	at org.hibernate.boot.internal.SessionFactoryBuilderImpl.build(SessionFactoryBuilderImpl.java:457) ~[hibernate-core-6.5.2.Final.jar:6.5.2.Final]
	at org.hibernate.jpa.boot.internal.EntityManagerFactoryBuilderImpl.build(EntityManagerFactoryBuilderImpl.java:1506) ~[hibernate-core-6.5.2.Final.jar:6.5.2.Final]
	at org.springframework.orm.jpa.vendor.SpringHibernateJpaPersistenceProvider.createContainerEntityManagerFactory(SpringHibernateJpaPersistenceProvider.java:75) ~[spring-orm-6.1.8.jar:6.1.8]
	at org.springframework.orm.jpa.LocalContainerEntityManagerFactoryBean.createNativeEntityManagerFactory(LocalContainerEntityManagerFactoryBean.java:390) ~[spring-orm-6.1.8.jar:6.1.8]
	at org.springframework.orm.jpa.AbstractEntityManagerFactoryBean.buildNativeEntityManagerFactory(AbstractEntityManagerFactoryBean.java:409) ~[spring-orm-6.1.8.jar:6.1.8]
	at org.springframework.orm.jpa.AbstractEntityManagerFactoryBean.afterPropertiesSet(AbstractEntityManagerFactoryBean.java:396) ~[spring-orm-6.1.8.jar:6.1.8]
	at org.springframework.orm.jpa.LocalContainerEntityManagerFactoryBean.afterPropertiesSet(LocalContainerEntityManagerFactoryBean.java:366) ~[spring-orm-6.1.8.jar:6.1.8]
	at org.springframework.beans.factory.support.AbstractAutowireCapableBeanFactory.invokeInitMethods(AbstractAutowireCapableBeanFactory.java:1835) ~[spring-beans-6.1.8.jar:6.1.8]
	at org.springframework.beans.factory.support.AbstractAutowireCapableBeanFactory.initializeBean(AbstractAutowireCapableBeanFactory.java:1784) ~[spring-beans-6.1.8.jar:6.1.8]
	at org.springframework.beans.factory.support.AbstractAutowireCapableBeanFactory.doCreateBean(AbstractAutowireCapableBeanFactory.java:600) ~[spring-beans-6.1.8.jar:6.1.8]
	at org.springframework.beans.factory.support.AbstractAutowireCapableBeanFactory.createBean(AbstractAutowireCapableBeanFactory.java:522) ~[spring-beans-6.1.8.jar:6.1.8]
	at org.springframework.beans.factory.support.AbstractBeanFactory.lambda$doGetBean$0(AbstractBeanFactory.java:337) ~[spring-beans-6.1.8.jar:6.1.8]
	at org.springframework.beans.factory.support.DefaultSingletonBeanRegistry.getSingleton(DefaultSingletonBeanRegistry.java:234) ~[spring-beans-6.1.8.jar:6.1.8]
	at org.springframework.beans.factory.support.AbstractBeanFactory.doGetBean(AbstractBeanFactory.java:335) ~[spring-beans-6.1.8.jar:6.1.8]
	at org.springframework.beans.factory.support.AbstractBeanFactory.getBean(AbstractBeanFactory.java:205) ~[spring-beans-6.1.8.jar:6.1.8]
	at org.springframework.context.support.AbstractApplicationContext.finishBeanFactoryInitialization(AbstractApplicationContext.java:952) ~[spring-context-6.1.8.jar:6.1.8]
	at org.springframework.context.support.AbstractApplicationContext.refresh(AbstractApplicationContext.java:624) ~[spring-context-6.1.8.jar:6.1.8]
	at org.springframework.boot.web.servlet.context.ServletWebServerApplicationContext.refresh(ServletWebServerApplicationContext.java:146) ~[spring-boot-3.3.0.jar:3.3.0]
	at org.springframework.boot.SpringApplication.refresh(SpringApplication.java:754) ~[spring-boot-3.3.0.jar:3.3.0]
	at org.springframework.boot.SpringApplication.refreshContext(SpringApplication.java:456) ~[spring-boot-3.3.0.jar:3.3.0]
	at org.springframework.boot.SpringApplication.run(SpringApplication.java:335) ~[spring-boot-3.3.0.jar:3.3.0]
	at org.springframework.boot.SpringApplication.run(SpringApplication.java:1363) ~[spring-boot-3.3.0.jar:3.3.0]
	at org.springframework.boot.SpringApplication.run(SpringApplication.java:1352) ~[spring-boot-3.3.0.jar:3.3.0]
	at com.apidesign.ApiDesignApplication.main(ApiDesignApplication.java:26) ~[classes/:na]
	at java.base/jdk.internal.reflect.DirectMethodHandleAccessor.invoke(DirectMethodHandleAccessor.java:103) ~[na:na]
	at java.base/java.lang.reflect.Method.invoke(Method.java:580) ~[na:na]
	at org.springframework.boot.devtools.restart.RestartLauncher.run(RestartLauncher.java:50) ~[spring-boot-devtools-3.3.0.jar:3.3.0]
Caused by: java.sql.SQLException: ORA-01408: such column list already indexed

https://docs.oracle.com/error-help/db/ora-01408/
	at oracle.jdbc.driver.T4CTTIoer11.processError(T4CTTIoer11.java:709) ~[ojdbc11-23.4.0.24.05.jar:23.4.0.24.05]
	at oracle.jdbc.driver.T4CTTIoer11.processError(T4CTTIoer11.java:609) ~[ojdbc11-23.4.0.24.05.jar:23.4.0.24.05]
	at oracle.jdbc.driver.T4C8Oall.processError(T4C8Oall.java:1347) ~[ojdbc11-23.4.0.24.05.jar:23.4.0.24.05]
	at oracle.jdbc.driver.T4CTTIfun.receive(T4CTTIfun.java:1101) ~[ojdbc11-23.4.0.24.05.jar:23.4.0.24.05]
	at oracle.jdbc.driver.T4CTTIfun.doRPC(T4CTTIfun.java:409) ~[ojdbc11-23.4.0.24.05.jar:23.4.0.24.05]
	at oracle.jdbc.driver.T4C8Oall.doOALL(T4C8Oall.java:499) ~[ojdbc11-23.4.0.24.05.jar:23.4.0.24.05]
	at oracle.jdbc.driver.T4CStatement.doOall8(T4CStatement.java:190) ~[ojdbc11-23.4.0.24.05.jar:23.4.0.24.05]
	at oracle.jdbc.driver.T4CStatement.executeForRows(T4CStatement.java:1384) ~[ojdbc11-23.4.0.24.05.jar:23.4.0.24.05]
	at oracle.jdbc.driver.OracleStatement.executeSQLStatement(OracleStatement.java:1995) ~[ojdbc11-23.4.0.24.05.jar:23.4.0.24.05]
	at oracle.jdbc.driver.OracleStatement.doExecuteWithTimeout(OracleStatement.java:1608) ~[ojdbc11-23.4.0.24.05.jar:23.4.0.24.05]
	at oracle.jdbc.driver.OracleStatement.executeInternal(OracleStatement.java:2673) ~[ojdbc11-23.4.0.24.05.jar:23.4.0.24.05]
	at oracle.jdbc.driver.OracleStatement.execute(OracleStatement.java:2622) ~[ojdbc11-23.4.0.24.05.jar:23.4.0.24.05]
	at oracle.jdbc.driver.OracleStatementWrapper.execute(OracleStatementWrapper.java:336) ~[ojdbc11-23.4.0.24.05.jar:23.4.0.24.05]
	at com.zaxxer.hikari.pool.ProxyStatement.execute(ProxyStatement.java:94) ~[HikariCP-5.1.0.jar:na]
	at com.zaxxer.hikari.pool.HikariProxyStatement.execute(HikariProxyStatement.java) ~[HikariCP-5.1.0.jar:na]
	at org.hibernate.tool.schema.internal.exec.GenerationTargetToDatabase.accept(GenerationTargetToDatabase.java:80) ~[hibernate-core-6.5.2.Final.jar:6.5.2.Final]
	... 42 common frames omitted
Caused by: oracle.jdbc.OracleDatabaseException: ORA-01408: such column list already indexed

	at oracle.jdbc.driver.T4CTTIoer11.processError(T4CTTIoer11.java:717) ~[ojdbc11-23.4.0.24.05.jar:23.4.0.24.05]
	... 57 common frames omitted
2026-05-28 09:48:34 [restartedMain] DEBUG org.hibernate.SQL - alter table if exists order_items add constraint FK_ORDER_ITEM_ORDER foreign key (order_id) references orders
2026-05-28 09:48:34 [restartedMain] DEBUG org.hibernate.SQL - alter table if exists order_items add constraint FK_ORDER_ITEM_PRODUCT foreign key (product_id) references products
2026-05-28 09:48:34 [restartedMain] DEBUG org.hibernate.SQL - alter table if exists orders add constraint FK_ORDER_USER foreign key (user_id) references users
2026-05-28 09:48:34 [restartedMain] INFO  o.s.o.j.LocalContainerEntityManagerFactoryBean - Initialized JPA EntityManagerFactory for persistence unit 'default'
2026-05-28 09:48:35 [restartedMain] DEBUG o.s.w.s.m.m.a.RequestMappingHandlerMapping - 24 mappings in 'requestMappingHandlerMapping'
2026-05-28 09:48:35 [restartedMain] DEBUG o.s.w.s.h.SimpleUrlHandlerMapping - Patterns [/webjars/**, /**] in 'resourceHandlerMapping'
2026-05-28 09:48:35 [restartedMain] DEBUG o.s.w.s.m.m.a.RequestMappingHandlerAdapter - ControllerAdvice beans: 0 @ModelAttribute, 0 @InitBinder, 1 RequestBodyAdvice, 1 ResponseBodyAdvice
2026-05-28 09:48:35 [restartedMain] DEBUG o.s.w.s.m.m.a.ExceptionHandlerExceptionResolver - ControllerAdvice beans: 1 @ExceptionHandler, 1 ResponseBodyAdvice
2026-05-28 09:48:36 [restartedMain] INFO  o.s.b.d.a.OptionalLiveReloadServer - LiveReload server is running on port 35729
2026-05-28 09:48:36 [restartedMain] INFO  o.s.b.w.e.tomcat.TomcatWebServer - Tomcat started on port 8080 (http) with context path '/api/v1'
2026-05-28 09:48:36 [restartedMain] INFO  com.apidesign.ApiDesignApplication - Started ApiDesignApplication in 3.601 seconds (process running for 112.291)
2026-05-28 09:48:36 [restartedMain] INFO  o.s.b.d.a.ConditionEvaluationDeltaLoggingListener - Condition evaluation unchanged
2026-05-28 09:50:07 [File Watcher] INFO  o.s.b.d.a.LocalDevToolsAutoConfiguration$RestartingClassPathChangeChangedEventListener - Restarting due to 1 class path change (0 additions, 0 deletions, 1 modification)
2026-05-28 09:50:07 [Thread-9] INFO  o.s.o.j.LocalContainerEntityManagerFactoryBean - Closing JPA EntityManagerFactory for persistence unit 'default'
2026-05-28 09:50:07 [Thread-9] DEBUG org.hibernate.SQL - drop table if exists order_items cascade constraints
2026-05-28 09:50:07 [Thread-9] INFO  o.hibernate.orm.connections.access - HHH10001501: Connection obtained from JdbcConnectionAccess [org.hibernate.engine.jdbc.env.internal.JdbcEnvironmentInitiator$ConnectionProviderJdbcConnectionAccess@2ffca319] for (non-JTA) DDL execution was not in auto-commit mode; the Connection 'local transaction' will be committed and the Connection will be set into auto-commit mode.
2026-05-28 09:50:07 [Thread-9] DEBUG org.hibernate.SQL - drop table if exists orders cascade constraints
2026-05-28 09:50:07 [Thread-9] DEBUG org.hibernate.SQL - drop table if exists products cascade constraints
2026-05-28 09:50:07 [Thread-9] DEBUG org.hibernate.SQL - drop table if exists users cascade constraints
2026-05-28 09:50:08 [Thread-9] DEBUG org.hibernate.SQL - drop sequence id_seq
2026-05-28 09:50:08 [Thread-9] INFO  com.zaxxer.hikari.HikariDataSource - HikariPool-2 - Shutdown initiated...
2026-05-28 09:50:08 [Thread-9] INFO  com.zaxxer.hikari.HikariDataSource - HikariPool-2 - Shutdown completed.
2026-05-28 09:50:08 [restartedMain] INFO  com.apidesign.ApiDesignApplication - Starting ApiDesignApplication using Java 21.0.8 with PID 13240 (D:\DevZone\repository\springrepo\APIDesign\target\classes started by Cardinal in D:\DevZone\repository\springrepo\APIDesign)
2026-05-28 09:50:08 [restartedMain] DEBUG com.apidesign.ApiDesignApplication - Running with Spring Boot v3.3.0, Spring v6.1.8
2026-05-28 09:50:08 [restartedMain] INFO  com.apidesign.ApiDesignApplication - The following 1 profile is active: "local"
2026-05-28 09:50:08 [restartedMain] INFO  o.s.d.r.c.RepositoryConfigurationDelegate - Bootstrapping Spring Data JPA repositories in DEFAULT mode.
2026-05-28 09:50:08 [restartedMain] INFO  o.s.d.r.c.RepositoryConfigurationDelegate - Finished Spring Data repository scanning in 21 ms. Found 4 JPA repository interfaces.
2026-05-28 09:50:08 [restartedMain] INFO  o.s.b.w.e.tomcat.TomcatWebServer - Tomcat initialized with port 8080 (http)
2026-05-28 09:50:08 [restartedMain] INFO  o.a.catalina.core.StandardService - Starting service [Tomcat]
2026-05-28 09:50:08 [restartedMain] INFO  o.a.catalina.core.StandardEngine - Starting Servlet engine: [Apache Tomcat/10.1.24]
2026-05-28 09:50:08 [restartedMain] INFO  o.a.c.c.C.[.[localhost].[/api/v1] - Initializing Spring embedded WebApplicationContext
2026-05-28 09:50:08 [restartedMain] INFO  o.s.b.w.s.c.ServletWebServerApplicationContext - Root WebApplicationContext: initialization completed in 347 ms
2026-05-28 09:50:08 [restartedMain] INFO  o.h.jpa.internal.util.LogHelper - HHH000204: Processing PersistenceUnitInfo [name: default]
2026-05-28 09:50:08 [restartedMain] INFO  o.h.c.i.RegionFactoryInitiator - HHH000026: Second-level cache disabled
2026-05-28 09:50:08 [restartedMain] INFO  o.s.o.j.p.SpringPersistenceUnitInfo - No LoadTimeWeaver setup: ignoring JPA class transformer
2026-05-28 09:50:08 [restartedMain] INFO  com.zaxxer.hikari.HikariDataSource - HikariPool-3 - Starting...
2026-05-28 09:50:08 [restartedMain] INFO  com.zaxxer.hikari.pool.HikariPool - HikariPool-3 - Added connection oracle.jdbc.driver.T4CConnection@24cfe78a
2026-05-28 09:50:08 [restartedMain] INFO  com.zaxxer.hikari.HikariDataSource - HikariPool-3 - Start completed.
2026-05-28 09:50:08 [restartedMain] WARN  org.hibernate.orm.deprecation - HHH90000025: OracleDialect does not need to be specified explicitly using 'hibernate.dialect' (remove the property setting and it will be selected by default)
2026-05-28 09:50:08 [restartedMain] INFO  o.h.e.t.j.p.i.JtaPlatformInitiator - HHH000489: No JTA platform available (set 'hibernate.transaction.jta.platform' to enable JTA platform integration)
2026-05-28 09:50:08 [restartedMain] DEBUG org.hibernate.SQL - drop table if exists order_items cascade constraints
2026-05-28 09:50:08 [restartedMain] INFO  o.hibernate.orm.connections.access - HHH10001501: Connection obtained from JdbcConnectionAccess [org.hibernate.engine.jdbc.env.internal.JdbcEnvironmentInitiator$ConnectionProviderJdbcConnectionAccess@4dc76ea8] for (non-JTA) DDL execution was not in auto-commit mode; the Connection 'local transaction' will be committed and the Connection will be set into auto-commit mode.
2026-05-28 09:50:08 [restartedMain] DEBUG org.hibernate.SQL - drop table if exists orders cascade constraints
2026-05-28 09:50:08 [restartedMain] DEBUG org.hibernate.SQL - drop table if exists products cascade constraints
2026-05-28 09:50:08 [restartedMain] DEBUG org.hibernate.SQL - drop table if exists users cascade constraints
2026-05-28 09:50:08 [restartedMain] DEBUG org.hibernate.SQL - drop sequence id_seq
2026-05-28 09:50:08 [restartedMain] WARN  o.h.t.s.i.ExceptionHandlerLoggedImpl - GenerationTarget encountered exception accepting command : Error executing DDL "drop sequence id_seq" via JDBC [ORA-02289: sequence does not exist

https://docs.oracle.com/error-help/db/ora-02289/]
org.hibernate.tool.schema.spi.CommandAcceptanceException: Error executing DDL "drop sequence id_seq" via JDBC [ORA-02289: sequence does not exist

https://docs.oracle.com/error-help/db/ora-02289/]
	at org.hibernate.tool.schema.internal.exec.GenerationTargetToDatabase.accept(GenerationTargetToDatabase.java:94) ~[hibernate-core-6.5.2.Final.jar:6.5.2.Final]
	at org.hibernate.tool.schema.internal.Helper.applySqlString(Helper.java:233) ~[hibernate-core-6.5.2.Final.jar:6.5.2.Final]
	at org.hibernate.tool.schema.internal.Helper.applySqlStrings(Helper.java:217) ~[hibernate-core-6.5.2.Final.jar:6.5.2.Final]
	at org.hibernate.tool.schema.internal.SchemaDropperImpl.dropSequences(SchemaDropperImpl.java:340) ~[hibernate-core-6.5.2.Final.jar:6.5.2.Final]
	at org.hibernate.tool.schema.internal.SchemaDropperImpl.dropConstraintsTablesSequences(SchemaDropperImpl.java:266) ~[hibernate-core-6.5.2.Final.jar:6.5.2.Final]
	at org.hibernate.tool.schema.internal.SchemaDropperImpl.dropFromMetadata(SchemaDropperImpl.java:215) ~[hibernate-core-6.5.2.Final.jar:6.5.2.Final]
	at org.hibernate.tool.schema.internal.SchemaDropperImpl.performDrop(SchemaDropperImpl.java:185) ~[hibernate-core-6.5.2.Final.jar:6.5.2.Final]
	at org.hibernate.tool.schema.internal.SchemaDropperImpl.doDrop(SchemaDropperImpl.java:155) ~[hibernate-core-6.5.2.Final.jar:6.5.2.Final]
	at org.hibernate.tool.schema.internal.SchemaDropperImpl.doDrop(SchemaDropperImpl.java:115) ~[hibernate-core-6.5.2.Final.jar:6.5.2.Final]
	at org.hibernate.tool.schema.spi.SchemaManagementToolCoordinator.performDatabaseAction(SchemaManagementToolCoordinator.java:238) ~[hibernate-core-6.5.2.Final.jar:6.5.2.Final]
	at org.hibernate.tool.schema.spi.SchemaManagementToolCoordinator.lambda$process$5(SchemaManagementToolCoordinator.java:144) ~[hibernate-core-6.5.2.Final.jar:6.5.2.Final]
	at java.base/java.util.HashMap.forEach(HashMap.java:1429) ~[na:na]
	at org.hibernate.tool.schema.spi.SchemaManagementToolCoordinator.process(SchemaManagementToolCoordinator.java:141) ~[hibernate-core-6.5.2.Final.jar:6.5.2.Final]
	at org.hibernate.boot.internal.SessionFactoryObserverForSchemaExport.sessionFactoryCreated(SessionFactoryObserverForSchemaExport.java:37) ~[hibernate-core-6.5.2.Final.jar:6.5.2.Final]
	at org.hibernate.internal.SessionFactoryObserverChain.sessionFactoryCreated(SessionFactoryObserverChain.java:35) ~[hibernate-core-6.5.2.Final.jar:6.5.2.Final]
	at org.hibernate.internal.SessionFactoryImpl.<init>(SessionFactoryImpl.java:322) ~[hibernate-core-6.5.2.Final.jar:6.5.2.Final]
	at org.hibernate.boot.internal.SessionFactoryBuilderImpl.build(SessionFactoryBuilderImpl.java:457) ~[hibernate-core-6.5.2.Final.jar:6.5.2.Final]
	at org.hibernate.jpa.boot.internal.EntityManagerFactoryBuilderImpl.build(EntityManagerFactoryBuilderImpl.java:1506) ~[hibernate-core-6.5.2.Final.jar:6.5.2.Final]
	at org.springframework.orm.jpa.vendor.SpringHibernateJpaPersistenceProvider.createContainerEntityManagerFactory(SpringHibernateJpaPersistenceProvider.java:75) ~[spring-orm-6.1.8.jar:6.1.8]
	at org.springframework.orm.jpa.LocalContainerEntityManagerFactoryBean.createNativeEntityManagerFactory(LocalContainerEntityManagerFactoryBean.java:390) ~[spring-orm-6.1.8.jar:6.1.8]
	at org.springframework.orm.jpa.AbstractEntityManagerFactoryBean.buildNativeEntityManagerFactory(AbstractEntityManagerFactoryBean.java:409) ~[spring-orm-6.1.8.jar:6.1.8]
	at org.springframework.orm.jpa.AbstractEntityManagerFactoryBean.afterPropertiesSet(AbstractEntityManagerFactoryBean.java:396) ~[spring-orm-6.1.8.jar:6.1.8]
	at org.springframework.orm.jpa.LocalContainerEntityManagerFactoryBean.afterPropertiesSet(LocalContainerEntityManagerFactoryBean.java:366) ~[spring-orm-6.1.8.jar:6.1.8]
	at org.springframework.beans.factory.support.AbstractAutowireCapableBeanFactory.invokeInitMethods(AbstractAutowireCapableBeanFactory.java:1835) ~[spring-beans-6.1.8.jar:6.1.8]
	at org.springframework.beans.factory.support.AbstractAutowireCapableBeanFactory.initializeBean(AbstractAutowireCapableBeanFactory.java:1784) ~[spring-beans-6.1.8.jar:6.1.8]
	at org.springframework.beans.factory.support.AbstractAutowireCapableBeanFactory.doCreateBean(AbstractAutowireCapableBeanFactory.java:600) ~[spring-beans-6.1.8.jar:6.1.8]
	at org.springframework.beans.factory.support.AbstractAutowireCapableBeanFactory.createBean(AbstractAutowireCapableBeanFactory.java:522) ~[spring-beans-6.1.8.jar:6.1.8]
	at org.springframework.beans.factory.support.AbstractBeanFactory.lambda$doGetBean$0(AbstractBeanFactory.java:337) ~[spring-beans-6.1.8.jar:6.1.8]
	at org.springframework.beans.factory.support.DefaultSingletonBeanRegistry.getSingleton(DefaultSingletonBeanRegistry.java:234) ~[spring-beans-6.1.8.jar:6.1.8]
	at org.springframework.beans.factory.support.AbstractBeanFactory.doGetBean(AbstractBeanFactory.java:335) ~[spring-beans-6.1.8.jar:6.1.8]
	at org.springframework.beans.factory.support.AbstractBeanFactory.getBean(AbstractBeanFactory.java:205) ~[spring-beans-6.1.8.jar:6.1.8]
	at org.springframework.context.support.AbstractApplicationContext.finishBeanFactoryInitialization(AbstractApplicationContext.java:952) ~[spring-context-6.1.8.jar:6.1.8]
	at org.springframework.context.support.AbstractApplicationContext.refresh(AbstractApplicationContext.java:624) ~[spring-context-6.1.8.jar:6.1.8]
	at org.springframework.boot.web.servlet.context.ServletWebServerApplicationContext.refresh(ServletWebServerApplicationContext.java:146) ~[spring-boot-3.3.0.jar:3.3.0]
	at org.springframework.boot.SpringApplication.refresh(SpringApplication.java:754) ~[spring-boot-3.3.0.jar:3.3.0]
	at org.springframework.boot.SpringApplication.refreshContext(SpringApplication.java:456) ~[spring-boot-3.3.0.jar:3.3.0]
	at org.springframework.boot.SpringApplication.run(SpringApplication.java:335) ~[spring-boot-3.3.0.jar:3.3.0]
	at org.springframework.boot.SpringApplication.run(SpringApplication.java:1363) ~[spring-boot-3.3.0.jar:3.3.0]
	at org.springframework.boot.SpringApplication.run(SpringApplication.java:1352) ~[spring-boot-3.3.0.jar:3.3.0]
	at com.apidesign.ApiDesignApplication.main(ApiDesignApplication.java:26) ~[classes/:na]
	at java.base/jdk.internal.reflect.DirectMethodHandleAccessor.invoke(DirectMethodHandleAccessor.java:103) ~[na:na]
	at java.base/java.lang.reflect.Method.invoke(Method.java:580) ~[na:na]
	at org.springframework.boot.devtools.restart.RestartLauncher.run(RestartLauncher.java:50) ~[spring-boot-devtools-3.3.0.jar:3.3.0]
Caused by: java.sql.SQLSyntaxErrorException: ORA-02289: sequence does not exist

https://docs.oracle.com/error-help/db/ora-02289/
	at oracle.jdbc.driver.T4CTTIoer11.processError(T4CTTIoer11.java:709) ~[ojdbc11-23.4.0.24.05.jar:23.4.0.24.05]
	at oracle.jdbc.driver.T4CTTIoer11.processError(T4CTTIoer11.java:609) ~[ojdbc11-23.4.0.24.05.jar:23.4.0.24.05]
	at oracle.jdbc.driver.T4C8Oall.processError(T4C8Oall.java:1347) ~[ojdbc11-23.4.0.24.05.jar:23.4.0.24.05]
	at oracle.jdbc.driver.T4CTTIfun.receive(T4CTTIfun.java:1101) ~[ojdbc11-23.4.0.24.05.jar:23.4.0.24.05]
	at oracle.jdbc.driver.T4CTTIfun.doRPC(T4CTTIfun.java:409) ~[ojdbc11-23.4.0.24.05.jar:23.4.0.24.05]
	at oracle.jdbc.driver.T4C8Oall.doOALL(T4C8Oall.java:499) ~[ojdbc11-23.4.0.24.05.jar:23.4.0.24.05]
	at oracle.jdbc.driver.T4CStatement.doOall8(T4CStatement.java:190) ~[ojdbc11-23.4.0.24.05.jar:23.4.0.24.05]
	at oracle.jdbc.driver.T4CStatement.executeForRows(T4CStatement.java:1384) ~[ojdbc11-23.4.0.24.05.jar:23.4.0.24.05]
	at oracle.jdbc.driver.OracleStatement.executeSQLStatement(OracleStatement.java:1995) ~[ojdbc11-23.4.0.24.05.jar:23.4.0.24.05]
	at oracle.jdbc.driver.OracleStatement.doExecuteWithTimeout(OracleStatement.java:1608) ~[ojdbc11-23.4.0.24.05.jar:23.4.0.24.05]
	at oracle.jdbc.driver.OracleStatement.executeInternal(OracleStatement.java:2673) ~[ojdbc11-23.4.0.24.05.jar:23.4.0.24.05]
	at oracle.jdbc.driver.OracleStatement.execute(OracleStatement.java:2622) ~[ojdbc11-23.4.0.24.05.jar:23.4.0.24.05]
	at oracle.jdbc.driver.OracleStatementWrapper.execute(OracleStatementWrapper.java:336) ~[ojdbc11-23.4.0.24.05.jar:23.4.0.24.05]
	at com.zaxxer.hikari.pool.ProxyStatement.execute(ProxyStatement.java:94) ~[HikariCP-5.1.0.jar:na]
	at com.zaxxer.hikari.pool.HikariProxyStatement.execute(HikariProxyStatement.java) ~[HikariCP-5.1.0.jar:na]
	at org.hibernate.tool.schema.internal.exec.GenerationTargetToDatabase.accept(GenerationTargetToDatabase.java:80) ~[hibernate-core-6.5.2.Final.jar:6.5.2.Final]
	... 42 common frames omitted
Caused by: oracle.jdbc.OracleDatabaseException: ORA-02289: sequence does not exist

	at oracle.jdbc.driver.T4CTTIoer11.processError(T4CTTIoer11.java:717) ~[ojdbc11-23.4.0.24.05.jar:23.4.0.24.05]
	... 57 common frames omitted
2026-05-28 09:50:08 [restartedMain] DEBUG org.hibernate.SQL - create sequence id_seq start with 1 increment by 1
2026-05-28 09:50:08 [restartedMain] INFO  o.hibernate.orm.connections.access - HHH10001501: Connection obtained from JdbcConnectionAccess [org.hibernate.engine.jdbc.env.internal.JdbcEnvironmentInitiator$ConnectionProviderJdbcConnectionAccess@cb157db] for (non-JTA) DDL execution was not in auto-commit mode; the Connection 'local transaction' will be committed and the Connection will be set into auto-commit mode.
2026-05-28 09:50:08 [restartedMain] DEBUG org.hibernate.SQL - create table order_items (discount number(10,2), unit_price number(10,2) not null, created_at timestamp(6) not null, id number(19,0) not null, order_id number(19,0) not null, product_id number(19,0) not null, quantity number(19,0) not null, updated_at timestamp(6), created_by varchar2(50 char), product_sku varchar2(50 char) not null, updated_by varchar2(50 char), product_name varchar2(100 char) not null, notes varchar2(200 char), primary key (id))
2026-05-28 09:50:08 [restartedMain] DEBUG org.hibernate.SQL - create table orders (total_amount number(12,2) not null, created_at timestamp(6) not null, estimated_delivery timestamp(6), id number(19,0) not null, updated_at timestamp(6), user_id number(19,0) not null, order_status varchar2(20 char) not null, created_by varchar2(50 char), order_number varchar2(50 char) not null unique, updated_by varchar2(50 char), notes varchar2(500 char), shipping_address varchar2(255 char), primary key (id))
2026-05-28 09:50:08 [restartedMain] DEBUG org.hibernate.SQL - create table products (is_available number(1,0) not null check (is_available in (0,1)), price number(10,2) not null, created_at timestamp(6) not null, id number(19,0) not null, min_stock_level number(19,0), stock_quantity number(19,0) not null, updated_at timestamp(6), category varchar2(50 char), created_by varchar2(50 char), sku varchar2(50 char) not null unique, updated_by varchar2(50 char), name varchar2(100 char) not null, supplier varchar2(100 char), description varchar2(500 char), primary key (id))
2026-05-28 09:50:08 [restartedMain] DEBUG org.hibernate.SQL - create table users (is_active number(1,0) not null check (is_active in (0,1)), created_at timestamp(6) not null, id number(19,0) not null, updated_at timestamp(6), phone_number varchar2(20 char) not null, user_type varchar2(20 char), zipcode varchar2(20 char), city varchar2(50 char), created_by varchar2(50 char), first_name varchar2(50 char) not null, last_name varchar2(50 char) not null, state varchar2(50 char), updated_by varchar2(50 char), email varchar2(100 char) not null unique, address varchar2(255 char), primary key (id))
2026-05-28 09:50:08 [restartedMain] DEBUG org.hibernate.SQL - create index IDX_ORDER_ITEM_ORDER on order_items (order_id)
2026-05-28 09:50:08 [restartedMain] DEBUG org.hibernate.SQL - create index IDX_ORDER_ITEM_PRODUCT on order_items (product_id)
2026-05-28 09:50:08 [restartedMain] DEBUG org.hibernate.SQL - create index IDX_ORDER_USER on orders (user_id)
2026-05-28 09:50:08 [restartedMain] DEBUG org.hibernate.SQL - create index IDX_ORDER_STATUS on orders (order_status)
2026-05-28 09:50:08 [restartedMain] DEBUG org.hibernate.SQL - create index IDX_ORDER_CREATED_AT on orders (created_at)
2026-05-28 09:50:08 [restartedMain] DEBUG org.hibernate.SQL - create index IDX_PRODUCT_CATEGORY on products (category)
2026-05-28 09:50:08 [restartedMain] DEBUG org.hibernate.SQL - create index IDX_PRODUCT_SKU on products (sku)
2026-05-28 09:50:08 [restartedMain] WARN  o.h.t.s.i.ExceptionHandlerLoggedImpl - GenerationTarget encountered exception accepting command : Error executing DDL "create index IDX_PRODUCT_SKU on products (sku)" via JDBC [ORA-01408: such column list already indexed

https://docs.oracle.com/error-help/db/ora-01408/]
org.hibernate.tool.schema.spi.CommandAcceptanceException: Error executing DDL "create index IDX_PRODUCT_SKU on products (sku)" via JDBC [ORA-01408: such column list already indexed

https://docs.oracle.com/error-help/db/ora-01408/]
	at org.hibernate.tool.schema.internal.exec.GenerationTargetToDatabase.accept(GenerationTargetToDatabase.java:94) ~[hibernate-core-6.5.2.Final.jar:6.5.2.Final]
	at org.hibernate.tool.schema.internal.Helper.applySqlString(Helper.java:233) ~[hibernate-core-6.5.2.Final.jar:6.5.2.Final]
	at org.hibernate.tool.schema.internal.Helper.applySqlStrings(Helper.java:217) ~[hibernate-core-6.5.2.Final.jar:6.5.2.Final]
	at org.hibernate.tool.schema.internal.SchemaCreatorImpl.createTableConstraints(SchemaCreatorImpl.java:390) ~[hibernate-core-6.5.2.Final.jar:6.5.2.Final]
	at org.hibernate.tool.schema.internal.SchemaCreatorImpl.createSequencesTablesConstraints(SchemaCreatorImpl.java:356) ~[hibernate-core-6.5.2.Final.jar:6.5.2.Final]
	at org.hibernate.tool.schema.internal.SchemaCreatorImpl.createFromMetadata(SchemaCreatorImpl.java:239) ~[hibernate-core-6.5.2.Final.jar:6.5.2.Final]
	at org.hibernate.tool.schema.internal.SchemaCreatorImpl.performCreation(SchemaCreatorImpl.java:172) ~[hibernate-core-6.5.2.Final.jar:6.5.2.Final]
	at org.hibernate.tool.schema.internal.SchemaCreatorImpl.doCreation(SchemaCreatorImpl.java:142) ~[hibernate-core-6.5.2.Final.jar:6.5.2.Final]
	at org.hibernate.tool.schema.internal.SchemaCreatorImpl.doCreation(SchemaCreatorImpl.java:118) ~[hibernate-core-6.5.2.Final.jar:6.5.2.Final]
	at org.hibernate.tool.schema.spi.SchemaManagementToolCoordinator.performDatabaseAction(SchemaManagementToolCoordinator.java:250) ~[hibernate-core-6.5.2.Final.jar:6.5.2.Final]
	at org.hibernate.tool.schema.spi.SchemaManagementToolCoordinator.lambda$process$5(SchemaManagementToolCoordinator.java:144) ~[hibernate-core-6.5.2.Final.jar:6.5.2.Final]
	at java.base/java.util.HashMap.forEach(HashMap.java:1429) ~[na:na]
	at org.hibernate.tool.schema.spi.SchemaManagementToolCoordinator.process(SchemaManagementToolCoordinator.java:141) ~[hibernate-core-6.5.2.Final.jar:6.5.2.Final]
	at org.hibernate.boot.internal.SessionFactoryObserverForSchemaExport.sessionFactoryCreated(SessionFactoryObserverForSchemaExport.java:37) ~[hibernate-core-6.5.2.Final.jar:6.5.2.Final]
	at org.hibernate.internal.SessionFactoryObserverChain.sessionFactoryCreated(SessionFactoryObserverChain.java:35) ~[hibernate-core-6.5.2.Final.jar:6.5.2.Final]
	at org.hibernate.internal.SessionFactoryImpl.<init>(SessionFactoryImpl.java:322) ~[hibernate-core-6.5.2.Final.jar:6.5.2.Final]
	at org.hibernate.boot.internal.SessionFactoryBuilderImpl.build(SessionFactoryBuilderImpl.java:457) ~[hibernate-core-6.5.2.Final.jar:6.5.2.Final]
	at org.hibernate.jpa.boot.internal.EntityManagerFactoryBuilderImpl.build(EntityManagerFactoryBuilderImpl.java:1506) ~[hibernate-core-6.5.2.Final.jar:6.5.2.Final]
	at org.springframework.orm.jpa.vendor.SpringHibernateJpaPersistenceProvider.createContainerEntityManagerFactory(SpringHibernateJpaPersistenceProvider.java:75) ~[spring-orm-6.1.8.jar:6.1.8]
	at org.springframework.orm.jpa.LocalContainerEntityManagerFactoryBean.createNativeEntityManagerFactory(LocalContainerEntityManagerFactoryBean.java:390) ~[spring-orm-6.1.8.jar:6.1.8]
	at org.springframework.orm.jpa.AbstractEntityManagerFactoryBean.buildNativeEntityManagerFactory(AbstractEntityManagerFactoryBean.java:409) ~[spring-orm-6.1.8.jar:6.1.8]
	at org.springframework.orm.jpa.AbstractEntityManagerFactoryBean.afterPropertiesSet(AbstractEntityManagerFactoryBean.java:396) ~[spring-orm-6.1.8.jar:6.1.8]
	at org.springframework.orm.jpa.LocalContainerEntityManagerFactoryBean.afterPropertiesSet(LocalContainerEntityManagerFactoryBean.java:366) ~[spring-orm-6.1.8.jar:6.1.8]
	at org.springframework.beans.factory.support.AbstractAutowireCapableBeanFactory.invokeInitMethods(AbstractAutowireCapableBeanFactory.java:1835) ~[spring-beans-6.1.8.jar:6.1.8]
	at org.springframework.beans.factory.support.AbstractAutowireCapableBeanFactory.initializeBean(AbstractAutowireCapableBeanFactory.java:1784) ~[spring-beans-6.1.8.jar:6.1.8]
	at org.springframework.beans.factory.support.AbstractAutowireCapableBeanFactory.doCreateBean(AbstractAutowireCapableBeanFactory.java:600) ~[spring-beans-6.1.8.jar:6.1.8]
	at org.springframework.beans.factory.support.AbstractAutowireCapableBeanFactory.createBean(AbstractAutowireCapableBeanFactory.java:522) ~[spring-beans-6.1.8.jar:6.1.8]
	at org.springframework.beans.factory.support.AbstractBeanFactory.lambda$doGetBean$0(AbstractBeanFactory.java:337) ~[spring-beans-6.1.8.jar:6.1.8]
	at org.springframework.beans.factory.support.DefaultSingletonBeanRegistry.getSingleton(DefaultSingletonBeanRegistry.java:234) ~[spring-beans-6.1.8.jar:6.1.8]
	at org.springframework.beans.factory.support.AbstractBeanFactory.doGetBean(AbstractBeanFactory.java:335) ~[spring-beans-6.1.8.jar:6.1.8]
	at org.springframework.beans.factory.support.AbstractBeanFactory.getBean(AbstractBeanFactory.java:205) ~[spring-beans-6.1.8.jar:6.1.8]
	at org.springframework.context.support.AbstractApplicationContext.finishBeanFactoryInitialization(AbstractApplicationContext.java:952) ~[spring-context-6.1.8.jar:6.1.8]
	at org.springframework.context.support.AbstractApplicationContext.refresh(AbstractApplicationContext.java:624) ~[spring-context-6.1.8.jar:6.1.8]
	at org.springframework.boot.web.servlet.context.ServletWebServerApplicationContext.refresh(ServletWebServerApplicationContext.java:146) ~[spring-boot-3.3.0.jar:3.3.0]
	at org.springframework.boot.SpringApplication.refresh(SpringApplication.java:754) ~[spring-boot-3.3.0.jar:3.3.0]
	at org.springframework.boot.SpringApplication.refreshContext(SpringApplication.java:456) ~[spring-boot-3.3.0.jar:3.3.0]
	at org.springframework.boot.SpringApplication.run(SpringApplication.java:335) ~[spring-boot-3.3.0.jar:3.3.0]
	at org.springframework.boot.SpringApplication.run(SpringApplication.java:1363) ~[spring-boot-3.3.0.jar:3.3.0]
	at org.springframework.boot.SpringApplication.run(SpringApplication.java:1352) ~[spring-boot-3.3.0.jar:3.3.0]
	at com.apidesign.ApiDesignApplication.main(ApiDesignApplication.java:26) ~[classes/:na]
	at java.base/jdk.internal.reflect.DirectMethodHandleAccessor.invoke(DirectMethodHandleAccessor.java:103) ~[na:na]
	at java.base/java.lang.reflect.Method.invoke(Method.java:580) ~[na:na]
	at org.springframework.boot.devtools.restart.RestartLauncher.run(RestartLauncher.java:50) ~[spring-boot-devtools-3.3.0.jar:3.3.0]
Caused by: java.sql.SQLException: ORA-01408: such column list already indexed

https://docs.oracle.com/error-help/db/ora-01408/
	at oracle.jdbc.driver.T4CTTIoer11.processError(T4CTTIoer11.java:709) ~[ojdbc11-23.4.0.24.05.jar:23.4.0.24.05]
	at oracle.jdbc.driver.T4CTTIoer11.processError(T4CTTIoer11.java:609) ~[ojdbc11-23.4.0.24.05.jar:23.4.0.24.05]
	at oracle.jdbc.driver.T4C8Oall.processError(T4C8Oall.java:1347) ~[ojdbc11-23.4.0.24.05.jar:23.4.0.24.05]
	at oracle.jdbc.driver.T4CTTIfun.receive(T4CTTIfun.java:1101) ~[ojdbc11-23.4.0.24.05.jar:23.4.0.24.05]
	at oracle.jdbc.driver.T4CTTIfun.doRPC(T4CTTIfun.java:409) ~[ojdbc11-23.4.0.24.05.jar:23.4.0.24.05]
	at oracle.jdbc.driver.T4C8Oall.doOALL(T4C8Oall.java:499) ~[ojdbc11-23.4.0.24.05.jar:23.4.0.24.05]
	at oracle.jdbc.driver.T4CStatement.doOall8(T4CStatement.java:190) ~[ojdbc11-23.4.0.24.05.jar:23.4.0.24.05]
	at oracle.jdbc.driver.T4CStatement.executeForRows(T4CStatement.java:1384) ~[ojdbc11-23.4.0.24.05.jar:23.4.0.24.05]
	at oracle.jdbc.driver.OracleStatement.executeSQLStatement(OracleStatement.java:1995) ~[ojdbc11-23.4.0.24.05.jar:23.4.0.24.05]
	at oracle.jdbc.driver.OracleStatement.doExecuteWithTimeout(OracleStatement.java:1608) ~[ojdbc11-23.4.0.24.05.jar:23.4.0.24.05]
	at oracle.jdbc.driver.OracleStatement.executeInternal(OracleStatement.java:2673) ~[ojdbc11-23.4.0.24.05.jar:23.4.0.24.05]
	at oracle.jdbc.driver.OracleStatement.execute(OracleStatement.java:2622) ~[ojdbc11-23.4.0.24.05.jar:23.4.0.24.05]
	at oracle.jdbc.driver.OracleStatementWrapper.execute(OracleStatementWrapper.java:336) ~[ojdbc11-23.4.0.24.05.jar:23.4.0.24.05]
	at com.zaxxer.hikari.pool.ProxyStatement.execute(ProxyStatement.java:94) ~[HikariCP-5.1.0.jar:na]
	at com.zaxxer.hikari.pool.HikariProxyStatement.execute(HikariProxyStatement.java) ~[HikariCP-5.1.0.jar:na]
	at org.hibernate.tool.schema.internal.exec.GenerationTargetToDatabase.accept(GenerationTargetToDatabase.java:80) ~[hibernate-core-6.5.2.Final.jar:6.5.2.Final]
	... 42 common frames omitted
Caused by: oracle.jdbc.OracleDatabaseException: ORA-01408: such column list already indexed

	at oracle.jdbc.driver.T4CTTIoer11.processError(T4CTTIoer11.java:717) ~[ojdbc11-23.4.0.24.05.jar:23.4.0.24.05]
	... 57 common frames omitted
2026-05-28 09:50:08 [restartedMain] DEBUG org.hibernate.SQL - alter table if exists order_items add constraint FK_ORDER_ITEM_ORDER foreign key (order_id) references orders
2026-05-28 09:50:08 [restartedMain] DEBUG org.hibernate.SQL - alter table if exists order_items add constraint FK_ORDER_ITEM_PRODUCT foreign key (product_id) references products
2026-05-28 09:50:08 [restartedMain] DEBUG org.hibernate.SQL - alter table if exists orders add constraint FK_ORDER_USER foreign key (user_id) references users
2026-05-28 09:50:08 [restartedMain] INFO  o.s.o.j.LocalContainerEntityManagerFactoryBean - Initialized JPA EntityManagerFactory for persistence unit 'default'
2026-05-28 09:50:10 [restartedMain] DEBUG o.s.w.s.m.m.a.RequestMappingHandlerMapping - 24 mappings in 'requestMappingHandlerMapping'
2026-05-28 09:50:10 [restartedMain] DEBUG o.s.w.s.h.SimpleUrlHandlerMapping - Patterns [/webjars/**, /**] in 'resourceHandlerMapping'
2026-05-28 09:50:10 [restartedMain] DEBUG o.s.w.s.m.m.a.RequestMappingHandlerAdapter - ControllerAdvice beans: 0 @ModelAttribute, 0 @InitBinder, 1 RequestBodyAdvice, 1 ResponseBodyAdvice
2026-05-28 09:50:10 [restartedMain] DEBUG o.s.w.s.m.m.a.ExceptionHandlerExceptionResolver - ControllerAdvice beans: 1 @ExceptionHandler, 1 ResponseBodyAdvice
2026-05-28 09:50:10 [restartedMain] INFO  o.s.b.d.a.OptionalLiveReloadServer - LiveReload server is running on port 35729
2026-05-28 09:50:10 [restartedMain] INFO  o.s.b.w.e.tomcat.TomcatWebServer - Tomcat started on port 8080 (http) with context path '/api/v1'
2026-05-28 09:50:10 [restartedMain] INFO  com.apidesign.ApiDesignApplication - Started ApiDesignApplication in 2.486 seconds (process running for 206.668)
2026-05-28 09:50:10 [restartedMain] INFO  o.s.b.d.a.ConditionEvaluationDeltaLoggingListener - Condition evaluation unchanged
2026-05-28 09:51:12 [SpringApplicationShutdownHook] INFO  o.s.o.j.LocalContainerEntityManagerFactoryBean - Closing JPA EntityManagerFactory for persistence unit 'default'
2026-05-28 09:51:12 [SpringApplicationShutdownHook] DEBUG org.hibernate.SQL - drop table if exists order_items cascade constraints
2026-05-28 09:51:12 [SpringApplicationShutdownHook] INFO  o.hibernate.orm.connections.access - HHH10001501: Connection obtained from JdbcConnectionAccess [org.hibernate.engine.jdbc.env.internal.JdbcEnvironmentInitiator$ConnectionProviderJdbcConnectionAccess@7fdf6e5d] for (non-JTA) DDL execution was not in auto-commit mode; the Connection 'local transaction' will be committed and the Connection will be set into auto-commit mode.
2026-05-28 09:51:12 [SpringApplicationShutdownHook] DEBUG org.hibernate.SQL - drop table if exists orders cascade constraints
2026-05-28 09:51:12 [SpringApplicationShutdownHook] DEBUG org.hibernate.SQL - drop table if exists products cascade constraints
2026-05-28 09:51:12 [SpringApplicationShutdownHook] DEBUG org.hibernate.SQL - drop table if exists users cascade constraints
2026-05-28 09:51:12 [SpringApplicationShutdownHook] DEBUG org.hibernate.SQL - drop sequence id_seq
2026-05-28 09:51:12 [SpringApplicationShutdownHook] INFO  com.zaxxer.hikari.HikariDataSource - HikariPool-3 - Shutdown initiated...
2026-05-28 09:51:12 [SpringApplicationShutdownHook] INFO  com.zaxxer.hikari.HikariDataSource - HikariPool-3 - Shutdown completed.
2026-05-28 09:51:19 [restartedMain] INFO  com.apidesign.ApiDesignApplication - Starting ApiDesignApplication using Java 21.0.8 with PID 17980 (D:\DevZone\repository\springrepo\APIDesign\target\classes started by Cardinal in D:\DevZone\repository\springrepo\APIDesign)
2026-05-28 09:51:19 [restartedMain] DEBUG com.apidesign.ApiDesignApplication - Running with Spring Boot v3.3.0, Spring v6.1.8
2026-05-28 09:51:19 [restartedMain] INFO  com.apidesign.ApiDesignApplication - The following 1 profile is active: "local"
2026-05-28 09:51:19 [restartedMain] INFO  o.s.b.d.restart.ChangeableUrls - The Class-Path manifest attribute in C:\Users\Cardinal\.m2\repository\com\oracle\database\jdbc\ojdbc11\23.4.0.24.05\ojdbc11-23.4.0.24.05.jar referenced one or more files that do not exist: file:/C:/Users/Cardinal/.m2/repository/com/oracle/database/jdbc/ojdbc11/23.4.0.24.05/oraclepki.jar
2026-05-28 09:51:19 [restartedMain] INFO  o.s.b.d.e.DevToolsPropertyDefaultsPostProcessor - Devtools property defaults active! Set 'spring.devtools.add-properties' to 'false' to disable
2026-05-28 09:51:19 [restartedMain] INFO  o.s.b.d.e.DevToolsPropertyDefaultsPostProcessor - For additional web related logging consider setting the 'logging.level.web' property to 'DEBUG'
2026-05-28 09:51:19 [restartedMain] INFO  o.s.d.r.c.RepositoryConfigurationDelegate - Bootstrapping Spring Data JPA repositories in DEFAULT mode.
2026-05-28 09:51:19 [restartedMain] INFO  o.s.d.r.c.RepositoryConfigurationDelegate - Finished Spring Data repository scanning in 28 ms. Found 4 JPA repository interfaces.
2026-05-28 09:51:20 [restartedMain] INFO  o.s.b.w.e.tomcat.TomcatWebServer - Tomcat initialized with port 8080 (http)
2026-05-28 09:51:20 [restartedMain] INFO  o.a.catalina.core.StandardService - Starting service [Tomcat]
2026-05-28 09:51:20 [restartedMain] INFO  o.a.catalina.core.StandardEngine - Starting Servlet engine: [Apache Tomcat/10.1.24]
2026-05-28 09:51:20 [restartedMain] INFO  o.a.c.c.C.[.[localhost].[/api/v1] - Initializing Spring embedded WebApplicationContext
2026-05-28 09:51:20 [restartedMain] INFO  o.s.b.w.s.c.ServletWebServerApplicationContext - Root WebApplicationContext: initialization completed in 932 ms
2026-05-28 09:51:20 [restartedMain] INFO  o.h.jpa.internal.util.LogHelper - HHH000204: Processing PersistenceUnitInfo [name: default]
2026-05-28 09:51:20 [restartedMain] INFO  org.hibernate.Version - HHH000412: Hibernate ORM core version 6.5.2.Final
2026-05-28 09:51:20 [restartedMain] INFO  o.h.c.i.RegionFactoryInitiator - HHH000026: Second-level cache disabled
2026-05-28 09:51:20 [restartedMain] INFO  o.s.o.j.p.SpringPersistenceUnitInfo - No LoadTimeWeaver setup: ignoring JPA class transformer
2026-05-28 09:51:20 [restartedMain] INFO  com.zaxxer.hikari.HikariDataSource - HikariPool-1 - Starting...
2026-05-28 09:51:21 [restartedMain] INFO  com.zaxxer.hikari.pool.HikariPool - HikariPool-1 - Added connection oracle.jdbc.driver.T4CConnection@1a85d6e9
2026-05-28 09:51:21 [restartedMain] INFO  com.zaxxer.hikari.HikariDataSource - HikariPool-1 - Start completed.
2026-05-28 09:51:21 [restartedMain] WARN  org.hibernate.orm.deprecation - HHH90000025: OracleDialect does not need to be specified explicitly using 'hibernate.dialect' (remove the property setting and it will be selected by default)
2026-05-28 09:51:22 [restartedMain] INFO  o.h.e.t.j.p.i.JtaPlatformInitiator - HHH000489: No JTA platform available (set 'hibernate.transaction.jta.platform' to enable JTA platform integration)
2026-05-28 09:51:22 [restartedMain] DEBUG org.hibernate.SQL - drop table if exists order_items cascade constraints
2026-05-28 09:51:22 [restartedMain] INFO  o.hibernate.orm.connections.access - HHH10001501: Connection obtained from JdbcConnectionAccess [org.hibernate.engine.jdbc.env.internal.JdbcEnvironmentInitiator$ConnectionProviderJdbcConnectionAccess@592c8409] for (non-JTA) DDL execution was not in auto-commit mode; the Connection 'local transaction' will be committed and the Connection will be set into auto-commit mode.
2026-05-28 09:51:22 [restartedMain] DEBUG org.hibernate.SQL - drop table if exists orders cascade constraints
2026-05-28 09:51:22 [restartedMain] DEBUG org.hibernate.SQL - drop table if exists products cascade constraints
2026-05-28 09:51:22 [restartedMain] DEBUG org.hibernate.SQL - drop table if exists users cascade constraints
2026-05-28 09:51:22 [restartedMain] DEBUG org.hibernate.SQL - drop sequence id_seq
2026-05-28 09:51:22 [restartedMain] WARN  o.h.t.s.i.ExceptionHandlerLoggedImpl - GenerationTarget encountered exception accepting command : Error executing DDL "drop sequence id_seq" via JDBC [ORA-02289: sequence does not exist

https://docs.oracle.com/error-help/db/ora-02289/]
org.hibernate.tool.schema.spi.CommandAcceptanceException: Error executing DDL "drop sequence id_seq" via JDBC [ORA-02289: sequence does not exist

https://docs.oracle.com/error-help/db/ora-02289/]
	at org.hibernate.tool.schema.internal.exec.GenerationTargetToDatabase.accept(GenerationTargetToDatabase.java:94)
	at org.hibernate.tool.schema.internal.Helper.applySqlString(Helper.java:233)
	at org.hibernate.tool.schema.internal.Helper.applySqlStrings(Helper.java:217)
	at org.hibernate.tool.schema.internal.SchemaDropperImpl.dropSequences(SchemaDropperImpl.java:340)
	at org.hibernate.tool.schema.internal.SchemaDropperImpl.dropConstraintsTablesSequences(SchemaDropperImpl.java:266)
	at org.hibernate.tool.schema.internal.SchemaDropperImpl.dropFromMetadata(SchemaDropperImpl.java:215)
	at org.hibernate.tool.schema.internal.SchemaDropperImpl.performDrop(SchemaDropperImpl.java:185)
	at org.hibernate.tool.schema.internal.SchemaDropperImpl.doDrop(SchemaDropperImpl.java:155)
	at org.hibernate.tool.schema.internal.SchemaDropperImpl.doDrop(SchemaDropperImpl.java:115)
	at org.hibernate.tool.schema.spi.SchemaManagementToolCoordinator.performDatabaseAction(SchemaManagementToolCoordinator.java:238)
	at org.hibernate.tool.schema.spi.SchemaManagementToolCoordinator.lambda$process$5(SchemaManagementToolCoordinator.java:144)
	at java.base/java.util.HashMap.forEach(HashMap.java:1429)
	at org.hibernate.tool.schema.spi.SchemaManagementToolCoordinator.process(SchemaManagementToolCoordinator.java:141)
	at org.hibernate.boot.internal.SessionFactoryObserverForSchemaExport.sessionFactoryCreated(SessionFactoryObserverForSchemaExport.java:37)
	at org.hibernate.internal.SessionFactoryObserverChain.sessionFactoryCreated(SessionFactoryObserverChain.java:35)
	at org.hibernate.internal.SessionFactoryImpl.<init>(SessionFactoryImpl.java:322)
	at org.hibernate.boot.internal.SessionFactoryBuilderImpl.build(SessionFactoryBuilderImpl.java:457)
	at org.hibernate.jpa.boot.internal.EntityManagerFactoryBuilderImpl.build(EntityManagerFactoryBuilderImpl.java:1506)
	at org.springframework.orm.jpa.vendor.SpringHibernateJpaPersistenceProvider.createContainerEntityManagerFactory(SpringHibernateJpaPersistenceProvider.java:75)
	at org.springframework.orm.jpa.LocalContainerEntityManagerFactoryBean.createNativeEntityManagerFactory(LocalContainerEntityManagerFactoryBean.java:390)
	at org.springframework.orm.jpa.AbstractEntityManagerFactoryBean.buildNativeEntityManagerFactory(AbstractEntityManagerFactoryBean.java:409)
	at org.springframework.orm.jpa.AbstractEntityManagerFactoryBean.afterPropertiesSet(AbstractEntityManagerFactoryBean.java:396)
	at org.springframework.orm.jpa.LocalContainerEntityManagerFactoryBean.afterPropertiesSet(LocalContainerEntityManagerFactoryBean.java:366)
	at org.springframework.beans.factory.support.AbstractAutowireCapableBeanFactory.invokeInitMethods(AbstractAutowireCapableBeanFactory.java:1835)
	at org.springframework.beans.factory.support.AbstractAutowireCapableBeanFactory.initializeBean(AbstractAutowireCapableBeanFactory.java:1784)
	at org.springframework.beans.factory.support.AbstractAutowireCapableBeanFactory.doCreateBean(AbstractAutowireCapableBeanFactory.java:600)
	at org.springframework.beans.factory.support.AbstractAutowireCapableBeanFactory.createBean(AbstractAutowireCapableBeanFactory.java:522)
	at org.springframework.beans.factory.support.AbstractBeanFactory.lambda$doGetBean$0(AbstractBeanFactory.java:337)
	at org.springframework.beans.factory.support.DefaultSingletonBeanRegistry.getSingleton(DefaultSingletonBeanRegistry.java:234)
	at org.springframework.beans.factory.support.AbstractBeanFactory.doGetBean(AbstractBeanFactory.java:335)
	at org.springframework.beans.factory.support.AbstractBeanFactory.getBean(AbstractBeanFactory.java:205)
	at org.springframework.context.support.AbstractApplicationContext.finishBeanFactoryInitialization(AbstractApplicationContext.java:952)
	at org.springframework.context.support.AbstractApplicationContext.refresh(AbstractApplicationContext.java:624)
	at org.springframework.boot.web.servlet.context.ServletWebServerApplicationContext.refresh(ServletWebServerApplicationContext.java:146)
	at org.springframework.boot.SpringApplication.refresh(SpringApplication.java:754)
	at org.springframework.boot.SpringApplication.refreshContext(SpringApplication.java:456)
	at org.springframework.boot.SpringApplication.run(SpringApplication.java:335)
	at org.springframework.boot.SpringApplication.run(SpringApplication.java:1363)
	at org.springframework.boot.SpringApplication.run(SpringApplication.java:1352)
	at com.apidesign.ApiDesignApplication.main(ApiDesignApplication.java:26)
	at java.base/jdk.internal.reflect.DirectMethodHandleAccessor.invoke(DirectMethodHandleAccessor.java:103)
	at java.base/java.lang.reflect.Method.invoke(Method.java:580)
	at org.springframework.boot.devtools.restart.RestartLauncher.run(RestartLauncher.java:50)
Caused by: java.sql.SQLSyntaxErrorException: ORA-02289: sequence does not exist

https://docs.oracle.com/error-help/db/ora-02289/
	at oracle.jdbc.driver.T4CTTIoer11.processError(T4CTTIoer11.java:709)
	at oracle.jdbc.driver.T4CTTIoer11.processError(T4CTTIoer11.java:609)
	at oracle.jdbc.driver.T4C8Oall.processError(T4C8Oall.java:1347)
	at oracle.jdbc.driver.T4CTTIfun.receive(T4CTTIfun.java:1101)
	at oracle.jdbc.driver.T4CTTIfun.doRPC(T4CTTIfun.java:409)
	at oracle.jdbc.driver.T4C8Oall.doOALL(T4C8Oall.java:499)
	at oracle.jdbc.driver.T4CStatement.doOall8(T4CStatement.java:190)
	at oracle.jdbc.driver.T4CStatement.executeForRows(T4CStatement.java:1384)
	at oracle.jdbc.driver.OracleStatement.executeSQLStatement(OracleStatement.java:1995)
	at oracle.jdbc.driver.OracleStatement.doExecuteWithTimeout(OracleStatement.java:1608)
	at oracle.jdbc.driver.OracleStatement.executeInternal(OracleStatement.java:2673)
	at oracle.jdbc.driver.OracleStatement.execute(OracleStatement.java:2622)
	at oracle.jdbc.driver.OracleStatementWrapper.execute(OracleStatementWrapper.java:336)
	at com.zaxxer.hikari.pool.ProxyStatement.execute(ProxyStatement.java:94)
	at com.zaxxer.hikari.pool.HikariProxyStatement.execute(HikariProxyStatement.java)
	at org.hibernate.tool.schema.internal.exec.GenerationTargetToDatabase.accept(GenerationTargetToDatabase.java:80)
	... 42 common frames omitted
Caused by: oracle.jdbc.OracleDatabaseException: ORA-02289: sequence does not exist

	at oracle.jdbc.driver.T4CTTIoer11.processError(T4CTTIoer11.java:717)
	... 57 common frames omitted
2026-05-28 09:51:22 [restartedMain] DEBUG org.hibernate.SQL - create sequence id_seq start with 1 increment by 1
2026-05-28 09:51:22 [restartedMain] INFO  o.hibernate.orm.connections.access - HHH10001501: Connection obtained from JdbcConnectionAccess [org.hibernate.engine.jdbc.env.internal.JdbcEnvironmentInitiator$ConnectionProviderJdbcConnectionAccess@547f095c] for (non-JTA) DDL execution was not in auto-commit mode; the Connection 'local transaction' will be committed and the Connection will be set into auto-commit mode.
2026-05-28 09:51:22 [restartedMain] DEBUG org.hibernate.SQL - create table order_items (discount number(10,2), unit_price number(10,2) not null, created_at timestamp(6) not null, id number(19,0) not null, order_id number(19,0) not null, product_id number(19,0) not null, quantity number(19,0) not null, updated_at timestamp(6), created_by varchar2(50 char), product_sku varchar2(50 char) not null, updated_by varchar2(50 char), product_name varchar2(100 char) not null, notes varchar2(200 char), primary key (id))
2026-05-28 09:51:22 [restartedMain] DEBUG org.hibernate.SQL - create table orders (total_amount number(12,2) not null, created_at timestamp(6) not null, estimated_delivery timestamp(6), id number(19,0) not null, updated_at timestamp(6), user_id number(19,0) not null, order_status varchar2(20 char) not null, created_by varchar2(50 char), order_number varchar2(50 char) not null unique, updated_by varchar2(50 char), notes varchar2(500 char), shipping_address varchar2(255 char), primary key (id))
2026-05-28 09:51:22 [restartedMain] DEBUG org.hibernate.SQL - create table products (is_available number(1,0) not null check (is_available in (0,1)), price number(10,2) not null, created_at timestamp(6) not null, id number(19,0) not null, min_stock_level number(19,0), stock_quantity number(19,0) not null, updated_at timestamp(6), category varchar2(50 char), created_by varchar2(50 char), sku varchar2(50 char) not null unique, updated_by varchar2(50 char), name varchar2(100 char) not null, supplier varchar2(100 char), description varchar2(500 char), primary key (id))
2026-05-28 09:51:22 [restartedMain] DEBUG org.hibernate.SQL - create table users (is_active number(1,0) not null check (is_active in (0,1)), created_at timestamp(6) not null, id number(19,0) not null, updated_at timestamp(6), phone_number varchar2(20 char) not null, user_type varchar2(20 char), zipcode varchar2(20 char), city varchar2(50 char), created_by varchar2(50 char), first_name varchar2(50 char) not null, last_name varchar2(50 char) not null, state varchar2(50 char), updated_by varchar2(50 char), email varchar2(100 char) not null unique, address varchar2(255 char), primary key (id))
2026-05-28 09:51:22 [restartedMain] DEBUG org.hibernate.SQL - create index IDX_ORDER_ITEM_ORDER on order_items (order_id)
2026-05-28 09:51:22 [restartedMain] DEBUG org.hibernate.SQL - create index IDX_ORDER_ITEM_PRODUCT on order_items (product_id)
2026-05-28 09:51:22 [restartedMain] DEBUG org.hibernate.SQL - create index IDX_ORDER_USER on orders (user_id)
2026-05-28 09:51:22 [restartedMain] DEBUG org.hibernate.SQL - create index IDX_ORDER_STATUS on orders (order_status)
2026-05-28 09:51:22 [restartedMain] DEBUG org.hibernate.SQL - create index IDX_ORDER_CREATED_AT on orders (created_at)
2026-05-28 09:51:22 [restartedMain] DEBUG org.hibernate.SQL - create index IDX_PRODUCT_CATEGORY on products (category)
2026-05-28 09:51:22 [restartedMain] DEBUG org.hibernate.SQL - create index IDX_PRODUCT_SKU on products (sku)
2026-05-28 09:51:22 [restartedMain] WARN  o.h.t.s.i.ExceptionHandlerLoggedImpl - GenerationTarget encountered exception accepting command : Error executing DDL "create index IDX_PRODUCT_SKU on products (sku)" via JDBC [ORA-01408: such column list already indexed

https://docs.oracle.com/error-help/db/ora-01408/]
org.hibernate.tool.schema.spi.CommandAcceptanceException: Error executing DDL "create index IDX_PRODUCT_SKU on products (sku)" via JDBC [ORA-01408: such column list already indexed

https://docs.oracle.com/error-help/db/ora-01408/]
	at org.hibernate.tool.schema.internal.exec.GenerationTargetToDatabase.accept(GenerationTargetToDatabase.java:94)
	at org.hibernate.tool.schema.internal.Helper.applySqlString(Helper.java:233)
	at org.hibernate.tool.schema.internal.Helper.applySqlStrings(Helper.java:217)
	at org.hibernate.tool.schema.internal.SchemaCreatorImpl.createTableConstraints(SchemaCreatorImpl.java:390)
	at org.hibernate.tool.schema.internal.SchemaCreatorImpl.createSequencesTablesConstraints(SchemaCreatorImpl.java:356)
	at org.hibernate.tool.schema.internal.SchemaCreatorImpl.createFromMetadata(SchemaCreatorImpl.java:239)
	at org.hibernate.tool.schema.internal.SchemaCreatorImpl.performCreation(SchemaCreatorImpl.java:172)
	at org.hibernate.tool.schema.internal.SchemaCreatorImpl.doCreation(SchemaCreatorImpl.java:142)
	at org.hibernate.tool.schema.internal.SchemaCreatorImpl.doCreation(SchemaCreatorImpl.java:118)
	at org.hibernate.tool.schema.spi.SchemaManagementToolCoordinator.performDatabaseAction(SchemaManagementToolCoordinator.java:250)
	at org.hibernate.tool.schema.spi.SchemaManagementToolCoordinator.lambda$process$5(SchemaManagementToolCoordinator.java:144)
	at java.base/java.util.HashMap.forEach(HashMap.java:1429)
	at org.hibernate.tool.schema.spi.SchemaManagementToolCoordinator.process(SchemaManagementToolCoordinator.java:141)
	at org.hibernate.boot.internal.SessionFactoryObserverForSchemaExport.sessionFactoryCreated(SessionFactoryObserverForSchemaExport.java:37)
	at org.hibernate.internal.SessionFactoryObserverChain.sessionFactoryCreated(SessionFactoryObserverChain.java:35)
	at org.hibernate.internal.SessionFactoryImpl.<init>(SessionFactoryImpl.java:322)
	at org.hibernate.boot.internal.SessionFactoryBuilderImpl.build(SessionFactoryBuilderImpl.java:457)
	at org.hibernate.jpa.boot.internal.EntityManagerFactoryBuilderImpl.build(EntityManagerFactoryBuilderImpl.java:1506)
	at org.springframework.orm.jpa.vendor.SpringHibernateJpaPersistenceProvider.createContainerEntityManagerFactory(SpringHibernateJpaPersistenceProvider.java:75)
	at org.springframework.orm.jpa.LocalContainerEntityManagerFactoryBean.createNativeEntityManagerFactory(LocalContainerEntityManagerFactoryBean.java:390)
	at org.springframework.orm.jpa.AbstractEntityManagerFactoryBean.buildNativeEntityManagerFactory(AbstractEntityManagerFactoryBean.java:409)
	at org.springframework.orm.jpa.AbstractEntityManagerFactoryBean.afterPropertiesSet(AbstractEntityManagerFactoryBean.java:396)
	at org.springframework.orm.jpa.LocalContainerEntityManagerFactoryBean.afterPropertiesSet(LocalContainerEntityManagerFactoryBean.java:366)
	at org.springframework.beans.factory.support.AbstractAutowireCapableBeanFactory.invokeInitMethods(AbstractAutowireCapableBeanFactory.java:1835)
	at org.springframework.beans.factory.support.AbstractAutowireCapableBeanFactory.initializeBean(AbstractAutowireCapableBeanFactory.java:1784)
	at org.springframework.beans.factory.support.AbstractAutowireCapableBeanFactory.doCreateBean(AbstractAutowireCapableBeanFactory.java:600)
	at org.springframework.beans.factory.support.AbstractAutowireCapableBeanFactory.createBean(AbstractAutowireCapableBeanFactory.java:522)
	at org.springframework.beans.factory.support.AbstractBeanFactory.lambda$doGetBean$0(AbstractBeanFactory.java:337)
	at org.springframework.beans.factory.support.DefaultSingletonBeanRegistry.getSingleton(DefaultSingletonBeanRegistry.java:234)
	at org.springframework.beans.factory.support.AbstractBeanFactory.doGetBean(AbstractBeanFactory.java:335)
	at org.springframework.beans.factory.support.AbstractBeanFactory.getBean(AbstractBeanFactory.java:205)
	at org.springframework.context.support.AbstractApplicationContext.finishBeanFactoryInitialization(AbstractApplicationContext.java:952)
	at org.springframework.context.support.AbstractApplicationContext.refresh(AbstractApplicationContext.java:624)
	at org.springframework.boot.web.servlet.context.ServletWebServerApplicationContext.refresh(ServletWebServerApplicationContext.java:146)
	at org.springframework.boot.SpringApplication.refresh(SpringApplication.java:754)
	at org.springframework.boot.SpringApplication.refreshContext(SpringApplication.java:456)
	at org.springframework.boot.SpringApplication.run(SpringApplication.java:335)
	at org.springframework.boot.SpringApplication.run(SpringApplication.java:1363)
	at org.springframework.boot.SpringApplication.run(SpringApplication.java:1352)
	at com.apidesign.ApiDesignApplication.main(ApiDesignApplication.java:26)
	at java.base/jdk.internal.reflect.DirectMethodHandleAccessor.invoke(DirectMethodHandleAccessor.java:103)
	at java.base/java.lang.reflect.Method.invoke(Method.java:580)
	at org.springframework.boot.devtools.restart.RestartLauncher.run(RestartLauncher.java:50)
Caused by: java.sql.SQLException: ORA-01408: such column list already indexed

https://docs.oracle.com/error-help/db/ora-01408/
	at oracle.jdbc.driver.T4CTTIoer11.processError(T4CTTIoer11.java:709)
	at oracle.jdbc.driver.T4CTTIoer11.processError(T4CTTIoer11.java:609)
	at oracle.jdbc.driver.T4C8Oall.processError(T4C8Oall.java:1347)
	at oracle.jdbc.driver.T4CTTIfun.receive(T4CTTIfun.java:1101)
	at oracle.jdbc.driver.T4CTTIfun.doRPC(T4CTTIfun.java:409)
	at oracle.jdbc.driver.T4C8Oall.doOALL(T4C8Oall.java:499)
	at oracle.jdbc.driver.T4CStatement.doOall8(T4CStatement.java:190)
	at oracle.jdbc.driver.T4CStatement.executeForRows(T4CStatement.java:1384)
	at oracle.jdbc.driver.OracleStatement.executeSQLStatement(OracleStatement.java:1995)
	at oracle.jdbc.driver.OracleStatement.doExecuteWithTimeout(OracleStatement.java:1608)
	at oracle.jdbc.driver.OracleStatement.executeInternal(OracleStatement.java:2673)
	at oracle.jdbc.driver.OracleStatement.execute(OracleStatement.java:2622)
	at oracle.jdbc.driver.OracleStatementWrapper.execute(OracleStatementWrapper.java:336)
	at com.zaxxer.hikari.pool.ProxyStatement.execute(ProxyStatement.java:94)
	at com.zaxxer.hikari.pool.HikariProxyStatement.execute(HikariProxyStatement.java)
	at org.hibernate.tool.schema.internal.exec.GenerationTargetToDatabase.accept(GenerationTargetToDatabase.java:80)
	... 42 common frames omitted
Caused by: oracle.jdbc.OracleDatabaseException: ORA-01408: such column list already indexed

	at oracle.jdbc.driver.T4CTTIoer11.processError(T4CTTIoer11.java:717)
	... 57 common frames omitted
2026-05-28 09:51:22 [restartedMain] DEBUG org.hibernate.SQL - alter table if exists order_items add constraint FK_ORDER_ITEM_ORDER foreign key (order_id) references orders
2026-05-28 09:51:22 [restartedMain] DEBUG org.hibernate.SQL - alter table if exists order_items add constraint FK_ORDER_ITEM_PRODUCT foreign key (product_id) references products
2026-05-28 09:51:22 [restartedMain] DEBUG org.hibernate.SQL - alter table if exists orders add constraint FK_ORDER_USER foreign key (user_id) references users
2026-05-28 09:51:22 [restartedMain] INFO  o.s.o.j.LocalContainerEntityManagerFactoryBean - Initialized JPA EntityManagerFactory for persistence unit 'default'
2026-05-28 09:51:22 [restartedMain] INFO  o.s.d.j.r.query.QueryEnhancerFactory - Hibernate is in classpath; If applicable, HQL parser will be used.
2026-05-28 09:51:23 [restartedMain] DEBUG o.s.w.s.m.m.a.RequestMappingHandlerMapping - 24 mappings in 'requestMappingHandlerMapping'
2026-05-28 09:51:23 [restartedMain] DEBUG o.s.w.s.h.SimpleUrlHandlerMapping - Patterns [/webjars/**, /**] in 'resourceHandlerMapping'
2026-05-28 09:51:23 [restartedMain] DEBUG o.s.w.s.m.m.a.RequestMappingHandlerAdapter - ControllerAdvice beans: 0 @ModelAttribute, 0 @InitBinder, 1 RequestBodyAdvice, 1 ResponseBodyAdvice
2026-05-28 09:51:23 [restartedMain] DEBUG o.s.w.s.m.m.a.ExceptionHandlerExceptionResolver - ControllerAdvice beans: 1 @ExceptionHandler, 1 ResponseBodyAdvice
2026-05-28 09:51:23 [restartedMain] INFO  o.s.b.d.a.OptionalLiveReloadServer - LiveReload server is running on port 35729
2026-05-28 09:51:23 [restartedMain] INFO  o.s.b.w.e.tomcat.TomcatWebServer - Tomcat started on port 8080 (http) with context path '/api/v1'
2026-05-28 09:51:23 [restartedMain] INFO  com.apidesign.ApiDesignApplication - Started ApiDesignApplication in 4.167 seconds (process running for 4.413)
2026-05-28 09:54:39 [http-nio-8080-exec-1] INFO  o.a.c.c.C.[.[localhost].[/api/v1] - Initializing Spring DispatcherServlet 'dispatcherServlet'
2026-05-28 09:54:39 [http-nio-8080-exec-1] INFO  o.s.web.servlet.DispatcherServlet - Initializing Servlet 'dispatcherServlet'
2026-05-28 09:54:39 [http-nio-8080-exec-1] DEBUG o.s.web.servlet.DispatcherServlet - Detected StandardServletMultipartResolver
2026-05-28 09:54:39 [http-nio-8080-exec-1] DEBUG o.s.web.servlet.DispatcherServlet - Detected AcceptHeaderLocaleResolver
2026-05-28 09:54:39 [http-nio-8080-exec-1] DEBUG o.s.web.servlet.DispatcherServlet - Detected FixedThemeResolver
2026-05-28 09:54:39 [http-nio-8080-exec-1] DEBUG o.s.web.servlet.DispatcherServlet - Detected org.springframework.web.servlet.view.DefaultRequestToViewNameTranslator@1b448e6
2026-05-28 09:54:39 [http-nio-8080-exec-1] DEBUG o.s.web.servlet.DispatcherServlet - Detected org.springframework.web.servlet.support.SessionFlashMapManager@59dac5e5
2026-05-28 09:54:39 [http-nio-8080-exec-1] DEBUG o.s.web.servlet.DispatcherServlet - enableLoggingRequestDetails='false': request parameters and headers will be masked to prevent unsafe logging of potentially sensitive data
2026-05-28 09:54:39 [http-nio-8080-exec-1] INFO  o.s.web.servlet.DispatcherServlet - Completed initialization in 2 ms
2026-05-28 09:54:39 [http-nio-8080-exec-1] DEBUG o.s.web.servlet.DispatcherServlet - GET "/api/v1/swagger-ui.html", parameters={}
2026-05-28 09:54:39 [http-nio-8080-exec-1] DEBUG o.s.w.s.h.SimpleUrlHandlerMapping - Mapped to ResourceHttpRequestHandler [classpath [META-INF/resources/], classpath [resources/], classpath [static/], classpath [public/], ServletContext [/]]
2026-05-28 09:54:39 [http-nio-8080-exec-1] DEBUG o.s.w.s.r.ResourceHttpRequestHandler - Resource not found
2026-05-28 09:54:39 [http-nio-8080-exec-1] DEBUG o.s.w.s.m.m.a.ExceptionHandlerExceptionResolver - Using @ExceptionHandler com.apidesign.advice.GlobalExceptionHandler#handleException(Exception, WebRequest)
2026-05-28 09:54:39 [http-nio-8080-exec-1] DEBUG o.s.w.s.m.m.a.HttpEntityMethodProcessor - Using 'application/problem+json;q=0.8', given [text/html, application/xhtml+xml, image/avif, image/webp, image/apng, application/xml;q=0.9, */*;q=0.8, application/signed-exchange;v=b3;q=0.7] and supported [application/problem+json]
2026-05-28 09:54:39 [http-nio-8080-exec-1] DEBUG o.s.w.s.m.m.a.HttpEntityMethodProcessor - Writing [ProblemDetail[type='about:blank', title='Not Found', status=404, detail='No static resource swagger- (truncated)...]
2026-05-28 09:54:39 [http-nio-8080-exec-1] WARN  o.s.w.s.m.m.a.ExceptionHandlerExceptionResolver - Resolved [org.springframework.web.servlet.resource.NoResourceFoundException: No static resource swagger-ui.html.]
2026-05-28 09:54:39 [http-nio-8080-exec-1] DEBUG o.s.web.servlet.DispatcherServlet - Completed 404 NOT_FOUND
2026-05-28 09:56:16 [File Watcher] INFO  o.s.b.d.a.LocalDevToolsAutoConfiguration$RestartingClassPathChangeChangedEventListener - Restarting due to 89 class path changes (1 addition, 0 deletions, 88 modifications)
2026-05-28 09:56:16 [Thread-7] INFO  o.s.o.j.LocalContainerEntityManagerFactoryBean - Closing JPA EntityManagerFactory for persistence unit 'default'
2026-05-28 09:56:16 [Thread-7] DEBUG org.hibernate.SQL - drop table if exists order_items cascade constraints
2026-05-28 09:56:16 [Thread-7] INFO  o.hibernate.orm.connections.access - HHH10001501: Connection obtained from JdbcConnectionAccess [org.hibernate.engine.jdbc.env.internal.JdbcEnvironmentInitiator$ConnectionProviderJdbcConnectionAccess@5d0775fa] for (non-JTA) DDL execution was not in auto-commit mode; the Connection 'local transaction' will be committed and the Connection will be set into auto-commit mode.
2026-05-28 09:56:16 [Thread-7] DEBUG org.hibernate.SQL - drop table if exists orders cascade constraints
2026-05-28 09:56:16 [Thread-7] DEBUG org.hibernate.SQL - drop table if exists products cascade constraints
2026-05-28 09:56:16 [Thread-7] DEBUG org.hibernate.SQL - drop table if exists users cascade constraints
2026-05-28 09:56:16 [Thread-7] DEBUG org.hibernate.SQL - drop sequence id_seq
2026-05-28 09:56:16 [Thread-7] INFO  com.zaxxer.hikari.HikariDataSource - HikariPool-1 - Shutdown initiated...
2026-05-28 09:56:16 [Thread-7] INFO  com.zaxxer.hikari.HikariDataSource - HikariPool-1 - Shutdown completed.
2026-05-28 09:56:16 [restartedMain] INFO  com.apidesign.ApiDesignApplication - Starting ApiDesignApplication using Java 21.0.8 with PID 17980 (D:\DevZone\repository\springrepo\APIDesign\target\classes started by Cardinal in D:\DevZone\repository\springrepo\APIDesign)
2026-05-28 09:56:16 [restartedMain] DEBUG com.apidesign.ApiDesignApplication - Running with Spring Boot v3.3.0, Spring v6.1.8
2026-05-28 09:56:16 [restartedMain] INFO  com.apidesign.ApiDesignApplication - The following 1 profile is active: "local"
2026-05-28 09:56:17 [restartedMain] INFO  o.s.d.r.c.RepositoryConfigurationDelegate - Bootstrapping Spring Data JPA repositories in DEFAULT mode.
2026-05-28 09:56:17 [restartedMain] INFO  o.s.d.r.c.RepositoryConfigurationDelegate - Finished Spring Data repository scanning in 13 ms. Found 4 JPA repository interfaces.
2026-05-28 09:56:17 [restartedMain] WARN  o.s.b.w.s.c.AnnotationConfigServletWebServerApplicationContext - Exception encountered during context initialization - cancelling refresh attempt: java.lang.IllegalStateException: Error processing condition on org.springframework.boot.autoconfigure.context.PropertyPlaceholderAutoConfiguration.propertySourcesPlaceholderConfigurer
2026-05-28 09:56:17 [restartedMain] INFO  o.s.b.a.l.ConditionEvaluationReportLogger - 

Error starting ApplicationContext. To display the condition evaluation report re-run your application with 'debug' enabled.
2026-05-28 09:56:17 [restartedMain] ERROR o.s.boot.SpringApplication - Application run failed
java.lang.IllegalStateException: Error processing condition on org.springframework.boot.autoconfigure.context.PropertyPlaceholderAutoConfiguration.propertySourcesPlaceholderConfigurer
	at org.springframework.boot.autoconfigure.condition.SpringBootCondition.matches(SpringBootCondition.java:60) ~[spring-boot-autoconfigure-3.3.0.jar:3.3.0]
	at org.springframework.context.annotation.ConditionEvaluator.shouldSkip(ConditionEvaluator.java:108) ~[spring-context-6.1.8.jar:6.1.8]
	at org.springframework.context.annotation.ConfigurationClassBeanDefinitionReader.loadBeanDefinitionsForBeanMethod(ConfigurationClassBeanDefinitionReader.java:183) ~[spring-context-6.1.8.jar:6.1.8]
	at org.springframework.context.annotation.ConfigurationClassBeanDefinitionReader.loadBeanDefinitionsForConfigurationClass(ConfigurationClassBeanDefinitionReader.java:144) ~[spring-context-6.1.8.jar:6.1.8]
	at org.springframework.context.annotation.ConfigurationClassBeanDefinitionReader.loadBeanDefinitions(ConfigurationClassBeanDefinitionReader.java:120) ~[spring-context-6.1.8.jar:6.1.8]
	at org.springframework.context.annotation.ConfigurationClassPostProcessor.processConfigBeanDefinitions(ConfigurationClassPostProcessor.java:429) ~[spring-context-6.1.8.jar:6.1.8]
	at org.springframework.context.annotation.ConfigurationClassPostProcessor.postProcessBeanDefinitionRegistry(ConfigurationClassPostProcessor.java:290) ~[spring-context-6.1.8.jar:6.1.8]
	at org.springframework.context.support.PostProcessorRegistrationDelegate.invokeBeanDefinitionRegistryPostProcessors(PostProcessorRegistrationDelegate.java:349) ~[spring-context-6.1.8.jar:6.1.8]
	at org.springframework.context.support.PostProcessorRegistrationDelegate.invokeBeanFactoryPostProcessors(PostProcessorRegistrationDelegate.java:118) ~[spring-context-6.1.8.jar:6.1.8]
	at org.springframework.context.support.AbstractApplicationContext.invokeBeanFactoryPostProcessors(AbstractApplicationContext.java:788) ~[spring-context-6.1.8.jar:6.1.8]
	at org.springframework.context.support.AbstractApplicationContext.refresh(AbstractApplicationContext.java:606) ~[spring-context-6.1.8.jar:6.1.8]
	at org.springframework.boot.web.servlet.context.ServletWebServerApplicationContext.refresh(ServletWebServerApplicationContext.java:146) ~[spring-boot-3.3.0.jar:3.3.0]
	at org.springframework.boot.SpringApplication.refresh(SpringApplication.java:754) ~[spring-boot-3.3.0.jar:3.3.0]
	at org.springframework.boot.SpringApplication.refreshContext(SpringApplication.java:456) ~[spring-boot-3.3.0.jar:3.3.0]
	at org.springframework.boot.SpringApplication.run(SpringApplication.java:335) ~[spring-boot-3.3.0.jar:3.3.0]
	at org.springframework.boot.SpringApplication.run(SpringApplication.java:1363) ~[spring-boot-3.3.0.jar:3.3.0]
	at org.springframework.boot.SpringApplication.run(SpringApplication.java:1352) ~[spring-boot-3.3.0.jar:3.3.0]
	at com.apidesign.ApiDesignApplication.main(ApiDesignApplication.java:26) ~[classes/:na]
	at java.base/jdk.internal.reflect.DirectMethodHandleAccessor.invoke(DirectMethodHandleAccessor.java:103) ~[na:na]
	at java.base/java.lang.reflect.Method.invoke(Method.java:580) ~[na:na]
	at org.springframework.boot.devtools.restart.RestartLauncher.run(RestartLauncher.java:50) ~[spring-boot-devtools-3.3.0.jar:3.3.0]
Caused by: java.lang.IllegalStateException: Failed to introspect Class [com.apidesign.config.OpenApiConfig] from ClassLoader [org.springframework.boot.devtools.restart.classloader.RestartClassLoader@53385894]
	at org.springframework.util.ReflectionUtils.getDeclaredMethods(ReflectionUtils.java:483) ~[spring-core-6.1.8.jar:6.1.8]
	at org.springframework.util.ReflectionUtils.doWithMethods(ReflectionUtils.java:360) ~[spring-core-6.1.8.jar:6.1.8]
	at org.springframework.util.ReflectionUtils.getUniqueDeclaredMethods(ReflectionUtils.java:417) ~[spring-core-6.1.8.jar:6.1.8]
	at org.springframework.beans.factory.support.AbstractAutowireCapableBeanFactory.lambda$getTypeForFactoryMethod$1(AbstractAutowireCapableBeanFactory.java:750) ~[spring-beans-6.1.8.jar:6.1.8]
	at java.base/java.util.concurrent.ConcurrentHashMap.computeIfAbsent(ConcurrentHashMap.java:1708) ~[na:na]
	at org.springframework.beans.factory.support.AbstractAutowireCapableBeanFactory.getTypeForFactoryMethod(AbstractAutowireCapableBeanFactory.java:749) ~[spring-beans-6.1.8.jar:6.1.8]
	at org.springframework.beans.factory.support.AbstractAutowireCapableBeanFactory.determineTargetType(AbstractAutowireCapableBeanFactory.java:682) ~[spring-beans-6.1.8.jar:6.1.8]
	at org.springframework.beans.factory.support.AbstractAutowireCapableBeanFactory.predictBeanType(AbstractAutowireCapableBeanFactory.java:653) ~[spring-beans-6.1.8.jar:6.1.8]
	at org.springframework.beans.factory.support.AbstractBeanFactory.isFactoryBean(AbstractBeanFactory.java:1687) ~[spring-beans-6.1.8.jar:6.1.8]
	at org.springframework.beans.factory.support.DefaultListableBeanFactory.doGetBeanNamesForType(DefaultListableBeanFactory.java:562) ~[spring-beans-6.1.8.jar:6.1.8]
	at org.springframework.beans.factory.support.DefaultListableBeanFactory.getBeanNamesForType(DefaultListableBeanFactory.java:534) ~[spring-beans-6.1.8.jar:6.1.8]
	at org.springframework.boot.autoconfigure.condition.OnBeanCondition.collectBeanNamesForType(OnBeanCondition.java:247) ~[spring-boot-autoconfigure-3.3.0.jar:3.3.0]
	at org.springframework.boot.autoconfigure.condition.OnBeanCondition.getBeanNamesForType(OnBeanCondition.java:240) ~[spring-boot-autoconfigure-3.3.0.jar:3.3.0]
	at org.springframework.boot.autoconfigure.condition.OnBeanCondition.getBeanNamesForType(OnBeanCondition.java:230) ~[spring-boot-autoconfigure-3.3.0.jar:3.3.0]
	at org.springframework.boot.autoconfigure.condition.OnBeanCondition.getMatchingBeans(OnBeanCondition.java:183) ~[spring-boot-autoconfigure-3.3.0.jar:3.3.0]
	at org.springframework.boot.autoconfigure.condition.OnBeanCondition.getMatchOutcome(OnBeanCondition.java:158) ~[spring-boot-autoconfigure-3.3.0.jar:3.3.0]
	at org.springframework.boot.autoconfigure.condition.SpringBootCondition.matches(SpringBootCondition.java:47) ~[spring-boot-autoconfigure-3.3.0.jar:3.3.0]
	... 20 common frames omitted
Caused by: java.lang.NoClassDefFoundError: io/swagger/v3/oas/models/OpenAPI
	at java.base/java.lang.Class.getDeclaredMethods0(Native Method) ~[na:na]
	at java.base/java.lang.Class.privateGetDeclaredMethods(Class.java:3578) ~[na:na]
	at java.base/java.lang.Class.getDeclaredMethods(Class.java:2676) ~[na:na]
	at org.springframework.util.ReflectionUtils.getDeclaredMethods(ReflectionUtils.java:465) ~[spring-core-6.1.8.jar:6.1.8]
	... 36 common frames omitted
Caused by: java.lang.ClassNotFoundException: io.swagger.v3.oas.models.OpenAPI
	at java.base/jdk.internal.loader.BuiltinClassLoader.loadClass(BuiltinClassLoader.java:641) ~[na:na]
	at java.base/jdk.internal.loader.ClassLoaders$AppClassLoader.loadClass(ClassLoaders.java:188) ~[na:na]
	at java.base/java.lang.ClassLoader.loadClass(ClassLoader.java:526) ~[na:na]
	at java.base/java.lang.Class.forName0(Native Method) ~[na:na]
	at java.base/java.lang.Class.forName(Class.java:534) ~[na:na]
	at java.base/java.lang.Class.forName(Class.java:513) ~[na:na]
	at org.springframework.boot.devtools.restart.classloader.RestartClassLoader.loadClass(RestartClassLoader.java:121) ~[spring-boot-devtools-3.3.0.jar:3.3.0]
	at java.base/java.lang.ClassLoader.loadClass(ClassLoader.java:526) ~[na:na]
	... 40 common frames omitted
2026-05-28 09:56:23 [restartedMain] INFO  com.apidesign.ApiDesignApplication - Starting ApiDesignApplication using Java 21.0.8 with PID 17980 (D:\DevZone\repository\springrepo\APIDesign\target\classes started by Cardinal in D:\DevZone\repository\springrepo\APIDesign)
2026-05-28 09:56:23 [restartedMain] DEBUG com.apidesign.ApiDesignApplication - Running with Spring Boot v3.3.0, Spring v6.1.8
2026-05-28 09:56:23 [restartedMain] INFO  com.apidesign.ApiDesignApplication - The following 1 profile is active: "local"
2026-05-28 09:56:24 [restartedMain] INFO  o.s.d.r.c.RepositoryConfigurationDelegate - Bootstrapping Spring Data JPA repositories in DEFAULT mode.
2026-05-28 09:56:24 [restartedMain] INFO  o.s.d.r.c.RepositoryConfigurationDelegate - Finished Spring Data repository scanning in 13 ms. Found 4 JPA repository interfaces.
2026-05-28 09:56:24 [restartedMain] WARN  o.s.b.w.s.c.AnnotationConfigServletWebServerApplicationContext - Exception encountered during context initialization - cancelling refresh attempt: java.lang.IllegalStateException: Error processing condition on org.springframework.boot.autoconfigure.context.PropertyPlaceholderAutoConfiguration.propertySourcesPlaceholderConfigurer
2026-05-28 09:56:24 [restartedMain] INFO  o.s.b.a.l.ConditionEvaluationReportLogger - 

Error starting ApplicationContext. To display the condition evaluation report re-run your application with 'debug' enabled.
2026-05-28 09:56:24 [restartedMain] ERROR o.s.boot.SpringApplication - Application run failed
java.lang.IllegalStateException: Error processing condition on org.springframework.boot.autoconfigure.context.PropertyPlaceholderAutoConfiguration.propertySourcesPlaceholderConfigurer
	at org.springframework.boot.autoconfigure.condition.SpringBootCondition.matches(SpringBootCondition.java:60) ~[spring-boot-autoconfigure-3.3.0.jar:3.3.0]
	at org.springframework.context.annotation.ConditionEvaluator.shouldSkip(ConditionEvaluator.java:108) ~[spring-context-6.1.8.jar:6.1.8]
	at org.springframework.context.annotation.ConfigurationClassBeanDefinitionReader.loadBeanDefinitionsForBeanMethod(ConfigurationClassBeanDefinitionReader.java:183) ~[spring-context-6.1.8.jar:6.1.8]
	at org.springframework.context.annotation.ConfigurationClassBeanDefinitionReader.loadBeanDefinitionsForConfigurationClass(ConfigurationClassBeanDefinitionReader.java:144) ~[spring-context-6.1.8.jar:6.1.8]
	at org.springframework.context.annotation.ConfigurationClassBeanDefinitionReader.loadBeanDefinitions(ConfigurationClassBeanDefinitionReader.java:120) ~[spring-context-6.1.8.jar:6.1.8]
	at org.springframework.context.annotation.ConfigurationClassPostProcessor.processConfigBeanDefinitions(ConfigurationClassPostProcessor.java:429) ~[spring-context-6.1.8.jar:6.1.8]
	at org.springframework.context.annotation.ConfigurationClassPostProcessor.postProcessBeanDefinitionRegistry(ConfigurationClassPostProcessor.java:290) ~[spring-context-6.1.8.jar:6.1.8]
	at org.springframework.context.support.PostProcessorRegistrationDelegate.invokeBeanDefinitionRegistryPostProcessors(PostProcessorRegistrationDelegate.java:349) ~[spring-context-6.1.8.jar:6.1.8]
	at org.springframework.context.support.PostProcessorRegistrationDelegate.invokeBeanFactoryPostProcessors(PostProcessorRegistrationDelegate.java:118) ~[spring-context-6.1.8.jar:6.1.8]
	at org.springframework.context.support.AbstractApplicationContext.invokeBeanFactoryPostProcessors(AbstractApplicationContext.java:788) ~[spring-context-6.1.8.jar:6.1.8]
	at org.springframework.context.support.AbstractApplicationContext.refresh(AbstractApplicationContext.java:606) ~[spring-context-6.1.8.jar:6.1.8]
	at org.springframework.boot.web.servlet.context.ServletWebServerApplicationContext.refresh(ServletWebServerApplicationContext.java:146) ~[spring-boot-3.3.0.jar:3.3.0]
	at org.springframework.boot.SpringApplication.refresh(SpringApplication.java:754) ~[spring-boot-3.3.0.jar:3.3.0]
	at org.springframework.boot.SpringApplication.refreshContext(SpringApplication.java:456) ~[spring-boot-3.3.0.jar:3.3.0]
	at org.springframework.boot.SpringApplication.run(SpringApplication.java:335) ~[spring-boot-3.3.0.jar:3.3.0]
	at org.springframework.boot.SpringApplication.run(SpringApplication.java:1363) ~[spring-boot-3.3.0.jar:3.3.0]
	at org.springframework.boot.SpringApplication.run(SpringApplication.java:1352) ~[spring-boot-3.3.0.jar:3.3.0]
	at com.apidesign.ApiDesignApplication.main(ApiDesignApplication.java:26) ~[classes/:na]
	at java.base/jdk.internal.reflect.DirectMethodHandleAccessor.invoke(DirectMethodHandleAccessor.java:103) ~[na:na]
	at java.base/java.lang.reflect.Method.invoke(Method.java:580) ~[na:na]
	at org.springframework.boot.devtools.restart.RestartLauncher.run(RestartLauncher.java:50) ~[spring-boot-devtools-3.3.0.jar:3.3.0]
Caused by: java.lang.IllegalStateException: Failed to introspect Class [com.apidesign.config.OpenApiConfig] from ClassLoader [org.springframework.boot.devtools.restart.classloader.RestartClassLoader@6b6835ec]
	at org.springframework.util.ReflectionUtils.getDeclaredMethods(ReflectionUtils.java:483) ~[spring-core-6.1.8.jar:6.1.8]
	at org.springframework.util.ReflectionUtils.doWithMethods(ReflectionUtils.java:360) ~[spring-core-6.1.8.jar:6.1.8]
	at org.springframework.util.ReflectionUtils.getUniqueDeclaredMethods(ReflectionUtils.java:417) ~[spring-core-6.1.8.jar:6.1.8]
	at org.springframework.beans.factory.support.AbstractAutowireCapableBeanFactory.lambda$getTypeForFactoryMethod$1(AbstractAutowireCapableBeanFactory.java:750) ~[spring-beans-6.1.8.jar:6.1.8]
	at java.base/java.util.concurrent.ConcurrentHashMap.computeIfAbsent(ConcurrentHashMap.java:1740) ~[na:na]
	at org.springframework.beans.factory.support.AbstractAutowireCapableBeanFactory.getTypeForFactoryMethod(AbstractAutowireCapableBeanFactory.java:749) ~[spring-beans-6.1.8.jar:6.1.8]
	at org.springframework.beans.factory.support.AbstractAutowireCapableBeanFactory.determineTargetType(AbstractAutowireCapableBeanFactory.java:682) ~[spring-beans-6.1.8.jar:6.1.8]
	at org.springframework.beans.factory.support.AbstractAutowireCapableBeanFactory.predictBeanType(AbstractAutowireCapableBeanFactory.java:653) ~[spring-beans-6.1.8.jar:6.1.8]
	at org.springframework.beans.factory.support.AbstractBeanFactory.isFactoryBean(AbstractBeanFactory.java:1687) ~[spring-beans-6.1.8.jar:6.1.8]
	at org.springframework.beans.factory.support.DefaultListableBeanFactory.doGetBeanNamesForType(DefaultListableBeanFactory.java:562) ~[spring-beans-6.1.8.jar:6.1.8]
	at org.springframework.beans.factory.support.DefaultListableBeanFactory.getBeanNamesForType(DefaultListableBeanFactory.java:534) ~[spring-beans-6.1.8.jar:6.1.8]
	at org.springframework.boot.autoconfigure.condition.OnBeanCondition.collectBeanNamesForType(OnBeanCondition.java:247) ~[spring-boot-autoconfigure-3.3.0.jar:3.3.0]
	at org.springframework.boot.autoconfigure.condition.OnBeanCondition.getBeanNamesForType(OnBeanCondition.java:240) ~[spring-boot-autoconfigure-3.3.0.jar:3.3.0]
	at org.springframework.boot.autoconfigure.condition.OnBeanCondition.getBeanNamesForType(OnBeanCondition.java:230) ~[spring-boot-autoconfigure-3.3.0.jar:3.3.0]
	at org.springframework.boot.autoconfigure.condition.OnBeanCondition.getMatchingBeans(OnBeanCondition.java:183) ~[spring-boot-autoconfigure-3.3.0.jar:3.3.0]
	at org.springframework.boot.autoconfigure.condition.OnBeanCondition.getMatchOutcome(OnBeanCondition.java:158) ~[spring-boot-autoconfigure-3.3.0.jar:3.3.0]
	at org.springframework.boot.autoconfigure.condition.SpringBootCondition.matches(SpringBootCondition.java:47) ~[spring-boot-autoconfigure-3.3.0.jar:3.3.0]
	... 20 common frames omitted
Caused by: java.lang.NoClassDefFoundError: io/swagger/v3/oas/models/OpenAPI
	at java.base/java.lang.Class.getDeclaredMethods0(Native Method) ~[na:na]
	at java.base/java.lang.Class.privateGetDeclaredMethods(Class.java:3578) ~[na:na]
	at java.base/java.lang.Class.getDeclaredMethods(Class.java:2676) ~[na:na]
	at org.springframework.util.ReflectionUtils.getDeclaredMethods(ReflectionUtils.java:465) ~[spring-core-6.1.8.jar:6.1.8]
	... 36 common frames omitted
Caused by: java.lang.ClassNotFoundException: io.swagger.v3.oas.models.OpenAPI
	at java.base/jdk.internal.loader.BuiltinClassLoader.loadClass(BuiltinClassLoader.java:641) ~[na:na]
	at java.base/jdk.internal.loader.ClassLoaders$AppClassLoader.loadClass(ClassLoaders.java:188) ~[na:na]
	at java.base/java.lang.ClassLoader.loadClass(ClassLoader.java:526) ~[na:na]
	at java.base/java.lang.Class.forName0(Native Method) ~[na:na]
	at java.base/java.lang.Class.forName(Class.java:534) ~[na:na]
	at java.base/java.lang.Class.forName(Class.java:513) ~[na:na]
	at org.springframework.boot.devtools.restart.classloader.RestartClassLoader.loadClass(RestartClassLoader.java:121) ~[spring-boot-devtools-3.3.0.jar:3.3.0]
	at java.base/java.lang.ClassLoader.loadClass(ClassLoader.java:526) ~[na:na]
	... 40 common frames omitted
2026-05-28 09:56:33 [restartedMain] INFO  com.apidesign.ApiDesignApplication - Starting ApiDesignApplication using Java 21.0.8 with PID 17980 (D:\DevZone\repository\springrepo\APIDesign\target\classes started by Cardinal in D:\DevZone\repository\springrepo\APIDesign)
2026-05-28 09:56:33 [restartedMain] DEBUG com.apidesign.ApiDesignApplication - Running with Spring Boot v3.3.0, Spring v6.1.8
2026-05-28 09:56:33 [restartedMain] INFO  com.apidesign.ApiDesignApplication - The following 1 profile is active: "local"
2026-05-28 09:56:33 [restartedMain] INFO  o.s.d.r.c.RepositoryConfigurationDelegate - Bootstrapping Spring Data JPA repositories in DEFAULT mode.
2026-05-28 09:56:33 [restartedMain] INFO  o.s.d.r.c.RepositoryConfigurationDelegate - Finished Spring Data repository scanning in 10 ms. Found 4 JPA repository interfaces.
2026-05-28 09:56:33 [restartedMain] WARN  o.s.b.w.s.c.AnnotationConfigServletWebServerApplicationContext - Exception encountered during context initialization - cancelling refresh attempt: java.lang.IllegalStateException: Error processing condition on org.springframework.boot.autoconfigure.context.PropertyPlaceholderAutoConfiguration.propertySourcesPlaceholderConfigurer
2026-05-28 09:56:33 [restartedMain] INFO  o.s.b.a.l.ConditionEvaluationReportLogger - 

Error starting ApplicationContext. To display the condition evaluation report re-run your application with 'debug' enabled.
2026-05-28 09:56:33 [restartedMain] ERROR o.s.boot.SpringApplication - Application run failed
java.lang.IllegalStateException: Error processing condition on org.springframework.boot.autoconfigure.context.PropertyPlaceholderAutoConfiguration.propertySourcesPlaceholderConfigurer
	at org.springframework.boot.autoconfigure.condition.SpringBootCondition.matches(SpringBootCondition.java:60) ~[spring-boot-autoconfigure-3.3.0.jar:3.3.0]
	at org.springframework.context.annotation.ConditionEvaluator.shouldSkip(ConditionEvaluator.java:108) ~[spring-context-6.1.8.jar:6.1.8]
	at org.springframework.context.annotation.ConfigurationClassBeanDefinitionReader.loadBeanDefinitionsForBeanMethod(ConfigurationClassBeanDefinitionReader.java:183) ~[spring-context-6.1.8.jar:6.1.8]
	at org.springframework.context.annotation.ConfigurationClassBeanDefinitionReader.loadBeanDefinitionsForConfigurationClass(ConfigurationClassBeanDefinitionReader.java:144) ~[spring-context-6.1.8.jar:6.1.8]
	at org.springframework.context.annotation.ConfigurationClassBeanDefinitionReader.loadBeanDefinitions(ConfigurationClassBeanDefinitionReader.java:120) ~[spring-context-6.1.8.jar:6.1.8]
	at org.springframework.context.annotation.ConfigurationClassPostProcessor.processConfigBeanDefinitions(ConfigurationClassPostProcessor.java:429) ~[spring-context-6.1.8.jar:6.1.8]
	at org.springframework.context.annotation.ConfigurationClassPostProcessor.postProcessBeanDefinitionRegistry(ConfigurationClassPostProcessor.java:290) ~[spring-context-6.1.8.jar:6.1.8]
	at org.springframework.context.support.PostProcessorRegistrationDelegate.invokeBeanDefinitionRegistryPostProcessors(PostProcessorRegistrationDelegate.java:349) ~[spring-context-6.1.8.jar:6.1.8]
	at org.springframework.context.support.PostProcessorRegistrationDelegate.invokeBeanFactoryPostProcessors(PostProcessorRegistrationDelegate.java:118) ~[spring-context-6.1.8.jar:6.1.8]
	at org.springframework.context.support.AbstractApplicationContext.invokeBeanFactoryPostProcessors(AbstractApplicationContext.java:788) ~[spring-context-6.1.8.jar:6.1.8]
	at org.springframework.context.support.AbstractApplicationContext.refresh(AbstractApplicationContext.java:606) ~[spring-context-6.1.8.jar:6.1.8]
	at org.springframework.boot.web.servlet.context.ServletWebServerApplicationContext.refresh(ServletWebServerApplicationContext.java:146) ~[spring-boot-3.3.0.jar:3.3.0]
	at org.springframework.boot.SpringApplication.refresh(SpringApplication.java:754) ~[spring-boot-3.3.0.jar:3.3.0]
	at org.springframework.boot.SpringApplication.refreshContext(SpringApplication.java:456) ~[spring-boot-3.3.0.jar:3.3.0]
	at org.springframework.boot.SpringApplication.run(SpringApplication.java:335) ~[spring-boot-3.3.0.jar:3.3.0]
	at org.springframework.boot.SpringApplication.run(SpringApplication.java:1363) ~[spring-boot-3.3.0.jar:3.3.0]
	at org.springframework.boot.SpringApplication.run(SpringApplication.java:1352) ~[spring-boot-3.3.0.jar:3.3.0]
	at com.apidesign.ApiDesignApplication.main(ApiDesignApplication.java:26) ~[classes/:na]
	at java.base/jdk.internal.reflect.DirectMethodHandleAccessor.invoke(DirectMethodHandleAccessor.java:103) ~[na:na]
	at java.base/java.lang.reflect.Method.invoke(Method.java:580) ~[na:na]
	at org.springframework.boot.devtools.restart.RestartLauncher.run(RestartLauncher.java:50) ~[spring-boot-devtools-3.3.0.jar:3.3.0]
Caused by: java.lang.IllegalStateException: Failed to introspect Class [com.apidesign.config.OpenApiConfig] from ClassLoader [org.springframework.boot.devtools.restart.classloader.RestartClassLoader@6c353074]
	at org.springframework.util.ReflectionUtils.getDeclaredMethods(ReflectionUtils.java:483) ~[spring-core-6.1.8.jar:6.1.8]
	at org.springframework.util.ReflectionUtils.doWithMethods(ReflectionUtils.java:360) ~[spring-core-6.1.8.jar:6.1.8]
	at org.springframework.util.ReflectionUtils.getUniqueDeclaredMethods(ReflectionUtils.java:417) ~[spring-core-6.1.8.jar:6.1.8]
	at org.springframework.beans.factory.support.AbstractAutowireCapableBeanFactory.lambda$getTypeForFactoryMethod$1(AbstractAutowireCapableBeanFactory.java:750) ~[spring-beans-6.1.8.jar:6.1.8]
	at java.base/java.util.concurrent.ConcurrentHashMap.computeIfAbsent(ConcurrentHashMap.java:1708) ~[na:na]
	at org.springframework.beans.factory.support.AbstractAutowireCapableBeanFactory.getTypeForFactoryMethod(AbstractAutowireCapableBeanFactory.java:749) ~[spring-beans-6.1.8.jar:6.1.8]
	at org.springframework.beans.factory.support.AbstractAutowireCapableBeanFactory.determineTargetType(AbstractAutowireCapableBeanFactory.java:682) ~[spring-beans-6.1.8.jar:6.1.8]
	at org.springframework.beans.factory.support.AbstractAutowireCapableBeanFactory.predictBeanType(AbstractAutowireCapableBeanFactory.java:653) ~[spring-beans-6.1.8.jar:6.1.8]
	at org.springframework.beans.factory.support.AbstractBeanFactory.isFactoryBean(AbstractBeanFactory.java:1687) ~[spring-beans-6.1.8.jar:6.1.8]
	at org.springframework.beans.factory.support.DefaultListableBeanFactory.doGetBeanNamesForType(DefaultListableBeanFactory.java:562) ~[spring-beans-6.1.8.jar:6.1.8]
	at org.springframework.beans.factory.support.DefaultListableBeanFactory.getBeanNamesForType(DefaultListableBeanFactory.java:534) ~[spring-beans-6.1.8.jar:6.1.8]
	at org.springframework.boot.autoconfigure.condition.OnBeanCondition.collectBeanNamesForType(OnBeanCondition.java:247) ~[spring-boot-autoconfigure-3.3.0.jar:3.3.0]
	at org.springframework.boot.autoconfigure.condition.OnBeanCondition.getBeanNamesForType(OnBeanCondition.java:240) ~[spring-boot-autoconfigure-3.3.0.jar:3.3.0]
	at org.springframework.boot.autoconfigure.condition.OnBeanCondition.getBeanNamesForType(OnBeanCondition.java:230) ~[spring-boot-autoconfigure-3.3.0.jar:3.3.0]
	at org.springframework.boot.autoconfigure.condition.OnBeanCondition.getMatchingBeans(OnBeanCondition.java:183) ~[spring-boot-autoconfigure-3.3.0.jar:3.3.0]
	at org.springframework.boot.autoconfigure.condition.OnBeanCondition.getMatchOutcome(OnBeanCondition.java:158) ~[spring-boot-autoconfigure-3.3.0.jar:3.3.0]
	at org.springframework.boot.autoconfigure.condition.SpringBootCondition.matches(SpringBootCondition.java:47) ~[spring-boot-autoconfigure-3.3.0.jar:3.3.0]
	... 20 common frames omitted
Caused by: java.lang.NoClassDefFoundError: io/swagger/v3/oas/models/OpenAPI
	at java.base/java.lang.Class.getDeclaredMethods0(Native Method) ~[na:na]
	at java.base/java.lang.Class.privateGetDeclaredMethods(Class.java:3578) ~[na:na]
	at java.base/java.lang.Class.getDeclaredMethods(Class.java:2676) ~[na:na]
	at org.springframework.util.ReflectionUtils.getDeclaredMethods(ReflectionUtils.java:465) ~[spring-core-6.1.8.jar:6.1.8]
	... 36 common frames omitted
Caused by: java.lang.ClassNotFoundException: io.swagger.v3.oas.models.OpenAPI
	at java.base/jdk.internal.loader.BuiltinClassLoader.loadClass(BuiltinClassLoader.java:641) ~[na:na]
	at java.base/jdk.internal.loader.ClassLoaders$AppClassLoader.loadClass(ClassLoaders.java:188) ~[na:na]
	at java.base/java.lang.ClassLoader.loadClass(ClassLoader.java:526) ~[na:na]
	at java.base/java.lang.Class.forName0(Native Method) ~[na:na]
	at java.base/java.lang.Class.forName(Class.java:534) ~[na:na]
	at java.base/java.lang.Class.forName(Class.java:513) ~[na:na]
	at org.springframework.boot.devtools.restart.classloader.RestartClassLoader.loadClass(RestartClassLoader.java:121) ~[spring-boot-devtools-3.3.0.jar:3.3.0]
	at java.base/java.lang.ClassLoader.loadClass(ClassLoader.java:526) ~[na:na]
	... 40 common frames omitted
2026-05-28 09:56:35 [restartedMain] INFO  com.apidesign.ApiDesignApplication - Starting ApiDesignApplication using Java 21.0.8 with PID 17980 (D:\DevZone\repository\springrepo\APIDesign\target\classes started by Cardinal in D:\DevZone\repository\springrepo\APIDesign)
2026-05-28 09:56:35 [restartedMain] DEBUG com.apidesign.ApiDesignApplication - Running with Spring Boot v3.3.0, Spring v6.1.8
2026-05-28 09:56:35 [restartedMain] INFO  com.apidesign.ApiDesignApplication - The following 1 profile is active: "local"
2026-05-28 09:56:35 [restartedMain] INFO  o.s.d.r.c.RepositoryConfigurationDelegate - Bootstrapping Spring Data JPA repositories in DEFAULT mode.
2026-05-28 09:56:35 [restartedMain] INFO  o.s.d.r.c.RepositoryConfigurationDelegate - Finished Spring Data repository scanning in 18 ms. Found 4 JPA repository interfaces.
2026-05-28 09:56:35 [restartedMain] WARN  o.s.b.w.s.c.AnnotationConfigServletWebServerApplicationContext - Exception encountered during context initialization - cancelling refresh attempt: java.lang.IllegalStateException: Error processing condition on org.springframework.boot.autoconfigure.context.PropertyPlaceholderAutoConfiguration.propertySourcesPlaceholderConfigurer
2026-05-28 09:56:35 [restartedMain] INFO  o.s.b.a.l.ConditionEvaluationReportLogger - 

Error starting ApplicationContext. To display the condition evaluation report re-run your application with 'debug' enabled.
2026-05-28 09:56:35 [restartedMain] ERROR o.s.boot.SpringApplication - Application run failed
java.lang.IllegalStateException: Error processing condition on org.springframework.boot.autoconfigure.context.PropertyPlaceholderAutoConfiguration.propertySourcesPlaceholderConfigurer
	at org.springframework.boot.autoconfigure.condition.SpringBootCondition.matches(SpringBootCondition.java:60) ~[spring-boot-autoconfigure-3.3.0.jar:3.3.0]
	at org.springframework.context.annotation.ConditionEvaluator.shouldSkip(ConditionEvaluator.java:108) ~[spring-context-6.1.8.jar:6.1.8]
	at org.springframework.context.annotation.ConfigurationClassBeanDefinitionReader.loadBeanDefinitionsForBeanMethod(ConfigurationClassBeanDefinitionReader.java:183) ~[spring-context-6.1.8.jar:6.1.8]
	at org.springframework.context.annotation.ConfigurationClassBeanDefinitionReader.loadBeanDefinitionsForConfigurationClass(ConfigurationClassBeanDefinitionReader.java:144) ~[spring-context-6.1.8.jar:6.1.8]
	at org.springframework.context.annotation.ConfigurationClassBeanDefinitionReader.loadBeanDefinitions(ConfigurationClassBeanDefinitionReader.java:120) ~[spring-context-6.1.8.jar:6.1.8]
	at org.springframework.context.annotation.ConfigurationClassPostProcessor.processConfigBeanDefinitions(ConfigurationClassPostProcessor.java:429) ~[spring-context-6.1.8.jar:6.1.8]
	at org.springframework.context.annotation.ConfigurationClassPostProcessor.postProcessBeanDefinitionRegistry(ConfigurationClassPostProcessor.java:290) ~[spring-context-6.1.8.jar:6.1.8]
	at org.springframework.context.support.PostProcessorRegistrationDelegate.invokeBeanDefinitionRegistryPostProcessors(PostProcessorRegistrationDelegate.java:349) ~[spring-context-6.1.8.jar:6.1.8]
	at org.springframework.context.support.PostProcessorRegistrationDelegate.invokeBeanFactoryPostProcessors(PostProcessorRegistrationDelegate.java:118) ~[spring-context-6.1.8.jar:6.1.8]
	at org.springframework.context.support.AbstractApplicationContext.invokeBeanFactoryPostProcessors(AbstractApplicationContext.java:788) ~[spring-context-6.1.8.jar:6.1.8]
	at org.springframework.context.support.AbstractApplicationContext.refresh(AbstractApplicationContext.java:606) ~[spring-context-6.1.8.jar:6.1.8]
	at org.springframework.boot.web.servlet.context.ServletWebServerApplicationContext.refresh(ServletWebServerApplicationContext.java:146) ~[spring-boot-3.3.0.jar:3.3.0]
	at org.springframework.boot.SpringApplication.refresh(SpringApplication.java:754) ~[spring-boot-3.3.0.jar:3.3.0]
	at org.springframework.boot.SpringApplication.refreshContext(SpringApplication.java:456) ~[spring-boot-3.3.0.jar:3.3.0]
	at org.springframework.boot.SpringApplication.run(SpringApplication.java:335) ~[spring-boot-3.3.0.jar:3.3.0]
	at org.springframework.boot.SpringApplication.run(SpringApplication.java:1363) ~[spring-boot-3.3.0.jar:3.3.0]
	at org.springframework.boot.SpringApplication.run(SpringApplication.java:1352) ~[spring-boot-3.3.0.jar:3.3.0]
	at com.apidesign.ApiDesignApplication.main(ApiDesignApplication.java:26) ~[classes/:na]
	at java.base/jdk.internal.reflect.DirectMethodHandleAccessor.invoke(DirectMethodHandleAccessor.java:103) ~[na:na]
	at java.base/java.lang.reflect.Method.invoke(Method.java:580) ~[na:na]
	at org.springframework.boot.devtools.restart.RestartLauncher.run(RestartLauncher.java:50) ~[spring-boot-devtools-3.3.0.jar:3.3.0]
Caused by: java.lang.IllegalStateException: Failed to introspect Class [com.apidesign.config.OpenApiConfig] from ClassLoader [org.springframework.boot.devtools.restart.classloader.RestartClassLoader@297ee035]
	at org.springframework.util.ReflectionUtils.getDeclaredMethods(ReflectionUtils.java:483) ~[spring-core-6.1.8.jar:6.1.8]
	at org.springframework.util.ReflectionUtils.doWithMethods(ReflectionUtils.java:360) ~[spring-core-6.1.8.jar:6.1.8]
	at org.springframework.util.ReflectionUtils.getUniqueDeclaredMethods(ReflectionUtils.java:417) ~[spring-core-6.1.8.jar:6.1.8]
	at org.springframework.beans.factory.support.AbstractAutowireCapableBeanFactory.lambda$getTypeForFactoryMethod$1(AbstractAutowireCapableBeanFactory.java:750) ~[spring-beans-6.1.8.jar:6.1.8]
	at java.base/java.util.concurrent.ConcurrentHashMap.computeIfAbsent(ConcurrentHashMap.java:1740) ~[na:na]
	at org.springframework.beans.factory.support.AbstractAutowireCapableBeanFactory.getTypeForFactoryMethod(AbstractAutowireCapableBeanFactory.java:749) ~[spring-beans-6.1.8.jar:6.1.8]
	at org.springframework.beans.factory.support.AbstractAutowireCapableBeanFactory.determineTargetType(AbstractAutowireCapableBeanFactory.java:682) ~[spring-beans-6.1.8.jar:6.1.8]
	at org.springframework.beans.factory.support.AbstractAutowireCapableBeanFactory.predictBeanType(AbstractAutowireCapableBeanFactory.java:653) ~[spring-beans-6.1.8.jar:6.1.8]
	at org.springframework.beans.factory.support.AbstractBeanFactory.isFactoryBean(AbstractBeanFactory.java:1687) ~[spring-beans-6.1.8.jar:6.1.8]
	at org.springframework.beans.factory.support.DefaultListableBeanFactory.doGetBeanNamesForType(DefaultListableBeanFactory.java:562) ~[spring-beans-6.1.8.jar:6.1.8]
	at org.springframework.beans.factory.support.DefaultListableBeanFactory.getBeanNamesForType(DefaultListableBeanFactory.java:534) ~[spring-beans-6.1.8.jar:6.1.8]
	at org.springframework.boot.autoconfigure.condition.OnBeanCondition.collectBeanNamesForType(OnBeanCondition.java:247) ~[spring-boot-autoconfigure-3.3.0.jar:3.3.0]
	at org.springframework.boot.autoconfigure.condition.OnBeanCondition.getBeanNamesForType(OnBeanCondition.java:240) ~[spring-boot-autoconfigure-3.3.0.jar:3.3.0]
	at org.springframework.boot.autoconfigure.condition.OnBeanCondition.getBeanNamesForType(OnBeanCondition.java:230) ~[spring-boot-autoconfigure-3.3.0.jar:3.3.0]
	at org.springframework.boot.autoconfigure.condition.OnBeanCondition.getMatchingBeans(OnBeanCondition.java:183) ~[spring-boot-autoconfigure-3.3.0.jar:3.3.0]
	at org.springframework.boot.autoconfigure.condition.OnBeanCondition.getMatchOutcome(OnBeanCondition.java:158) ~[spring-boot-autoconfigure-3.3.0.jar:3.3.0]
	at org.springframework.boot.autoconfigure.condition.SpringBootCondition.matches(SpringBootCondition.java:47) ~[spring-boot-autoconfigure-3.3.0.jar:3.3.0]
	... 20 common frames omitted
Caused by: java.lang.NoClassDefFoundError: io/swagger/v3/oas/models/OpenAPI
	at java.base/java.lang.Class.getDeclaredMethods0(Native Method) ~[na:na]
	at java.base/java.lang.Class.privateGetDeclaredMethods(Class.java:3578) ~[na:na]
	at java.base/java.lang.Class.getDeclaredMethods(Class.java:2676) ~[na:na]
	at org.springframework.util.ReflectionUtils.getDeclaredMethods(ReflectionUtils.java:465) ~[spring-core-6.1.8.jar:6.1.8]
	... 36 common frames omitted
Caused by: java.lang.ClassNotFoundException: io.swagger.v3.oas.models.OpenAPI
	at java.base/jdk.internal.loader.BuiltinClassLoader.loadClass(BuiltinClassLoader.java:641) ~[na:na]
	at java.base/jdk.internal.loader.ClassLoaders$AppClassLoader.loadClass(ClassLoaders.java:188) ~[na:na]
	at java.base/java.lang.ClassLoader.loadClass(ClassLoader.java:526) ~[na:na]
	at java.base/java.lang.Class.forName0(Native Method) ~[na:na]
	at java.base/java.lang.Class.forName(Class.java:534) ~[na:na]
	at java.base/java.lang.Class.forName(Class.java:513) ~[na:na]
	at org.springframework.boot.devtools.restart.classloader.RestartClassLoader.loadClass(RestartClassLoader.java:121) ~[spring-boot-devtools-3.3.0.jar:3.3.0]
	at java.base/java.lang.ClassLoader.loadClass(ClassLoader.java:526) ~[na:na]
	... 40 common frames omitted
2026-05-28 09:56:43 [restartedMain] INFO  com.apidesign.ApiDesignApplication - Starting ApiDesignApplication using Java 21.0.8 with PID 17980 (D:\DevZone\repository\springrepo\APIDesign\target\classes started by Cardinal in D:\DevZone\repository\springrepo\APIDesign)
2026-05-28 09:56:43 [restartedMain] DEBUG com.apidesign.ApiDesignApplication - Running with Spring Boot v3.3.0, Spring v6.1.8
2026-05-28 09:56:43 [restartedMain] INFO  com.apidesign.ApiDesignApplication - The following 1 profile is active: "local"
2026-05-28 09:56:43 [restartedMain] INFO  o.s.d.r.c.RepositoryConfigurationDelegate - Bootstrapping Spring Data JPA repositories in DEFAULT mode.
2026-05-28 09:56:43 [restartedMain] INFO  o.s.d.r.c.RepositoryConfigurationDelegate - Finished Spring Data repository scanning in 19 ms. Found 4 JPA repository interfaces.
2026-05-28 09:56:43 [restartedMain] WARN  o.s.b.w.s.c.AnnotationConfigServletWebServerApplicationContext - Exception encountered during context initialization - cancelling refresh attempt: java.lang.IllegalStateException: Error processing condition on org.springframework.boot.autoconfigure.context.PropertyPlaceholderAutoConfiguration.propertySourcesPlaceholderConfigurer
2026-05-28 09:56:43 [restartedMain] INFO  o.s.b.a.l.ConditionEvaluationReportLogger - 

Error starting ApplicationContext. To display the condition evaluation report re-run your application with 'debug' enabled.
2026-05-28 09:56:43 [restartedMain] ERROR o.s.boot.SpringApplication - Application run failed
java.lang.IllegalStateException: Error processing condition on org.springframework.boot.autoconfigure.context.PropertyPlaceholderAutoConfiguration.propertySourcesPlaceholderConfigurer
	at org.springframework.boot.autoconfigure.condition.SpringBootCondition.matches(SpringBootCondition.java:60) ~[spring-boot-autoconfigure-3.3.0.jar:3.3.0]
	at org.springframework.context.annotation.ConditionEvaluator.shouldSkip(ConditionEvaluator.java:108) ~[spring-context-6.1.8.jar:6.1.8]
	at org.springframework.context.annotation.ConfigurationClassBeanDefinitionReader.loadBeanDefinitionsForBeanMethod(ConfigurationClassBeanDefinitionReader.java:183) ~[spring-context-6.1.8.jar:6.1.8]
	at org.springframework.context.annotation.ConfigurationClassBeanDefinitionReader.loadBeanDefinitionsForConfigurationClass(ConfigurationClassBeanDefinitionReader.java:144) ~[spring-context-6.1.8.jar:6.1.8]
	at org.springframework.context.annotation.ConfigurationClassBeanDefinitionReader.loadBeanDefinitions(ConfigurationClassBeanDefinitionReader.java:120) ~[spring-context-6.1.8.jar:6.1.8]
	at org.springframework.context.annotation.ConfigurationClassPostProcessor.processConfigBeanDefinitions(ConfigurationClassPostProcessor.java:429) ~[spring-context-6.1.8.jar:6.1.8]
	at org.springframework.context.annotation.ConfigurationClassPostProcessor.postProcessBeanDefinitionRegistry(ConfigurationClassPostProcessor.java:290) ~[spring-context-6.1.8.jar:6.1.8]
	at org.springframework.context.support.PostProcessorRegistrationDelegate.invokeBeanDefinitionRegistryPostProcessors(PostProcessorRegistrationDelegate.java:349) ~[spring-context-6.1.8.jar:6.1.8]
	at org.springframework.context.support.PostProcessorRegistrationDelegate.invokeBeanFactoryPostProcessors(PostProcessorRegistrationDelegate.java:118) ~[spring-context-6.1.8.jar:6.1.8]
	at org.springframework.context.support.AbstractApplicationContext.invokeBeanFactoryPostProcessors(AbstractApplicationContext.java:788) ~[spring-context-6.1.8.jar:6.1.8]
	at org.springframework.context.support.AbstractApplicationContext.refresh(AbstractApplicationContext.java:606) ~[spring-context-6.1.8.jar:6.1.8]
	at org.springframework.boot.web.servlet.context.ServletWebServerApplicationContext.refresh(ServletWebServerApplicationContext.java:146) ~[spring-boot-3.3.0.jar:3.3.0]
	at org.springframework.boot.SpringApplication.refresh(SpringApplication.java:754) ~[spring-boot-3.3.0.jar:3.3.0]
	at org.springframework.boot.SpringApplication.refreshContext(SpringApplication.java:456) ~[spring-boot-3.3.0.jar:3.3.0]
	at org.springframework.boot.SpringApplication.run(SpringApplication.java:335) ~[spring-boot-3.3.0.jar:3.3.0]
	at org.springframework.boot.SpringApplication.run(SpringApplication.java:1363) ~[spring-boot-3.3.0.jar:3.3.0]
	at org.springframework.boot.SpringApplication.run(SpringApplication.java:1352) ~[spring-boot-3.3.0.jar:3.3.0]
	at com.apidesign.ApiDesignApplication.main(ApiDesignApplication.java:26) ~[classes/:na]
	at java.base/jdk.internal.reflect.DirectMethodHandleAccessor.invoke(DirectMethodHandleAccessor.java:103) ~[na:na]
	at java.base/java.lang.reflect.Method.invoke(Method.java:580) ~[na:na]
	at org.springframework.boot.devtools.restart.RestartLauncher.run(RestartLauncher.java:50) ~[spring-boot-devtools-3.3.0.jar:3.3.0]
Caused by: java.lang.IllegalStateException: Failed to introspect Class [com.apidesign.config.OpenApiConfig] from ClassLoader [org.springframework.boot.devtools.restart.classloader.RestartClassLoader@7a5e3874]
	at org.springframework.util.ReflectionUtils.getDeclaredMethods(ReflectionUtils.java:483) ~[spring-core-6.1.8.jar:6.1.8]
	at org.springframework.util.ReflectionUtils.doWithMethods(ReflectionUtils.java:360) ~[spring-core-6.1.8.jar:6.1.8]
	at org.springframework.util.ReflectionUtils.getUniqueDeclaredMethods(ReflectionUtils.java:417) ~[spring-core-6.1.8.jar:6.1.8]
	at org.springframework.beans.factory.support.AbstractAutowireCapableBeanFactory.lambda$getTypeForFactoryMethod$1(AbstractAutowireCapableBeanFactory.java:750) ~[spring-beans-6.1.8.jar:6.1.8]
	at java.base/java.util.concurrent.ConcurrentHashMap.computeIfAbsent(ConcurrentHashMap.java:1708) ~[na:na]
	at org.springframework.beans.factory.support.AbstractAutowireCapableBeanFactory.getTypeForFactoryMethod(AbstractAutowireCapableBeanFactory.java:749) ~[spring-beans-6.1.8.jar:6.1.8]
	at org.springframework.beans.factory.support.AbstractAutowireCapableBeanFactory.determineTargetType(AbstractAutowireCapableBeanFactory.java:682) ~[spring-beans-6.1.8.jar:6.1.8]
	at org.springframework.beans.factory.support.AbstractAutowireCapableBeanFactory.predictBeanType(AbstractAutowireCapableBeanFactory.java:653) ~[spring-beans-6.1.8.jar:6.1.8]
	at org.springframework.beans.factory.support.AbstractBeanFactory.isFactoryBean(AbstractBeanFactory.java:1687) ~[spring-beans-6.1.8.jar:6.1.8]
	at org.springframework.beans.factory.support.DefaultListableBeanFactory.doGetBeanNamesForType(DefaultListableBeanFactory.java:562) ~[spring-beans-6.1.8.jar:6.1.8]
	at org.springframework.beans.factory.support.DefaultListableBeanFactory.getBeanNamesForType(DefaultListableBeanFactory.java:534) ~[spring-beans-6.1.8.jar:6.1.8]
	at org.springframework.boot.autoconfigure.condition.OnBeanCondition.collectBeanNamesForType(OnBeanCondition.java:247) ~[spring-boot-autoconfigure-3.3.0.jar:3.3.0]
	at org.springframework.boot.autoconfigure.condition.OnBeanCondition.getBeanNamesForType(OnBeanCondition.java:240) ~[spring-boot-autoconfigure-3.3.0.jar:3.3.0]
	at org.springframework.boot.autoconfigure.condition.OnBeanCondition.getBeanNamesForType(OnBeanCondition.java:230) ~[spring-boot-autoconfigure-3.3.0.jar:3.3.0]
	at org.springframework.boot.autoconfigure.condition.OnBeanCondition.getMatchingBeans(OnBeanCondition.java:183) ~[spring-boot-autoconfigure-3.3.0.jar:3.3.0]
	at org.springframework.boot.autoconfigure.condition.OnBeanCondition.getMatchOutcome(OnBeanCondition.java:158) ~[spring-boot-autoconfigure-3.3.0.jar:3.3.0]
	at org.springframework.boot.autoconfigure.condition.SpringBootCondition.matches(SpringBootCondition.java:47) ~[spring-boot-autoconfigure-3.3.0.jar:3.3.0]
	... 20 common frames omitted
Caused by: java.lang.NoClassDefFoundError: io/swagger/v3/oas/models/OpenAPI
	at java.base/java.lang.Class.getDeclaredMethods0(Native Method) ~[na:na]
	at java.base/java.lang.Class.privateGetDeclaredMethods(Class.java:3578) ~[na:na]
	at java.base/java.lang.Class.getDeclaredMethods(Class.java:2676) ~[na:na]
	at org.springframework.util.ReflectionUtils.getDeclaredMethods(ReflectionUtils.java:465) ~[spring-core-6.1.8.jar:6.1.8]
	... 36 common frames omitted
Caused by: java.lang.ClassNotFoundException: io.swagger.v3.oas.models.OpenAPI
	at java.base/jdk.internal.loader.BuiltinClassLoader.loadClass(BuiltinClassLoader.java:641) ~[na:na]
	at java.base/jdk.internal.loader.ClassLoaders$AppClassLoader.loadClass(ClassLoaders.java:188) ~[na:na]
	at java.base/java.lang.ClassLoader.loadClass(ClassLoader.java:526) ~[na:na]
	at java.base/java.lang.Class.forName0(Native Method) ~[na:na]
	at java.base/java.lang.Class.forName(Class.java:534) ~[na:na]
	at java.base/java.lang.Class.forName(Class.java:513) ~[na:na]
	at org.springframework.boot.devtools.restart.classloader.RestartClassLoader.loadClass(RestartClassLoader.java:121) ~[spring-boot-devtools-3.3.0.jar:3.3.0]
	at java.base/java.lang.ClassLoader.loadClass(ClassLoader.java:526) ~[na:na]
	... 40 common frames omitted
